timestamp,cell_id,throughput,latency,packet_loss_rate,prb_utilization
2026-01-01 00:00:00,0,11.405208206753104,14.538504275584433,6.343535774680728e-05,0.14101869100294395
2026-01-01 00:00:00,1,38.501799275292996,7.0986255061407135,0.0002521433617059143,0.18008510545916018
2026-01-01 00:00:00,2,38.13939182482999,11.937709803802887,0.00036265575143861254,0.47478938028282275
2026-01-01 00:00:00,3,25.203811455923457,8.89932433354605,0.0005132453897524113,0.3246680637686138
2026-01-01 00:00:01,0,51.42986896701142,11.15326472805754,0.0008976317211659421,0.34544961439336735
2026-01-01 00:00:01,1,40.22963085357183,17.7536906463599,0.0004508304739109079,0.285588140734222
2026-01-01 00:00:01,2,59.41370389426445,16.64048790583963,0.001685328187821411,0.24971807789349945
2026-01-01 00:00:01,3,60.278273035000254,12.819204290500902,0.00026565505175781614,0.3107387973742869
2026-01-01 00:00:02,0,29.08608319418306,9.599236881797609,0.00010753380067095068,0.1335057915213338
2026-01-01 00:00:02,1,23.80995327924581,9.03339441430435,0.001534633953481317,0.26346973744894936
2026-01-01 00:00:02,2,14.43879546907718,12.204284948266945,0.000807079949888275,0.36375387452030783
2026-01-01 00:00:02,3,14.926727351705747,8.268219235675433,0.0017159339071385173,0.15808250968024082
2026-01-01 00:00:03,0,12.617938551816053,11.830955891962375,0.0009369975923101544,0.2633603219413234
2026-01-01 00:00:03,1,39.997706613093925,13.066746771994884,0.00023544008744399726,0.3141005732518207
2026-01-01 00:00:03,2,17.779481811555648,13.604323856817672,0.0043452717376144525,0.5034178435654384
2026-01-01 00:00:03,3,42.10318905556971,8.691830806647733,0.00042245645873260397,0.2603915783827479
2026-01-01 00:00:04,0,35.80521533488129,15.214373688548411,0.00013446919690220343,0.2640213577980188
2026-01-01 00:00:04,1,56.45307103812659,9.53943435726913,0.00023037507179674615,0.20988870294576403
2026-01-01 00:00:04,2,60.467130418415536,13.599835048353423,0.0004452664302106853,0.27841232276392824
2026-01-01 00:00:04,3,35.80861470852788,12.8653953143076,0.0009498812904255916,0.25712607609295424
2026-01-01 00:00:05,0,45.06511890562396,12.960187804983855,0.0019523732696896745,0.30201465662691507
2026-01-01 00:00:05,1,57.2626341073885,6.858991344590311,0.00035528478064119116,0.045870741042085994
2026-01-01 00:00:05,2,37.964281892192645,10.533056579062285,0.0005473940721683148,0.3382054065618235
2026-01-01 00:00:05,3,15.782456162787858,10.515091583999157,0.000202218420404252,0.3721270485348503
2026-01-01 00:00:06,0,26.166792413897085,7.26960047563031,0.001203951883109041,0.1911995721701417
2026-01-01 00:00:06,1,129.6775200760435,14.760319198315148,0.00031905973655560097,0.3916152567898024
2026-01-01 00:00:06,2,6.379250294020826,12.771523698178303,0.0006594227220231629,0.12324678783121829
2026-01-01 00:00:06,3,17.92155364858299,19.648875460882156,0.00041064274458375876,0.5676940186525397
2026-01-01 00:00:07,0,130.72068095271763,10.660631528141403,0.002469784221469138,0.48178808777833965
2026-01-01 00:00:07,1,29.728196605475468,10.033120583184274,0.0012922936493705572,0.32866692320102525
2026-01-01 00:00:07,2,23.725402953576708,10.669940180189876,0.00039706664397169987,0.3838256823068772
2026-01-01 00:00:07,3,91.24211635866844,17.44496367234243,0.00020335670654571066,0.4726075624627656
2026-01-01 00:00:08,0,41.58936161485404,10.778274617906439,0.0009325220880205019,0.43249461585752946
2026-01-01 00:00:08,1,56.33828485911594,14.66132120061199,0.00033818253145850933,0.5670911751621274
2026-01-01 00:00:08,2,19.441456134942424,12.02352876235059,0.0003249940896660695,0.39712068086487007
2026-01-01 00:00:08,3,74.22377032645666,12.218169332231172,0.00037080290022678287,0.49969831423529704
2026-01-01 00:00:09,0,70.34263348412098,14.770627623685407,6.926334134353416e-05,0.27523100163873154
2026-01-01 00:00:09,1,49.178097137126855,10.505762859431192,0.0005920101963616842,0.26752040058456894
2026-01-01 00:00:09,2,6.266911925593942,12.793757959029904,0.0018205905662292967,0.16672061875892852
2026-01-01 00:00:09,3,114.82162226740923,13.758822483883936,0.001019277958539574,0.5138411452169938
2026-01-01 00:00:10,0,19.720569141839647,9.252418810140018,0.0001440678848272955,0.3118850470061063
2026-01-01 00:00:10,1,21.51679957093456,10.88197843473187,0.000529793983908627,0.3580339829192823
2026-01-01 00:00:10,2,36.300026868854125,10.779682268401508,0.0020997454629217093,0.45999001736947054
2026-01-01 00:00:10,3,25.987335134805427,13.830080622271492,0.0006471448693617598,0.5042633701687252
2026-01-01 00:00:11,0,49.9240917664252,8.855050891436502,0.0002560399875925138,0.22395223503551506
2026-01-01 00:00:11,1,25.30336834610565,8.514640718011265,0.0007797134677720983,0.21572760794475637
2026-01-01 00:00:11,2,35.79206432337605,17.0215935003053,0.0013163949830999437,0.494153404733982
2026-01-01 00:00:11,3,21.084411235030032,10.812025917808754,0.0002299445076942755,0.3498538705727442
2026-01-01 00:00:12,0,13.238577963461477,17.33354599576684,0.0005270876842222231,0.12918308377194124
2026-01-01 00:00:12,1,50.73736117156879,12.96714326121153,0.00014274990900101396,0.3944349758286724
2026-01-01 00:00:12,2,96.3586406879384,20.382881659237064,0.00035889828957099914,0.5716955330662091
2026-01-01 00:00:12,3,27.165087322457225,19.899734443947597,0.0009380594177287858,0.5797502151627684
2026-01-01 00:00:13,0,30.73830243980001,12.80606308438373,0.00036594083818990505,0.3681573099303463
2026-01-01 00:00:13,1,29.881433533588798,12.770385716522163,0.0004917789048833272,0.36949000021614187
2026-01-01 00:00:13,2,39.17473705153155,19.059665348756447,0.0004329211225157388,0.4421929094029873
2026-01-01 00:00:13,3,38.44092670619397,9.771170662683371,0.000298740079127984,0.2203473108036828
2026-01-01 00:00:14,0,82.28362034160126,14.808822272263892,0.00042892671241838274,0.2978220413645781
2026-01-01 00:00:14,1,33.69948883584773,11.309911404381111,0.00029865741884335564,0.44725950827400296
2026-01-01 00:00:14,2,22.931739494728635,11.60283903725575,0.00044875378625116116,0.49435485553563685
2026-01-01 00:00:14,3,28.120833313342533,10.63095567494204,3.812893702215757e-05,0.33353920529595
2026-01-01 00:00:15,0,13.009237255097839,12.177809125770212,0.0006383115304428218,0.0361125878203426
2026-01-01 00:00:15,1,49.18255360984381,11.081831859816676,0.0010549469878766524,0.2369141153867399
2026-01-01 00:00:15,2,17.993917874110732,7.628361147156252,0.0006733390109077965,0.32546053846570155
2026-01-01 00:00:15,3,39.51623823293593,13.231804540027067,0.00023370578638982342,0.5105204340404332
2026-01-01 00:00:16,0,9.669597270530739,12.958098400068781,0.0005656059871718573,0.1047111765444452
2026-01-01 00:00:16,1,61.153582774639574,14.555488244044994,0.0006903091580055165,0.39484409285330907
2026-01-01 00:00:16,2,15.692644873461528,19.922017787775623,0.0008333857787315216,0.5550742922665317
2026-01-01 00:00:16,3,112.05669506539643,17.745232516196786,0.002198073386764615,0.6198537434131549
2026-01-01 00:00:17,0,46.01365061965121,11.560009315237789,0.0026166358618076014,0.41736046765914403
2026-01-01 00:00:17,1,21.47226314900249,10.36200559710911,0.0007941187617560739,0.18396983736352263
2026-01-01 00:00:17,2,7.757265762763414,18.263475530377104,0.0005316037229938403,0.36883728309002056
2026-01-01 00:00:17,3,33.790492118357314,10.022554028447034,0.001205346515222498,0.06808323613306136
2026-01-01 00:00:18,0,13.288438373193804,12.69895795973811,0.000471444489777348,0.44821297525028914
2026-01-01 00:00:18,1,21.823834462984674,11.18229508772096,0.00021599415872247205,0.39389990610481884
2026-01-01 00:00:18,2,9.342128978528637,11.580198319960468,0.001086494955398368,0.17788830313011605
2026-01-01 00:00:18,3,36.05021542821484,10.712569857660661,8.075931128341288e-05,0.02
2026-01-01 00:00:19,0,79.6002332118137,9.99247909446025,0.00409139279028788,0.327265757008584
2026-01-01 00:00:19,1,20.644283679757837,11.759703401251727,1.6726456162703895e-05,0.1543029026155592
2026-01-01 00:00:19,2,12.534573442990894,9.821984823186437,5.3270444214681955e-05,0.05818916114091837
2026-01-01 00:00:19,3,35.05232768568717,8.088314722072111,8.838766407594028e-07,0.09371461871473871
2026-01-01 00:00:20,0,11.696646609969642,13.325301724672165,0.0005007327078149989,0.2637103555528199
2026-01-01 00:00:20,1,110.2974652023328,13.227025627400163,3.607815380951357e-05,0.4854416720252418
2026-01-01 00:00:20,2,33.13741303775839,8.53689190416261,8.931631299329984e-05,0.16389828066577586
2026-01-01 00:00:20,3,6.531147733203414,8.583737989656091,0.0005873828406717524,0.04010186717032514
2026-01-01 00:00:21,0,19.12580832525521,13.738452634211043,0.0016054393944692899,0.36398444471578684
2026-01-01 00:00:21,1,58.72077129556117,10.464812518579382,0.0002484584621991193,0.3490303097858026
2026-01-01 00:00:21,2,109.78569790443734,16.30151695372854,3.5932606387792146e-05,0.5435367542252438
2026-01-01 00:00:21,3,31.671607657382808,12.491593718535794,0.00027969935167335906,0.2728640841690052
2026-01-01 00:00:22,0,20.491476646911508,7.139509549653279,0.00016342754206234212,0.2843727426456558
2026-01-01 00:00:22,1,25.17391721635906,13.936708667203426,0.0010519163360839866,0.09724127151594765
2026-01-01 00:00:22,2,23.932007022964413,8.65472927939044,0.000940758431698146,0.20227741292844242
2026-01-01 00:00:22,3,47.380778170597445,14.226896279794689,0.0005673885672680067,0.43751005213496097
2026-01-01 00:00:23,0,9.522602150040372,8.772546761133082,0.0008993860090386221,0.2556610351127
2026-01-01 00:00:23,1,27.05609913792895,9.37809594827486,0.0002882773119497632,0.3133303881314953
2026-01-01 00:00:23,2,133.91765918399696,14.145375197241894,0.000697652376774167,0.4890236321175231
2026-01-01 00:00:23,3,36.66261175492481,19.36355589830934,0.00037048599908492844,0.6512223156571014
2026-01-01 00:00:24,0,16.58376046176615,14.367180535085957,0.0013541486766218318,0.2440393180465735
2026-01-01 00:00:24,1,34.250407224904706,10.323534685007209,0.001350433673545294,0.3277076072307997
2026-01-01 00:00:24,2,42.55464058563686,14.09018418972325,0.0006340744184790215,0.5464331897816871
2026-01-01 00:00:24,3,6.917416392490346,9.36752122666547,0.00030277653231214075,0.02
2026-01-01 00:00:25,0,36.404803661872336,7.331385184577552,0.0011018242805636983,0.14269851716617832
2026-01-01 00:00:25,1,15.234857418476555,13.184958643733708,0.00011630479232302927,0.3199328842023586
2026-01-01 00:00:25,2,107.07365626540006,13.99157963891626,0.0010147279674313455,0.4731909573410048
2026-01-01 00:00:25,3,112.74648531054412,11.747449313388525,0.0007395525539896334,0.28206315908111734
2026-01-01 00:00:26,0,40.85261839071263,10.340462987685266,0.0003357962826727328,0.28704770324248075
2026-01-01 00:00:26,1,81.47881384405098,11.018595936066115,1.5703881209337334e-05,0.3713985407953349
2026-01-01 00:00:26,2,33.34509786684505,18.077297811963113,0.0011337785797078284,0.5498696603247806
2026-01-01 00:00:26,3,20.069851487789837,15.86620396017492,0.00039919754957326055,0.6153411833898988
2026-01-01 00:00:27,0,17.43966631429907,9.010591745765874,0.00039868449207651415,0.2869349089999203
2026-01-01 00:00:27,1,40.637656365210404,8.768842931856646,0.0005785939842849083,0.11111935162133484
2026-01-01 00:00:27,2,57.46608899738216,12.350415110774401,0.0010944335968321272,0.27050780884533965
2026-01-01 00:00:27,3,54.61172228572935,8.955921697610453,0.0002537639342290737,0.2563055582045346
2026-01-01 00:00:28,0,52.76574467361558,10.222662192939445,0.00019803410293489767,0.26283727905771015
2026-01-01 00:00:28,1,30.001051876969093,10.80202023334998,0.0005358198467125208,0.33933316256476653
2026-01-01 00:00:28,2,7.933649149760543,11.605563881314012,0.0008266312041767586,0.272549138243825
2026-01-01 00:00:28,3,43.899962002299496,17.63572225281193,0.0023472854685755535,0.5127163368063552
2026-01-01 00:00:29,0,18.961652140347336,11.65450552690885,0.0008047981348759384,0.23814119367870673
2026-01-01 00:00:29,1,168.5476112929652,7.502731563281632,0.0014446242261384732,0.3082266654573553
2026-01-01 00:00:29,2,27.76489678952817,13.190472245866973,1.32518287663909e-05,0.37166641189560834
2026-01-01 00:00:29,3,11.939370810680309,8.55978912992423,0.0001973049207471524,0.09925772553002933
2026-01-01 00:00:30,0,40.49130221371379,9.620045488837587,0.0017215132599522588,0.37878092311200723
2026-01-01 00:00:30,1,45.38398015694347,10.01334667729548,0.00031310537538529706,0.436102818266655
2026-01-01 00:00:30,2,55.63409874472991,9.561665335373732,0.0008963184579188875,0.32721321380080215
2026-01-01 00:00:30,3,44.57410132596566,11.849623911683675,9.545168194851264e-05,0.46503271288319387
2026-01-01 00:00:31,0,25.784161329553513,9.9097668769054,0.0013805426912237104,0.21528754036792921
2026-01-01 00:00:31,1,27.53786827844713,17.35485450819112,0.0010933767367110405,0.4927385510654825
2026-01-01 00:00:31,2,8.54147653711158,7.755694962221828,0.0010814955375869453,0.39785515464557747
2026-01-01 00:00:31,3,49.56500676696311,14.339695801291501,0.0004742597782920406,0.5134968067559758
2026-01-01 00:00:32,0,11.914937427385176,12.244431649634986,0.0008636727907362717,0.21286994641058216
2026-01-01 00:00:32,1,24.447986089005273,8.936195778064723,0.00034028578172143575,0.2558782924159632
2026-01-01 00:00:32,2,36.281764628339836,11.419545457850251,0.00023110558277531564,0.27709163336205667
2026-01-01 00:00:32,3,28.463695596887323,10.766674006446074,0.0004980937705422077,0.32031561870849856
2026-01-01 00:00:33,0,149.6069266694372,13.194955144837241,0.0003412468344572982,0.4675954088733236
2026-01-01 00:00:33,1,19.278797362925946,8.235156531854987,3.7730544454680884e-05,0.20179575834628652
2026-01-01 00:00:33,2,25.30233174970154,7.039560083468031,0.0004780499778159111,0.4333265129248366
2026-01-01 00:00:33,3,32.328570985675015,9.782935782886291,0.0011095242125497002,0.10162255049284696
2026-01-01 00:00:34,0,15.188872772243647,15.334971228437066,0.0012876749804700306,0.2464826534720643
2026-01-01 00:00:34,1,57.477940478229996,13.079874601036094,0.0010955420624338495,0.39529423644370726
2026-01-01 00:00:34,2,11.417862313664276,10.020619608832932,0.0011209007318257072,0.3634687971169651
2026-01-01 00:00:34,3,67.98789042957826,11.81736495613754,0.0003110126127656213,0.4517950492131021
2026-01-01 00:00:35,0,30.259750898433257,10.92319405289667,7.891707065505297e-05,0.2701994967057312
2026-01-01 00:00:35,1,20.690293569609015,8.561165791985998,0.0003175257164981485,0.23619473929820498
2026-01-01 00:00:35,2,46.28479598633445,8.500702675103362,0.00022861862092823473,0.16250694698418255
2026-01-01 00:00:35,3,24.095059619301058,6.346162260372959,0.0013791823686576047,0.23850818606664004
2026-01-01 00:00:36,0,7.380680009943504,11.816713820653966,0.0009605004725678755,0.18430136528374322
2026-01-01 00:00:36,1,10.073395164873862,12.878437228577047,0.0002501827005618617,0.036099063512259236
2026-01-01 00:00:36,2,77.54014492485135,10.196653347503627,0.0004487528333031235,0.337639279752045
2026-01-01 00:00:36,3,19.457957467745068,10.229024715582547,0.0001117159717455704,0.023193680669778616
2026-01-01 00:00:37,0,52.90982345695494,16.47080247043046,0.0005272482042023641,0.3104981260078331
2026-01-01 00:00:37,1,51.84821807337645,11.266931018204625,0.002636147175512291,0.46954753377230957
2026-01-01 00:00:37,2,145.14953612045846,13.075046231643068,0.0010822409441272759,0.46817585973706033
2026-01-01 00:00:37,3,56.657489117553006,8.688924499956784,0.0005995813741360018,0.2645147648378462
2026-01-01 00:00:38,0,45.35153721718027,7.856799045296436,0.0017976706454899056,0.3181696340708207
2026-01-01 00:00:38,1,5.70060965535021,12.873675612955276,0.00045129887111914767,0.35871258852628957
2026-01-01 00:00:38,2,25.431360274172985,12.769488484731397,0.000146717822650336,0.41458803931674326
2026-01-01 00:00:38,3,31.354087248573908,10.433720548515405,0.00021446963203409881,0.40054862362651267
2026-01-01 00:00:39,0,25.166128508943604,13.506525410739334,0.0003865298236371299,0.279242247791514
2026-01-01 00:00:39,1,33.315021990275675,10.696624213679666,0.00040620198679610546,0.2722297402360218
2026-01-01 00:00:39,2,71.83254505800029,22.67539824702947,0.0001250209454667867,0.5769275331116526
2026-01-01 00:00:39,3,5.0,8.105291576133586,0.0005143187139614823,0.18765141180185427
2026-01-01 00:00:40,0,131.17678106079816,19.186919197359614,0.0014207975538574884,0.1911185047664541
2026-01-01 00:00:40,1,32.208820578983314,14.99943867503534,0.0009514432121795537,0.31458532672546957
2026-01-01 00:00:40,2,78.25787436199373,14.766032616861077,0.0019055829945281695,0.4531534431317775
2026-01-01 00:00:40,3,6.1682198068517655,9.9076994763635,4.733841894629146e-05,0.14570455447241232
2026-01-01 00:00:41,0,25.228567271945515,11.037746633038788,0.0003511951022193001,0.07309093616968224
2026-01-01 00:00:41,1,34.02488642847585,10.236538894394698,0.00020650537147957722,0.31114570599052466
2026-01-01 00:00:41,2,22.075641824534955,9.843470575270583,0.0001385402925360848,0.2547714410018143
2026-01-01 00:00:41,3,56.722719306841896,21.919389892617993,0.0008124660695631788,0.6863952708730012
2026-01-01 00:00:42,0,20.5281120050923,9.605777370895598,0.0026830846002279165,0.11116927216693959
2026-01-01 00:00:42,1,34.307262266764276,10.754325262584846,0.0015110477282111654,0.06346573790385325
2026-01-01 00:00:42,2,16.031697027237716,13.396275058920358,0.0007811896086036505,0.20013856845394723
2026-01-01 00:00:42,3,16.53425354593422,9.969228031352968,0.00014498736935166239,0.16846043466496194
2026-01-01 00:00:43,0,17.799360535675593,10.025861077648168,0.00029817654211380826,0.1837084953875225
2026-01-01 00:00:43,1,22.062602567543564,8.042188604091915,0.00039303310466618733,0.2854712704759468
2026-01-01 00:00:43,2,10.25750487254012,6.2106139080186535,0.0008842953772371576,0.1366849384826165
2026-01-01 00:00:43,3,14.795770435696621,10.076280409513888,0.0007743177262338873,0.07200809984105763
2026-01-01 00:00:44,0,30.870536759333888,11.251019602116708,0.0003693772904636677,0.31185550276850854
2026-01-01 00:00:44,1,60.0613371561697,10.773161073360388,0.0003177890474844175,0.18761413982410338
2026-01-01 00:00:44,2,47.49641837852866,10.83022479473739,2.297500470480753e-05,0.41508230113601907
2026-01-01 00:00:44,3,32.39392366662009,10.466079604220159,0.0006374545120277151,0.24469338149087477
2026-01-01 00:00:45,0,35.44566958392314,10.221086132329944,0.0009149159235765721,0.2620359171628546
2026-01-01 00:00:45,1,29.97670063891713,4.609195058112491,0.00028613821316309245,0.034494307712612755
2026-01-01 00:00:45,2,20.64736521574404,12.614393771575394,0.001188044771324956,0.18623636864595516
2026-01-01 00:00:45,3,37.047362480836625,15.49840340864425,0.000339681027897831,0.30141310637130236
2026-01-01 00:00:46,0,25.666898146890937,7.84589216690518,0.0006921603448640668,0.15413915474482368
2026-01-01 00:00:46,1,22.50439530502403,9.20039060133298,0.00030507054809986606,0.149982145181072
2026-01-01 00:00:46,2,34.69482799625768,11.55888750759576,0.00046611582195582477,0.386216546459664
2026-01-01 00:00:46,3,28.76111366610647,14.619443651881474,4.13078596827463e-06,0.40540387085492785
2026-01-01 00:00:47,0,91.5488821630806,9.988045147116596,6.699251035647558e-05,0.14073192883219984
2026-01-01 00:00:47,1,22.759608605395453,14.350939588679793,0.0003531441614587635,0.5131053930094175
2026-01-01 00:00:47,2,110.9870043281966,10.362025216946465,0.0015609533524506359,0.25267786778893225
2026-01-01 00:00:47,3,28.288023072206514,9.892599654004673,0.0002896037693240626,0.26802939924785096
2026-01-01 00:00:48,0,71.87384782519612,9.476021166852028,0.0005976262530353801,0.16078833983587054
2026-01-01 00:00:48,1,17.95590707552785,10.29969833317787,0.001004136838923583,0.20779905093406897
2026-01-01 00:00:48,2,32.27706074618203,13.664832732016812,0.0022953056119575784,0.23194009758488857
2026-01-01 00:00:48,3,17.423573141311774,14.030825199539896,0.002422335720984639,0.24918914538448012
2026-01-01 00:00:49,0,45.622675401302274,9.69178029823461,0.0006946862106007213,0.37723195150990074
2026-01-01 00:00:49,1,57.89348635132199,13.693321235201946,0.0009464409179096063,0.36456112908354005
2026-01-01 00:00:49,2,37.57840210744304,11.200265294605648,0.00027685493290745695,0.5502572945644173
2026-01-01 00:00:49,3,31.584086474956,13.9597864102671,0.0002945914604969385,0.3960801927468233
2026-01-01 00:00:50,0,8.278940662454497,11.406663934701442,0.00024029641060779,0.21121681950387272
2026-01-01 00:00:50,1,6.871276943138393,10.600802613271512,0.0008800329192464084,0.15070413017272227
2026-01-01 00:00:50,2,21.592446787110447,10.063279088868798,0.0004004415509525572,0.10734019743767077
2026-01-01 00:00:50,3,97.99447106640572,9.381223326039665,0.00027589062770840526,0.374513099776043
2026-01-01 00:00:51,0,19.524117727560387,11.47514601799177,0.0003364966945772132,0.4366448528481596
2026-01-01 00:00:51,1,27.048279640797517,10.27998242715564,0.0011618361317901785,0.21799585518771786
2026-01-01 00:00:51,2,35.920964638172734,9.379248551021112,0.0016816831848453955,0.26617711545719386
2026-01-01 00:00:51,3,19.24955350136446,8.579037011728595,0.000771813643016277,0.3951442117341439
2026-01-01 00:00:52,0,35.86418178816535,7.33356525291809,0.0003415149858142016,0.2906925726486936
2026-01-01 00:00:52,1,14.500515385895831,5.261203888234251,0.0006680036109913815,0.22184583018662252
2026-01-01 00:00:52,2,52.97838691261906,9.017902600885954,0.0013909154965575593,0.13707336550639165
2026-01-01 00:00:52,3,17.47897074525034,9.28647170220452,0.0006385127854682943,0.1932857532052025
2026-01-01 00:00:53,0,14.64309035257284,10.982178241731468,0.00176932057148391,0.38498857803652586
2026-01-01 00:00:53,1,72.30158462066096,12.751126280636486,0.0004849511820430087,0.45346194039427573
2026-01-01 00:00:53,2,17.423059295562897,13.37265597945882,0.0012290340630133879,0.3657452035744585
2026-01-01 00:00:53,3,28.534304561485783,13.68190172278143,0.0004758444686232399,0.5681205953303335
2026-01-01 00:00:54,0,20.717414822447065,15.19832434719665,0.002221678655342565,0.43523496196425354
2026-01-01 00:00:54,1,20.250792846930167,9.984431488619007,0.0004176326365103397,0.2706561110849937
2026-01-01 00:00:54,2,100.95831024716185,9.568365952088332,0.00022123609664683106,0.2893474217239788
2026-01-01 00:00:54,3,34.450756348691186,10.148571216851506,8.111657707711987e-05,0.2946970513783922
2026-01-01 00:00:55,0,52.32929594068252,13.434571388305432,0.0010438355134866689,0.35787646455506367
2026-01-01 00:00:55,1,29.475453265270538,10.71049819130454,0.00035498919735390215,0.41847557228435334
2026-01-01 00:00:55,2,85.35653922117706,9.653303684113448,8.738145528062983e-05,0.1474232600977386
2026-01-01 00:00:55,3,61.6929486489717,16.209166312509172,0.0006676053510279591,0.5409551936828144
2026-01-01 00:00:56,0,37.937045689893615,11.770383025630991,0.0005778621513133467,0.282548771954082
2026-01-01 00:00:56,1,66.53488236869255,7.927336853776586,7.208317955893778e-05,0.3171826593689697
2026-01-01 00:00:56,2,61.47589212972814,11.774465252073727,0.0009058867695534007,0.4287283477164142
2026-01-01 00:00:56,3,12.154814241191726,13.006569418084649,0.001887423347955333,0.4159703503237524
2026-01-01 00:00:57,0,35.16107270590358,10.602499413454952,7.034889011331855e-05,0.3406577384908926
2026-01-01 00:00:57,1,11.158645900547647,9.31940871377458,0.0007234625824903787,0.12292169018712201
2026-01-01 00:00:57,2,54.868883495912776,16.356603647687194,0.0010499921981753006,0.1761766239191758
2026-01-01 00:00:57,3,53.55424718419175,11.75660424597126,0.0007955986924887293,0.24522549248484074
2026-01-01 00:00:58,0,13.24120359710339,10.405850747648088,0.000907574904826382,0.022554422094521354
2026-01-01 00:00:58,1,59.35166089834625,13.75486895743354,0.0006586920869625225,0.4922695467097596
2026-01-01 00:00:58,2,48.891813772300615,9.774846880321418,0.00021318116401261835,0.30153878818499485
2026-01-01 00:00:58,3,56.48978329118439,9.46816401341196,0.0008983141700469479,0.17567957129701492
2026-01-01 00:00:59,0,44.39231925683117,12.023025973804845,0.0004689898838609917,0.3442786216405929
2026-01-01 00:00:59,1,79.05715296768648,11.956760062022664,0.0004530829745143981,0.4927704654450345
2026-01-01 00:00:59,2,55.71336195400331,12.356450784602776,0.0015111364416337245,0.5329378634063275
2026-01-01 00:00:59,3,64.90055879831094,14.86592017924641,0.0005471280323285562,0.189496910888722
2026-01-01 00:01:00,0,38.92894729293913,10.984145157069726,9.314534594942025e-05,0.24217475819122092
2026-01-01 00:01:00,1,13.017270990134746,10.97654158675563,8.002225772640356e-05,0.10642039894427864
2026-01-01 00:01:00,2,14.58461060906066,9.75257069561757,0.00014799103884552682,0.16957842104807058
2026-01-01 00:01:00,3,31.31080345207354,9.519465089263335,0.0023582223550107297,0.3238916233260627
2026-01-01 00:01:01,0,46.79857875008558,10.076053872153569,0.00015225739765472384,0.17118720492051193
2026-01-01 00:01:01,1,10.447544281374523,9.067041428661586,0.0003226046868266802,0.159243692680077
2026-01-01 00:01:01,2,125.08115213046712,9.687591786339306,0.0008250839274916653,0.21858077922131094
2026-01-01 00:01:01,3,30.64402260515697,8.59697934600451,0.0008718377252937277,0.26752828308018434
2026-01-01 00:01:02,0,8.670151037188084,6.950768865325465,0.0017492609104882164,0.09085490332990545
2026-01-01 00:01:02,1,12.861659916960853,9.485450030307158,0.0014343505636659427,0.16566298746446065
2026-01-01 00:01:02,2,56.13368745346741,12.57285033691319,0.0030894886418220556,0.4530117611113233
2026-01-01 00:01:02,3,45.427148983609996,8.746644551936093,0.00030003930072142405,0.11062746156854011
2026-01-01 00:01:03,0,31.808496749748745,13.344429973284548,0.0006020581883223791,0.07720778227795758
2026-01-01 00:01:03,1,28.659757087125943,11.947080355812147,0.002436052963932062,0.38157694537034853
2026-01-01 00:01:03,2,5.0,7.861347333230699,0.00046647241328730076,0.21574241029570654
2026-01-01 00:01:03,3,49.22672895117737,18.06751890466764,0.0010003177864908116,0.450934196756384
2026-01-01 00:01:04,0,40.94339046633783,12.499764750628573,0.00023147610454167433,0.23921502013784532
2026-01-01 00:01:04,1,57.21217783721953,9.227028577144033,3.708786074451274e-05,0.2113906260756564
2026-01-01 00:01:04,2,70.32744484604399,14.450937271321317,0.0007836309793934915,0.3330261071748376
2026-01-01 00:01:04,3,14.210313937186458,12.375162896383562,0.0008211579389499708,0.04868245044920653
2026-01-01 00:01:05,0,32.394548352848425,10.064909497155085,0.0015630497984275285,0.2008919246662618
2026-01-01 00:01:05,1,119.65626753612044,17.126171965352988,4.247954621794312e-05,0.5508763638576419
2026-01-01 00:01:05,2,33.9316940082752,8.516460414023388,0.0007856419201507824,0.48680279937970544
2026-01-01 00:01:05,3,24.995398107451944,17.502972262465928,0.000756031704551705,0.32075986584216554
2026-01-01 00:01:06,0,12.207854681583031,13.624219365280203,0.0003951168662104717,0.34069465090068374
2026-01-01 00:01:06,1,62.542814534768056,17.855168920251153,0.0021008519548573134,0.2799338511721008
2026-01-01 00:01:06,2,9.711505029558804,12.951235452379253,0.0009509290641614252,0.543732641031479
2026-01-01 00:01:06,3,14.541672757007126,10.512989217204892,0.0014956897775273794,0.04122737165308621
2026-01-01 00:01:07,0,134.99667178417528,9.453126858227858,0.000623556519958327,0.3066746698641679
2026-01-01 00:01:07,1,15.438544797791414,7.61605749966028,2.2285802499970804e-05,0.18789573263021275
2026-01-01 00:01:07,2,55.710495003618384,12.708206670555525,0.0021164817611653594,0.2720906812685577
2026-01-01 00:01:07,3,25.86435882334647,14.490839815977939,0.001109271627535763,0.5202550100602322
2026-01-01 00:01:08,0,32.31285200294051,8.454765996301322,0.0003825622522323502,0.3368237409657948
2026-01-01 00:01:08,1,20.818066004659663,14.946169105035132,0.0028749067488158596,0.16245020240383648
2026-01-01 00:01:08,2,108.2828159188025,11.818227382287674,0.0007563597701290361,0.2836822554509951
2026-01-01 00:01:08,3,37.39058896933235,11.901496021888049,8.712714720651704e-05,0.37359164655714155
2026-01-01 00:01:09,0,14.663923597526763,9.876702000586361,0.00043056949399039417,0.02
2026-01-01 00:01:09,1,44.975087078374,11.326375207086755,5.069758279092496e-05,0.3344769876667244
2026-01-01 00:01:09,2,37.99839448666196,15.425895206289118,0.0007559507932913945,0.37964934128840927
2026-01-01 00:01:09,3,61.456811244363664,12.328780540569577,0.00030276199074869784,0.4163213782422045
2026-01-01 00:01:10,0,24.738420161178002,22.40504130137026,0.00041755927492907356,0.165213365419544
2026-01-01 00:01:10,1,55.61495162598876,8.903445378373977,0.0006138892406079249,0.2855253835199848
2026-01-01 00:01:10,2,30.95936483112844,13.256020894518691,0.00034625979177146634,0.4505856832543955
2026-01-01 00:01:10,3,23.709459574691202,10.553074499935766,0.00040763222025832645,0.06435825762605885
2026-01-01 00:01:11,0,118.20651157113508,10.179204011358053,0.001374454491055968,0.14933890760894022
2026-01-01 00:01:11,1,95.4253605264384,13.170224587913488,0.0008353329389241727,0.4092056732280811
2026-01-01 00:01:11,2,42.33158972769201,16.650604524147006,0.001617828025282934,0.3130548781029101
2026-01-01 00:01:11,3,13.02206518742558,15.640341148069806,0.0003162626862369212,0.5392351882497995
2026-01-01 00:01:12,0,22.526514707691543,10.319006434659796,0.0005967368902716326,0.11974209301743023
2026-01-01 00:01:12,1,37.16065870203253,13.54828846757619,0.0002562308609419779,0.3714188738520964
2026-01-01 00:01:12,2,22.382397691852596,11.550034101336099,0.00047569179500201315,0.1017809181548063
2026-01-01 00:01:12,3,87.63176989436423,13.446117332705336,0.0013637958914058752,0.46608311938855446
2026-01-01 00:01:13,0,16.310498538728847,14.551657736218772,0.000604614680031378,0.22221600691818924
2026-01-01 00:01:13,1,48.323659829497515,8.097470969794815,0.0029260076568703923,0.02
2026-01-01 00:01:13,2,20.935023327875967,9.641760065424851,0.0001981263142106811,0.1335132873069431
2026-01-01 00:01:13,3,88.94604995684179,10.971843470022055,0.0005299306496966937,0.320679876078759
2026-01-01 00:01:14,0,71.64671385881842,10.354356645833795,0.0010226447729927593,0.26013567653725517
2026-01-01 00:01:14,1,10.482848560120997,7.689351002768406,0.001580163110538865,0.34848779073521946
2026-01-01 00:01:14,2,37.47267619053108,7.312867935221341,0.0013850416768703955,0.1931193946318356
2026-01-01 00:01:14,3,6.27402830863745,12.282089746244447,0.0015102430323608062,0.43479205226220974
2026-01-01 00:01:15,0,42.372611153138884,10.782204334676969,0.00034239879667446175,0.4138036449436088
2026-01-01 00:01:15,1,32.62990575927431,10.735537701321762,0.0003738651813152627,0.46089449370108015
2026-01-01 00:01:15,2,32.496641692052755,11.616648675918594,0.00046540508597553605,0.2792786823845235
2026-01-01 00:01:15,3,15.343024098956988,19.219015277672025,0.00018079340532999033,0.6142967944227287
2026-01-01 00:01:16,0,9.220569511189419,11.838521923351042,0.0021362236958529274,0.13724161434423998
2026-01-01 00:01:16,1,11.072522241052896,8.729521892470535,0.0006496320184718933,0.24995294307147287
2026-01-01 00:01:16,2,50.15257974716901,9.997851963185926,0.0011304132764985095,0.14419538411413288
2026-01-01 00:01:16,3,16.431518498177088,11.08544704363447,4.9301099048382155e-05,0.250479662691998
2026-01-01 00:01:17,0,24.319629866711864,9.901865615755685,0.002816554425633284,0.32934117358496107
2026-01-01 00:01:17,1,35.570458338436715,7.798149248251571,0.00018002727096875793,0.10082192151178176
2026-01-01 00:01:17,2,29.977109157468394,17.114851152206565,6.96243587377452e-06,0.1697977302418936
2026-01-01 00:01:17,3,28.10450662303159,7.530816536701722,0.0005262737349752402,0.17067659503706417
2026-01-01 00:01:18,0,21.55446030616891,12.823992644291597,0.0009566058130256224,0.4740419750580794
2026-01-01 00:01:18,1,63.686350967679836,8.333397019196385,0.00023533792337342765,0.2974480209608204
2026-01-01 00:01:18,2,65.0642756996177,15.459030215557618,0.0003227944362120939,0.255022527343118
2026-01-01 00:01:18,3,31.113590486425004,13.109787764334321,7.659471557350355e-05,0.30866572885604443
2026-01-01 00:01:19,0,45.35050914319631,9.78072333505929,0.000856919474315138,0.21529237337644955
2026-01-01 00:01:19,1,7.385500782415014,7.148028302900611,0.00016699559476179827,0.0958285802475848
2026-01-01 00:01:19,2,53.050050615558995,12.362619769981954,0.0007574270904129222,0.4497393699591088
2026-01-01 00:01:19,3,31.546485188146374,11.083038993353334,0.00039381226664239664,0.4462927962215641
2026-01-01 00:01:20,0,14.904179729002946,11.123456002031594,0.0003940011042660301,0.2726551721451635
2026-01-01 00:01:20,1,32.25087242716121,15.603124506316547,0.00038431645422531936,0.4726578770179391
2026-01-01 00:01:20,2,6.965269482030127,9.265189111432917,0.0005699147093639041,0.20930182017161858
2026-01-01 00:01:20,3,17.99490040541372,12.5870237239889,0.000293676207223221,0.4532042654964389
2026-01-01 00:01:21,0,68.4370638848113,17.281932313089253,0.0010487310365657762,0.40444680302739283
2026-01-01 00:01:21,1,45.2032024363886,19.77509284359494,0.00032581235939756247,0.5245158556539025
2026-01-01 00:01:21,2,59.70374753136736,18.735013398331485,0.00034821363297304745,0.3544536967122601
2026-01-01 00:01:21,3,14.391746878683927,11.424769087066045,0.00012071996082773098,0.2748761660627954
2026-01-01 00:01:22,0,30.42232267268937,14.700095359758567,0.0011344582370968895,0.237046064525616
2026-01-01 00:01:22,1,15.878211682892186,9.392058158161337,0.00024677396288062456,0.137741095657415
2026-01-01 00:01:22,2,24.38708110946423,10.464799791487245,0.0006471933533282631,0.2700303910182258
2026-01-01 00:01:22,3,29.273686379491785,10.611180091473775,0.002066299581991706,0.4311657975546494
2026-01-01 00:01:23,0,12.526043424193805,10.04431562664779,0.0012535425948355442,0.30529828801682307
2026-01-01 00:01:23,1,25.936496437400855,9.88534701145845,0.00010546348991770026,0.30200274733691684
2026-01-01 00:01:23,2,7.534056914452718,9.459866470310981,8.87908151793232e-06,0.18111041760628716
2026-01-01 00:01:23,3,16.606166607306722,11.401507144935234,0.0009945223008153744,0.18593615612503228
2026-01-01 00:01:24,0,22.539382829863023,9.542075601533288,0.0004360160932954178,0.08532343128309171
2026-01-01 00:01:24,1,46.81928997344611,10.472779963374231,0.00018962338956344317,0.30306110591679514
2026-01-01 00:01:24,2,20.534553588525235,13.136104170866258,0.00017102753138727435,0.4933422578354928
2026-01-01 00:01:24,3,27.675556427595737,8.875067164158603,0.00040574652576069736,0.28731573384974907
2026-01-01 00:01:25,0,24.97223320074456,19.285736971981315,0.0012470792872323097,0.5053192837508247
2026-01-01 00:01:25,1,30.586218122522208,15.354491175139614,0.0005568718698990014,0.46124378843182
2026-01-01 00:01:25,2,19.20745587910035,12.215097664472461,0.0014727985707055037,0.2564302196126114
2026-01-01 00:01:25,3,47.23652615669601,9.806611245261497,0.0003984698004507397,0.1804356507198174
2026-01-01 00:01:26,0,88.99603810953202,15.052805956026354,5.541669811749113e-05,0.4366266777124798
2026-01-01 00:01:26,1,43.35346480964853,11.502367538546817,0.00020570956349704597,0.3191346755184351
2026-01-01 00:01:26,2,44.183896165219664,11.404667067841038,9.239528289484133e-06,0.315756538603598
2026-01-01 00:01:26,3,58.06459475205495,14.522805820562025,0.0012543747106355757,0.448557779500243
2026-01-01 00:01:27,0,48.100009009334975,12.965718647123364,0.00037277259138006704,0.17001018798185527
2026-01-01 00:01:27,1,19.02047321663266,14.111268852933595,6.648925637284382e-05,0.24638931058902436
2026-01-01 00:01:27,2,19.567759815838528,11.56642208358565,0.0005955845278278981,0.20887658525654612
2026-01-01 00:01:27,3,29.111903508415697,11.108477738957491,0.0002196072362925635,0.1793367666199201
2026-01-01 00:01:28,0,17.749400055865337,9.139283562621687,0.00034790870650111376,0.17545451299176307
2026-01-01 00:01:28,1,15.734795089900372,12.972059968094527,7.332017082104021e-05,0.1465019648873625
2026-01-01 00:01:28,2,27.53312861028928,13.219482739763086,0.0008352352170641632,0.427801099955562
2026-01-01 00:01:28,3,26.560869636134036,17.16716386378423,0.00015839724564551167,0.38407318876199903
2026-01-01 00:01:29,0,119.43353530380972,10.60980528799897,0.0006913450217092763,0.17028970877862737
2026-01-01 00:01:29,1,21.63700165263512,9.04388628227719,5.2323173053003175e-05,0.05423724590769856
2026-01-01 00:01:29,2,79.14801046589439,11.799579320913661,0.000837439186514853,0.4023099115602681
2026-01-01 00:01:29,3,51.7540348820591,13.080394864183447,0.00017185337948449938,0.462042276474819
2026-01-01 00:01:30,0,27.08329467956144,10.190595102476548,0.0005677147135004984,0.3095351462674715
2026-01-01 00:01:30,1,82.30772935418457,8.46541428041263,0.0006373845556378429,0.1898396627705343
2026-01-01 00:01:30,2,34.03531559844273,9.70616906548433,2.9095305088800247e-05,0.38969604597313295
2026-01-01 00:01:30,3,80.18431024955505,16.050408685006868,0.00018108538800826318,0.6137082984094644
2026-01-01 00:01:31,0,25.96489604023104,9.326085797879953,0.006187278876945146,0.2119733590150579
2026-01-01 00:01:31,1,52.28398045726433,14.77350390079209,0.00013381253112229363,0.3546812213710382
2026-01-01 00:01:31,2,63.19523055879066,11.648573367048098,0.0002553571873327214,0.4600843592118551
2026-01-01 00:01:31,3,16.159042764108182,13.753045496277187,5.995638531522829e-05,0.5547902355848046
2026-01-01 00:01:32,0,26.887431971184487,9.93577919863743,0.0004743896583233945,0.2540299401028527
2026-01-01 00:01:32,1,16.50574710827684,12.701850709178593,8.743525384602113e-05,0.2844140291872008
2026-01-01 00:01:32,2,54.46504570440831,17.518065926076318,0.0008717577146473309,0.6109909664907086
2026-01-01 00:01:32,3,25.435747556379198,10.824727220452118,0.002242734537831556,0.38752789738603355
2026-01-01 00:01:33,0,13.697430771359684,10.999041803458868,0.0014845174139893897,0.2465157353387005
2026-01-01 00:01:33,1,40.13034665865243,11.908338852785368,0.001865244350729228,0.4357502132093438
2026-01-01 00:01:33,2,28.904292879044007,12.870380158153914,0.0009224556235419104,0.22091470050297685
2026-01-01 00:01:33,3,15.143560922841708,10.207951846487486,0.0007004298692568274,0.21216312709740837
2026-01-01 00:01:34,0,21.45109518470569,19.733699268390964,0.00040854408990511346,0.3018973771602215
2026-01-01 00:01:34,1,37.95573222783408,14.228287831151874,0.0008984910771528654,0.40612935153391905
2026-01-01 00:01:34,2,37.20298112256088,10.798049409115904,0.000319308381758942,0.3006866121733941
2026-01-01 00:01:34,3,43.47270767794131,15.356959328683267,0.0019357271764319883,0.2334190488852282
2026-01-01 00:01:35,0,24.57171315166317,10.843898552979724,0.000838837004536484,0.37528398642205923
2026-01-01 00:01:35,1,34.46399154055735,11.624344242639348,9.057295958435622e-05,0.48571435324498236
2026-01-01 00:01:35,2,84.33678568480164,7.959493068242514,0.0003876937568044585,0.27002896812019755
2026-01-01 00:01:35,3,12.904647798015354,13.28753794812927,0.0017617027200883552,0.24985383199338324
2026-01-01 00:01:36,0,63.32235406703642,11.64400254295575,0.0027313188286490855,0.5199333737590819
2026-01-01 00:01:36,1,63.310749020146446,11.195184672884027,0.0001122385801835756,0.29117334541551354
2026-01-01 00:01:36,2,19.142514811916634,9.30967842274612,0.0022915941867514967,0.3344563757661095
2026-01-01 00:01:36,3,27.277289096996146,12.760787461819145,0.004446220541536478,0.25598967267590755
2026-01-01 00:01:37,0,17.395060150121203,10.633764557699129,0.00017165556850662602,0.30243435667550417
2026-01-01 00:01:37,1,50.58108942464869,11.678278642943498,0.0004889484501100189,0.3820558279647551
2026-01-01 00:01:37,2,83.66482760632996,9.513503239216995,0.0003931512252673049,0.2181493911695706
2026-01-01 00:01:37,3,50.33413783684936,7.937464963297247,0.00017009658052967704,0.36520429462125226
2026-01-01 00:01:38,0,44.44143672267413,8.846942390455816,0.00010093516451543863,0.3033316809486625
2026-01-01 00:01:38,1,64.97321439069023,9.46024297206159,0.000577717361485553,0.28225564517796975
2026-01-01 00:01:38,2,34.66625687039447,7.336948121456508,0.0005924449387946524,0.26130063312053237
2026-01-01 00:01:38,3,82.27259532581488,20.69771106699774,0.0007045946801998153,0.6710905296943004
2026-01-01 00:01:39,0,58.1910288039829,9.933065005855827,0.0006030486572684614,0.43903407613074713
2026-01-01 00:01:39,1,34.5564342094465,14.518299891971191,0.003470240533718488,0.22010853845384717
2026-01-01 00:01:39,2,33.002027147116344,13.167827827174497,0.0005209943717762872,0.5048993170085061
2026-01-01 00:01:39,3,82.36333383788597,13.94036987262272,0.0014847253918177288,0.6162543612416519
2026-01-01 00:01:40,0,10.177267298737533,11.93511668780468,7.075836366772852e-05,0.2983801492683791
2026-01-01 00:01:40,1,62.85520097447804,12.273952637924163,0.0007824780974230171,0.2509679816729922
2026-01-01 00:01:40,2,28.946972689461663,9.86081352446487,0.0013451404224623835,0.2646422163629205
2026-01-01 00:01:40,3,30.630390275128597,17.090115308591805,0.000569654237640086,0.570912944415596
2026-01-01 00:01:41,0,52.578930948742816,10.546464337913381,0.0018424665759943556,0.21829801013751599
2026-01-01 00:01:41,1,47.348169954727844,9.342163619341203,0.0006286420797234142,0.3522698516312471
2026-01-01 00:01:41,2,41.91223096518741,9.829168572758041,0.004334450605237291,0.22528234811877332
2026-01-01 00:01:41,3,28.379167406068895,14.554293058443385,0.00048291076107446573,0.4889728037235007
2026-01-01 00:01:42,0,88.56944766745946,14.211334458080565,0.002036369730482064,0.3603026037833104
2026-01-01 00:01:42,1,14.592619640876253,6.645414762589696,0.0003867688750485785,0.1948833212522408
2026-01-01 00:01:42,2,41.31251499701016,11.002783854008621,0.0012406474214585455,0.17181942772830638
2026-01-01 00:01:42,3,62.27489522536038,11.593782930988288,0.0014800764833397683,0.380625836373304
2026-01-01 00:01:43,0,70.08468944192228,11.132936461187406,0.0003872757587166223,0.18089831629521436
2026-01-01 00:01:43,1,32.18695095228245,7.808752268164893,0.0006921586093532651,0.22984972551325525
2026-01-01 00:01:43,2,55.55529437258285,14.998011477692375,0.000600451741638019,0.3607202928990713
2026-01-01 00:01:43,3,29.89300522417306,13.070956374520797,0.00046238930387961674,0.2903320812532489
2026-01-01 00:01:44,0,46.72159081072621,9.91057325624945,0.0004086822675550812,0.18239146398165007
2026-01-01 00:01:44,1,28.380978882129558,7.977518964260544,0.0016066800975116995,0.3804299893201506
2026-01-01 00:01:44,2,12.940581828119745,14.513830688357682,0.0001248485532382151,0.5158226370037186
2026-01-01 00:01:44,3,156.1725054917399,16.902657764884395,0.0019050737337552828,0.6225300502179336
2026-01-01 00:01:45,0,12.91539889570626,12.064314772454908,0.0008442833790268151,0.38512591261511364
2026-01-01 00:01:45,1,6.233819489411623,9.132699892359176,0.00046290414301004124,0.3070861711330418
2026-01-01 00:01:45,2,79.78828265529778,10.097792985905658,0.0004203722177134163,0.3815015619140912
2026-01-01 00:01:45,3,34.218772192361946,10.79572978691412,0.00023294208047705618,0.4120756671479005
2026-01-01 00:01:46,0,37.0231609307651,12.631504742601653,0.0007442884982225623,0.4617304835160823
2026-01-01 00:01:46,1,32.76584111466793,10.713198058744124,0.0003601553108166265,0.31463183768008535
2026-01-01 00:01:46,2,30.7489836386906,12.33789225627587,0.0003093187882371573,0.02
2026-01-01 00:01:46,3,55.323824493731024,15.81758896021608,0.0008582961462501315,0.48833601672563043
2026-01-01 00:01:47,0,54.469997075393586,14.52673990642495,0.0004622814649218806,0.5222271943505998
2026-01-01 00:01:47,1,17.542505340019027,11.645127467731085,0.00037394817808347595,0.3512950500898552
2026-01-01 00:01:47,2,30.100046284785186,13.369431678208684,0.00014755723199438904,0.19313236377347076
2026-01-01 00:01:47,3,57.69312316908336,11.962293308349919,0.0009401000307393162,0.3933930444748954
2026-01-01 00:01:48,0,183.9405318828388,8.38419236918626,0.0008329799854518392,0.37489557921677935
2026-01-01 00:01:48,1,5.0,8.078112346869613,0.0010495352529847593,0.02
2026-01-01 00:01:48,2,49.59477038326633,9.634119099387506,1.7804337971079638e-05,0.26062346932992037
2026-01-01 00:01:48,3,40.17814654539796,14.442810704228734,5.5599761479905973e-05,0.2564171490144132
2026-01-01 00:01:49,0,16.296265614814498,12.443405598028743,0.00140762494537072,0.17324431177919847
2026-01-01 00:01:49,1,176.9893381777731,11.51239471762646,0.0018443266539202865,0.37656363381599167
2026-01-01 00:01:49,2,24.497002543342248,18.945052361159878,0.00043745121827306623,0.470848330834612
2026-01-01 00:01:49,3,24.07848748779569,8.04113155550298,6.618597897384416e-05,0.34227131909325187
2026-01-01 00:01:50,0,58.884240529239484,10.825033613605617,0.00044323634543943114,0.3490088430124701
2026-01-01 00:01:50,1,44.08204979991616,11.529512323192426,7.13538851487458e-05,0.2809085734243142
2026-01-01 00:01:50,2,59.104500964599666,11.70519833249221,0.00024359599698655653,0.22742676417275312
2026-01-01 00:01:50,3,31.733934609181663,13.959735581662652,0.0021203389484054504,0.40166446597293454
2026-01-01 00:01:51,0,42.95948977552176,10.79839955919666,0.0020384804011666043,0.39493126244791366
2026-01-01 00:01:51,1,10.338091204433123,8.1962078083937,0.0005148603569399297,0.17500970323839116
2026-01-01 00:01:51,2,52.78861488551417,11.63841736945081,0.001223290325226817,0.34344689356444347
2026-01-01 00:01:51,3,44.62353451143125,24.648092427637998,0.0004284809324437191,0.6260646844551788
2026-01-01 00:01:52,0,59.73220421790093,8.816258342606384,0.0012277347909490902,0.28922269020027
2026-01-01 00:01:52,1,31.281138562609357,9.249512739065574,0.0008018677552308776,0.28580987086826937
2026-01-01 00:01:52,2,27.457721799521448,5.033612503741067,0.00042607373598623497,0.1966943835637472
2026-01-01 00:01:52,3,27.589438191963442,10.856330513113647,0.0005171866091096156,0.3793453700488295
2026-01-01 00:01:53,0,21.471931031750028,8.288924123159736,0.002023501328430749,0.35436562154412893
2026-01-01 00:01:53,1,14.35032594452945,16.06720670339034,0.000721667107766676,0.5394007181580567
2026-01-01 00:01:53,2,28.661293139033834,10.77384304051859,0.0014733395973934632,0.3431081120656575
2026-01-01 00:01:53,3,56.542772888887875,12.017219082805521,0.00042631991185143456,0.42020695370761535
2026-01-01 00:01:54,0,20.753833399300145,12.324621804930182,4.210948858283789e-05,0.4230578407228786
2026-01-01 00:01:54,1,24.566577755318356,13.749001292410048,0.0032350053868216663,0.4375762337503181
2026-01-01 00:01:54,2,28.04927165145557,14.990083575265716,0.0009108141977543274,0.2321729256904984
2026-01-01 00:01:54,3,13.826895183019348,12.774115310209675,0.0011098823366356362,0.48530149063317546
2026-01-01 00:01:55,0,64.37147226005904,13.946459743349415,0.004071897720635076,0.2672032166060624
2026-01-01 00:01:55,1,17.742507356738837,10.445122894196944,0.0021653538876992505,0.31106891534026015
2026-01-01 00:01:55,2,53.00225292269094,14.289328427786232,0.0003748551326019364,0.44126615903330985
2026-01-01 00:01:55,3,63.44511243634644,21.55276069296762,0.0006705329375505344,0.6301193513046437
2026-01-01 00:01:56,0,78.82300872175553,8.000420197784381,0.0024700959717799597,0.30743624254554613
2026-01-01 00:01:56,1,104.1015140941233,10.326008979844051,4.45544666958464e-05,0.13356481222769856
2026-01-01 00:01:56,2,59.157200915944195,12.08547037945216,4.879168456042062e-06,0.45556283915185564
2026-01-01 00:01:56,3,115.14277656340292,13.192208201797012,7.697041246412686e-05,0.4303439236896154
2026-01-01 00:01:57,0,46.8409838219733,13.249190138405185,0.00013249188042692032,0.12866617604048455
2026-01-01 00:01:57,1,35.225823975326854,10.960983605099765,5.8150891597809245e-05,0.3656703621145055
2026-01-01 00:01:57,2,33.17373815365801,10.852939246704661,0.0003374910321628053,0.2946461099348665
2026-01-01 00:01:57,3,25.266021014357115,18.29037215553258,0.00016169632321370503,0.4762504140809391
2026-01-01 00:01:58,0,62.12767499850731,8.507228254975866,0.0005226695462545815,0.3285833354253548
2026-01-01 00:01:58,1,43.40374559423293,12.00683796180679,0.0018389648770535635,0.29087807444531455
2026-01-01 00:01:58,2,8.251768519055451,14.721435346542632,0.0001866314324243893,0.4923207068705616
2026-01-01 00:01:58,3,36.293595628711024,15.608295194299135,0.00018372304214147225,0.6075895320594544
2026-01-01 00:01:59,0,32.03015067625625,9.12950186127567,0.00031149590442026016,0.3468701127353735
2026-01-01 00:01:59,1,42.315580956905954,5.94800366242258,0.0005618689140127484,0.29995523466801943
2026-01-01 00:01:59,2,25.38820278351193,9.646674144562365,0.0010453967567395591,0.34503816857392666
2026-01-01 00:01:59,3,69.41653918667818,10.187738447624067,0.001438297391728862,0.3253312951857789
2026-01-01 00:02:00,0,19.638126369225386,9.629898517927485,0.0012634350525778356,0.3047933503976056
2026-01-01 00:02:00,1,18.73674370421444,15.5333894968072,0.0020614181790826287,0.14917173959610813
2026-01-01 00:02:00,2,14.63345688733892,12.181927288852368,0.0006856948176433922,0.3835799397910395
2026-01-01 00:02:00,3,21.482393085042712,10.770797615940152,0.0002962154034001344,0.15663776587869593
2026-01-01 00:02:01,0,114.11038614602725,16.34482076815392,0.0027408014366555105,0.3443021345372046
2026-01-01 00:02:01,1,38.73014997428905,8.236243163460097,0.00027652503785178796,0.09025551892977807
2026-01-01 00:02:01,2,46.200136415236294,13.915404133115889,0.0006793521292691865,0.41253608039445866
2026-01-01 00:02:01,3,31.352568973415668,15.072490153313666,0.0013429809099827102,0.27999096699744697
2026-01-01 00:02:02,0,17.37738925901679,9.025810565609138,3.098597153278775e-05,0.1783618019257649
2026-01-01 00:02:02,1,12.267208053600953,8.051795380433965,0.0001953334115211807,0.23357232901207872
2026-01-01 00:02:02,2,12.399749017582392,11.94492346611032,0.00012320248786832117,0.3504967653704331
2026-01-01 00:02:02,3,23.811562944496668,26.26195381534275,0.002404905235375963,0.5249946426608668
2026-01-01 00:02:03,0,33.28059725870905,9.900029399286629,0.0008693296547909858,0.28125987274428055
2026-01-01 00:02:03,1,18.192919790927576,8.839026638515948,0.000864319944701113,0.13805813304000059
2026-01-01 00:02:03,2,28.8896095287703,16.68101490336478,0.00025666616566960055,0.33089873579536544
2026-01-01 00:02:03,3,34.09577829350465,10.839459685139175,0.0005508850888859853,0.1891895255539449
2026-01-01 00:02:04,0,20.489185328656028,13.063120869945026,0.0004431680225196392,0.23722753622477577
2026-01-01 00:02:04,1,42.121148382643234,8.222578543427858,0.0007504010865189218,0.3026584569893131
2026-01-01 00:02:04,2,87.54147922639221,11.759058711424444,0.0005260587776461621,0.23359806558081453
2026-01-01 00:02:04,3,41.404080749966816,17.62812463368182,0.0007428204262314886,0.4072949080020097
2026-01-01 00:02:05,0,36.549406842780755,11.692766992901975,0.0009260737974859132,0.3171801791706376
2026-01-01 00:02:05,1,94.07510743314498,6.035830423153627,0.001019153909200744,0.19926084144341694
2026-01-01 00:02:05,2,44.33740135087206,9.350156511488144,0.00117219256309937,0.3671443876685452
2026-01-01 00:02:05,3,22.397013362880788,11.834217200390608,0.00040842353019916077,0.38852439286133367
2026-01-01 00:02:06,0,48.106966521662095,13.700217678714646,0.0005242543221152203,0.18751232496235548
2026-01-01 00:02:06,1,38.51390632553594,4.866831650813498,6.357300811741907e-05,0.3355161009211872
2026-01-01 00:02:06,2,88.49229202581812,17.639070299089077,0.00031951106678381906,0.5328625948185854
2026-01-01 00:02:06,3,81.50271855959674,9.59362312159165,0.0013160359057542907,0.3272639910002563
2026-01-01 00:02:07,0,48.787566741104364,13.59283468041624,0.0006505355968690318,0.46556577969505847
2026-01-01 00:02:07,1,138.0722332510101,13.778804074688411,0.00042902727953926463,0.43701640703923816
2026-01-01 00:02:07,2,18.57626716013387,10.641365306087968,0.0009858757319570128,0.4064313917078368
2026-01-01 00:02:07,3,16.307114386894458,13.011417709427944,3.6795457880181845e-05,0.24178624350280548
2026-01-01 00:02:08,0,20.618979728792656,9.903215745063285,0.00088168287950291,0.19877858331576304
2026-01-01 00:02:08,1,12.729427515937168,15.418460770292132,0.0009979982138091132,0.16606956423652575
2026-01-01 00:02:08,2,33.29612773871264,9.118593289346995,0.0005140318514763524,0.3045925610076793
2026-01-01 00:02:08,3,32.495014605807214,12.692363808725451,0.00027372570414080816,0.5028927008893386
2026-01-01 00:02:09,0,51.21790362475166,12.03101969323095,0.0007926552054350355,0.33041845242328294
2026-01-01 00:02:09,1,54.09122331001313,17.763972633840876,2.6489041231178323e-05,0.621502798506084
2026-01-01 00:02:09,2,29.541224696332208,12.07448352462609,0.0008166605820512699,0.5203404406660687
2026-01-01 00:02:09,3,37.39079171345918,15.168976861301985,0.00034658927378737207,0.2334876943730255
2026-01-01 00:02:10,0,56.24309786630736,10.462213947883491,0.00040109903214181073,0.2910770904856926
2026-01-01 00:02:10,1,47.43946081220789,10.99068470425676,0.00017651308846169082,0.28142592097039343
2026-01-01 00:02:10,2,29.156825113572143,8.48573384333257,0.0009606516636395253,0.08960811153562755
2026-01-01 00:02:10,3,17.022359968739686,10.362204392931641,0.00016400092685897114,0.2966185155965428
2026-01-01 00:02:11,0,24.653897041445106,14.17071862323793,0.0011290103688743076,0.44895566075019144
2026-01-01 00:02:11,1,37.56735591076733,10.675213390424185,0.0018065145342399938,0.25441408399093984
2026-01-01 00:02:11,2,69.18193440589704,8.915916872696496,0.0002144058083258384,0.0359249250421262
2026-01-01 00:02:11,3,84.31434118953102,10.695964376818354,0.00013195334208580467,0.20720530026811304
2026-01-01 00:02:12,0,39.50240706251367,18.89904173501483,0.00042951185363794987,0.5586134630281577
2026-01-01 00:02:12,1,40.20392684869725,10.095578076243827,0.001183125604183813,0.2740633594075208
2026-01-01 00:02:12,2,42.216144934757835,8.896545363573043,0.00037986567702616376,0.13300513299421363
2026-01-01 00:02:12,3,35.51786805642261,13.675788701457037,0.0001102570169570474,0.31990916624563487
2026-01-01 00:02:13,0,22.495071671250415,9.25211679864047,0.00018207971462987083,0.07438252886720241
2026-01-01 00:02:13,1,65.070993543469,11.134410010199083,0.0006381429204046854,0.5271862460696684
2026-01-01 00:02:13,2,31.737384799523866,14.363887041897133,0.00044157436780508443,0.3689694944971287
2026-01-01 00:02:13,3,72.16737321094053,9.9125017764191,0.0008712674980023245,0.2799249956571142
2026-01-01 00:02:14,0,40.04961845842741,9.434720073168151,0.00020669181128815116,0.14086738265706453
2026-01-01 00:02:14,1,16.819445882081865,13.022110797081103,0.0027207209428366935,0.5057265336342204
2026-01-01 00:02:14,2,23.784160903640828,9.140977186419102,0.0002880877690409779,0.05307874028720278
2026-01-01 00:02:14,3,16.985936122164695,9.159593622030894,2.9622147966685256e-05,0.28733249716252673
2026-01-01 00:02:15,0,29.12860129662666,12.15996203015851,0.0014949006396903853,0.31919372512319316
2026-01-01 00:02:15,1,15.833535565642308,7.941215187913528,0.0019188900912153544,0.26576005381550005
2026-01-01 00:02:15,2,33.90644995788164,10.26690361000389,0.0006098893281117947,0.26520673434556946
2026-01-01 00:02:15,3,28.55749529542476,17.75733871952869,0.0003440794941956724,0.5841174085738133
2026-01-01 00:02:16,0,80.77438705911759,13.580645512310166,0.000322819289803976,0.49087806226735653
2026-01-01 00:02:16,1,60.284824456016764,9.330945666795506,0.0001389714861315754,0.39954350500760927
2026-01-01 00:02:16,2,17.52881452569231,11.706990446067078,0.00017397723320886673,0.269343574789772
2026-01-01 00:02:16,3,25.540971385699798,9.59455206985755,0.0002654795930185813,0.1276438323838797
2026-01-01 00:02:17,0,6.981513758900201,9.636608489296895,0.0003094119745548453,0.16666135877643667
2026-01-01 00:02:17,1,29.504625448674414,9.795115192705609,8.365260154983421e-05,0.396219453542796
2026-01-01 00:02:17,2,19.171904668300723,8.762209626813506,0.002013586285836854,0.1860491470600914
2026-01-01 00:02:17,3,13.442116553653626,10.238050929037705,0.0014560491014743132,0.30507474496977194
2026-01-01 00:02:18,0,22.970539953089762,11.263864654645007,0.0005629522856500449,0.3356720354381785
2026-01-01 00:02:18,1,25.539142602545738,11.691151727023422,0.0009378801004400989,0.4318922846239934
2026-01-01 00:02:18,2,13.041582545031105,8.203743854870407,0.0006337223101166374,0.20965458712271012
2026-01-01 00:02:18,3,73.42252102570453,16.604298506185515,0.0005636091180131741,0.4571859059460842
2026-01-01 00:02:19,0,50.97059997421546,9.509516234453821,7.299608326808438e-06,0.08452617311180732
2026-01-01 00:02:19,1,15.216054813182918,10.723897663745946,0.00025092286059782965,0.24829412916095497
2026-01-01 00:02:19,2,10.586660482692809,11.097533058540042,0.00010763485487733227,0.02
2026-01-01 00:02:19,3,34.49732022634134,12.020726049094927,2.766751750435817e-06,0.45379480473510186
2026-01-01 00:02:20,0,38.0995951795708,8.620546069294097,0.0007991880011191317,0.2181182392550038
2026-01-01 00:02:20,1,85.20182741544853,13.262146594307486,5.609512881918095e-05,0.38725423130620695
2026-01-01 00:02:20,2,38.04990308578763,14.266807105947773,0.00014123269176630183,0.5123512537878792
2026-01-01 00:02:20,3,10.883590058766217,8.159168517617141,0.0003113445405787044,0.12857150978355558
2026-01-01 00:02:21,0,107.51194467897606,12.674853020808417,3.6090689418493853e-06,0.38221341692377553
2026-01-01 00:02:21,1,28.01758219424579,10.317978121953422,6.121028541117328e-05,0.2496400681000485
2026-01-01 00:02:21,2,57.016432661869594,12.355168977570546,0.0007596549605571988,0.3698836354388753
2026-01-01 00:02:21,3,37.73462761409482,17.50290971912505,0.0016703395899992832,0.252578185812301
2026-01-01 00:02:22,0,46.93245160561338,8.385695837538677,0.0038847943387713205,0.3163375378550638
2026-01-01 00:02:22,1,63.19150807326423,7.30877351771203,0.0036197198114639633,0.05450764801662161
2026-01-01 00:02:22,2,24.346298587868596,14.491779235635727,0.0003548724264235215,0.49289719599003373
2026-01-01 00:02:22,3,16.301553274949708,13.905785059453002,0.000398705323610562,0.2003802342070451
2026-01-01 00:02:23,0,17.294819321887243,12.156316866229654,9.42941773198059e-05,0.26133742820577965
2026-01-01 00:02:23,1,39.96692547098526,16.89307958331361,0.00022616318536826068,0.4618427612517265
2026-01-01 00:02:23,2,34.66084674127261,14.55448196457121,0.0006580437527453524,0.2642864594325249
2026-01-01 00:02:23,3,36.27319478691661,13.533714147371164,0.004774463901338598,0.46772348599335317
2026-01-01 00:02:24,0,19.456727147943756,6.751256792338631,0.0005995178586244528,0.10985955239088911
2026-01-01 00:02:24,1,58.53990300762655,11.274307029010608,0.00010591865807011943,0.14760553187264297
2026-01-01 00:02:24,2,24.688773419377664,9.12333471598718,0.0010352676682910118,0.08376306001531601
2026-01-01 00:02:24,3,36.48236693492429,11.003376809761154,0.005543069263661656,0.4841253309615724
2026-01-01 00:02:25,0,70.21114539860415,13.63856262162208,0.0008723556495787076,0.32907424417050424
2026-01-01 00:02:25,1,100.15931896355264,14.863424241872476,0.0007364592377584403,0.3922277022523847
2026-01-01 00:02:25,2,39.287034895971,9.962647359743439,0.0002098743865028113,0.18065270184875493
2026-01-01 00:02:25,3,54.182938528553194,7.254484234504937,0.0007931011164366314,0.13617135032390645
2026-01-01 00:02:26,0,10.508784410130596,9.094879676045444,0.001248311038751124,0.17838000640689372
2026-01-01 00:02:26,1,129.1437853181457,16.264781404073,0.0001388977742936738,0.4465285160918298
2026-01-01 00:02:26,2,58.03824870337894,12.252036241121496,0.0028806688559639216,0.402582568071861
2026-01-01 00:02:26,3,28.21667398005741,11.26971546490706,0.0029748127473950884,0.31140831388846923
2026-01-01 00:02:27,0,48.39264420977444,13.454625617765087,0.00024264364860063418,0.20438646539819125
2026-01-01 00:02:27,1,113.38096336287663,14.408427221377488,0.002158272306544004,0.41452273210714013
2026-01-01 00:02:27,2,79.3007641118915,8.88207212943357,0.0010339341819438983,0.4011373357759122
2026-01-01 00:02:27,3,9.993353180759067,9.780021737698625,0.0011969904823882329,0.36632280697980174
2026-01-01 00:02:28,0,71.78259357264008,8.661734406062903,6.552999385729822e-05,0.3786829063235634
2026-01-01 00:02:28,1,25.95392195662085,11.290228318307742,0.00010079026144290402,0.07984302216313108
2026-01-01 00:02:28,2,64.02455727843576,11.345609215490278,0.00010944189335471908,0.41366958185377695
2026-01-01 00:02:28,3,31.878817562521462,12.062251079216635,0.0009025167261378561,0.4104001320912748
2026-01-01 00:02:29,0,13.09566214379706,8.839747240252642,9.178998856434764e-05,0.2043936181351974
2026-01-01 00:02:29,1,69.00627869502574,15.279748124374146,0.0021385713222378737,0.5588896536024899
2026-01-01 00:02:29,2,15.404446122539133,9.564742322795306,0.0013725039165529678,0.3514433975288227
2026-01-01 00:02:29,3,25.479064305021314,11.68024868787775,0.0016826379551355963,0.344256541599037
2026-01-01 00:02:30,0,33.769164542373225,10.609775028430578,0.00035987992117361386,0.38375864312646657
2026-01-01 00:02:30,1,28.960210714671348,6.892519481539225,0.0040780486239140705,0.07684401666615263
2026-01-01 00:02:30,2,31.888677749773656,7.282133026142694,8.859648658239421e-05,0.257121667125075
2026-01-01 00:02:30,3,58.394946412737646,25.385521604517645,0.000313530477470117,0.6981273331991876
2026-01-01 00:02:31,0,41.72705096185952,10.673067758744272,1.921028564534231e-05,0.16719835381999934
2026-01-01 00:02:31,1,87.45353620901804,9.659445135011907,0.0017316834077077076,0.2888132802930919
2026-01-01 00:02:31,2,17.94480331219398,9.844096897225109,0.0008269169611516293,0.2532643128498474
2026-01-01 00:02:31,3,69.19080813186005,14.474982333735815,0.0002908432083832362,0.4550082333969052
2026-01-01 00:02:32,0,65.06218387513907,11.190701625313206,0.0007281444495377428,0.4088520257426056
2026-01-01 00:02:32,1,22.614132623685112,12.97701959677633,5.507246039889058e-05,0.356371086084822
2026-01-01 00:02:32,2,9.657793091551783,7.714005090220927,0.00019590608679368593,0.13477391239063102
2026-01-01 00:02:32,3,51.26451842125277,10.90524708468428,0.0006550227319468337,0.295748038633011
2026-01-01 00:02:33,0,15.488084593281435,9.275490269648598,0.0020838263504876853,0.10091459892114048
2026-01-01 00:02:33,1,18.266957814451303,16.63336730444356,0.0002590679489745036,0.4318829374072795
2026-01-01 00:02:33,2,31.858742439787097,6.958645944618058,5.033807310238582e-05,0.11948130690944582
2026-01-01 00:02:33,3,56.04448880589891,11.511194106753345,0.0011352800243536125,0.44244102678632263
2026-01-01 00:02:34,0,42.13359725077943,10.588097599388616,0.0009250688291967704,0.21972578876579207
2026-01-01 00:02:34,1,76.51775341417425,12.624526177644507,0.0028697434073576694,0.36048325843671586
2026-01-01 00:02:34,2,15.664767392933705,8.185353969730539,0.00020462633482159378,0.23756321370149086
2026-01-01 00:02:34,3,84.83764007367733,14.943663917919114,0.0006785016938126835,0.5613506139981328
2026-01-01 00:02:35,0,78.77810596976596,15.030171485790763,0.0007574910956086262,0.27674521835484656
2026-01-01 00:02:35,1,49.61843429497943,8.38434956798865,0.0009189971350325402,0.15544436027345648
2026-01-01 00:02:35,2,53.13760613140072,14.283448393386994,4.136586430031462e-05,0.40863536397319966
2026-01-01 00:02:35,3,32.45169864884387,17.63581539318677,0.0001284982861704956,0.02
2026-01-01 00:02:36,0,44.84604517729612,9.09691272892471,0.000122436801578609,0.22832585493718702
2026-01-01 00:02:36,1,33.223229712038524,6.877852703004934,0.00015336467679622192,0.12255226374855553
2026-01-01 00:02:36,2,48.277839689470134,15.16670961562402,0.0014198570405548824,0.4982092415834313
2026-01-01 00:02:36,3,24.896558553072413,12.983534984086733,6.870937458054181e-06,0.38347141503453486
2026-01-01 00:02:37,0,38.57017026964129,9.004060759398117,0.00010374089164364351,0.2156403996551416
2026-01-01 00:02:37,1,109.67890719913629,13.408725895174186,0.0026551173401342136,0.43907055177243415
2026-01-01 00:02:37,2,188.06410992826196,17.9849252683898,4.863126128024949e-05,0.534854972312711
2026-01-01 00:02:37,3,11.969806125328029,10.56047205295204,0.0010024482222448674,0.06099733737827028
2026-01-01 00:02:38,0,159.63600036339335,6.151261173125882,0.00043390117490128133,0.2147324200827414
2026-01-01 00:02:38,1,30.806390287025923,13.223277548744411,0.00014083737020458294,0.22422439592750235
2026-01-01 00:02:38,2,21.383995388785156,11.266794664330858,0.0009083180643902806,0.02
2026-01-01 00:02:38,3,42.12793971479249,11.681601838235268,8.08877500419395e-05,0.12006682353475001
2026-01-01 00:02:39,0,36.74630365240406,14.140288877895216,0.00012947377653664102,0.4279257076888989
2026-01-01 00:02:39,1,45.33852515598203,8.036691306721657,0.0005297761427111076,0.3593693626959742
2026-01-01 00:02:39,2,93.59513212656618,12.492417210894729,0.00014492202735778297,0.2565622041626028
2026-01-01 00:02:39,3,37.27990318223247,9.826476512028771,0.0004961009254326495,0.31168048985770047
2026-01-01 00:02:40,0,112.57909608692943,11.055375697643067,0.00011703452263104733,0.33513397096422154
2026-01-01 00:02:40,1,21.46087951497857,12.35932324657948,0.0010343755279674388,0.4482686064899872
2026-01-01 00:02:40,2,49.12544165481607,10.391827899549412,0.0013990679324707594,0.23865793887439757
2026-01-01 00:02:40,3,49.28626882053575,12.03715899359964,9.984033096425748e-05,0.3510866099318199
2026-01-01 00:02:41,0,24.57161429321892,6.582305532144759,7.994573916234623e-05,0.24645461868572735
2026-01-01 00:02:41,1,15.260073074869725,9.027424310939784,0.00038599323099910467,0.03540454517989938
2026-01-01 00:02:41,2,21.340970703366203,10.456648938307069,0.0008049718004113496,0.2389615498410855
2026-01-01 00:02:41,3,38.92165691737528,13.228517163151375,8.50229784918468e-05,0.4253513178857137
2026-01-01 00:02:42,0,54.09835163062361,15.159140913594399,0.0008054136632733385,0.12493276447412323
2026-01-01 00:02:42,1,9.764902095394781,11.015906051155163,0.001203214927575471,0.18244135205569054
2026-01-01 00:02:42,2,14.774462039603733,11.08415353494285,0.0014748540732706823,0.2984339912239688
2026-01-01 00:02:42,3,35.78358646404032,16.335664402523484,5.2124510121392655e-05,0.3684048309438529
2026-01-01 00:02:43,0,155.6366251792926,19.384472418109187,0.002694098207587217,0.4810844277582228
2026-01-01 00:02:43,1,27.51511080347572,10.909911954437188,4.0112975264368956e-05,0.30088143499054565
2026-01-01 00:02:43,2,116.44862799352691,11.419789027426132,0.0005713541549578786,0.4392247218845081
2026-01-01 00:02:43,3,32.70640881641582,11.06306759651351,0.0008863365959098603,0.4196997345764318
2026-01-01 00:02:44,0,46.169337414253555,9.150995984503082,0.0004826787372492397,0.24489065454921252
2026-01-01 00:02:44,1,62.56332871250925,10.665082667188956,0.00010963776120899318,0.3870409213110256
2026-01-01 00:02:44,2,70.69877027402043,9.848692766804323,0.0010335898594101879,0.4468314581400138
2026-01-01 00:02:44,3,39.90768730508628,9.105999521473404,0.0004644726801511401,0.08616113480781334
2026-01-01 00:02:45,0,29.48610232085563,11.956593883488843,0.0007037593954736768,0.1552963827391979
2026-01-01 00:02:45,1,18.58971902665504,7.8544990880454195,0.00012327276268054744,0.14619777088553404
2026-01-01 00:02:45,2,53.8620900899469,14.807338584689635,0.0006607338256095519,0.3689069834292974
2026-01-01 00:02:45,3,15.195609798812296,6.055982635891018,0.0002571219995102754,0.18142754340143
2026-01-01 00:02:46,0,49.37938394353498,9.027604635098232,0.0023891768270535734,0.28450361520408357
2026-01-01 00:02:46,1,42.9965956108238,12.784338339467734,0.002787285888151388,0.1322378679000948
2026-01-01 00:02:46,2,11.435030997952953,11.331464994369751,0.0011593379210832928,0.31492857425866816
2026-01-01 00:02:46,3,48.1922317789862,13.419785354105919,0.0003421032150806205,0.3955233764214745
2026-01-01 00:02:47,0,49.13455474049887,11.86524758296794,0.00036523509903824304,0.2147646696656878
2026-01-01 00:02:47,1,43.715645030081426,11.925656021499629,0.0006523078055624657,0.11721675859891142
2026-01-01 00:02:47,2,15.289885841618798,8.36207109289222,2.1700514660208303e-05,0.22039102410365022
2026-01-01 00:02:47,3,44.41561371296983,10.33580521376924,0.0005446040621618519,0.19747594802341473
2026-01-01 00:02:48,0,5.0,14.13510000296329,0.00046472177387790785,0.1045566481843369
2026-01-01 00:02:48,1,17.630095372917356,8.224888024747697,0.0010658567871511591,0.33003850909285015
2026-01-01 00:02:48,2,29.309382784217377,12.456767365747156,0.0014835781409595758,0.4511342302033254
2026-01-01 00:02:48,3,20.608484307149734,16.31505784980083,0.0001843846258211801,0.2067247669830328
2026-01-01 00:02:49,0,24.03006551708662,13.972332067489065,0.00015312233840435407,0.38345500585690706
2026-01-01 00:02:49,1,57.0404899295745,8.319446297306953,0.00047749375637194804,0.2328439549735742
2026-01-01 00:02:49,2,36.47282969480765,11.483764025422152,0.0013685774849841394,0.2710002225879805
2026-01-01 00:02:49,3,153.38627775592676,20.441199182400844,0.0008039211081022224,0.6778040540059349
2026-01-01 00:02:50,0,22.980198790209688,8.753863988261026,0.0011709618306842554,0.3184726802315724
2026-01-01 00:02:50,1,83.6303785872153,18.75160990436718,0.0007606452495117446,0.5138169918067932
2026-01-01 00:02:50,2,23.594973004754166,11.82970053075978,0.0028120191394886106,0.09931256225864464
2026-01-01 00:02:50,3,26.658770110916418,6.233374662739568,0.0008707056944373127,0.12997946562047422
2026-01-01 00:02:51,0,39.30546870675146,10.895564395365788,0.0008588504960947019,0.29690243215247947
2026-01-01 00:02:51,1,34.68597266286225,13.578364195240798,0.00040722708017740673,0.4292017178130028
2026-01-01 00:02:51,2,112.90637156388986,11.227916704059437,0.0009385193909727928,0.4894328751716246
2026-01-01 00:02:51,3,21.01684394397233,11.240080317708413,0.001733294889744219,0.24571111483697372
2026-01-01 00:02:52,0,58.52278236831142,12.954456960820995,0.000368463969665129,0.26802353402710183
2026-01-01 00:02:52,1,59.121562387135704,8.921617935707992,0.0009009275966814001,0.27985343024255116
2026-01-01 00:02:52,2,27.727106438165052,15.143275836618926,0.0003180378303552357,0.2352489564856311
2026-01-01 00:02:52,3,107.4810906390159,22.303579224118277,0.0005919227068488584,0.5895826648042161
2026-01-01 00:02:53,0,33.46752794136238,9.97922993953617,0.001182108414598152,0.1930740147364809
2026-01-01 00:02:53,1,19.04592358891625,9.265038412610474,0.00017667413463390267,0.19331351533806101
2026-01-01 00:02:53,2,52.80025713787019,15.492855946256878,0.0022234533162283168,0.3693538337843544
2026-01-01 00:02:53,3,193.7841015433692,11.510353323456334,0.00012945138111806158,0.35152714589944273
2026-01-01 00:02:54,0,19.43383098980558,10.91280966781192,0.0008011238402893429,0.1652845757943604
2026-01-01 00:02:54,1,24.208711652931797,14.636315218443986,0.0005223763305846062,0.317910379488346
2026-01-01 00:02:54,2,51.9963701557247,9.074612708999952,0.00027342776660681185,0.06098377634480579
2026-01-01 00:02:54,3,20.508153025696707,8.391184313972461,0.003689754947590155,0.192408239402779
2026-01-01 00:02:55,0,34.5771748800092,10.977140188689717,0.00035655326961065863,0.37307134205146786
2026-01-01 00:02:55,1,11.2657808850803,11.980219407470159,0.0009166081948598623,0.3672734277754142
2026-01-01 00:02:55,2,19.93385971786502,12.185580141037834,0.0004849992323398593,0.3816808909630868
2026-01-01 00:02:55,3,28.490469577690753,15.047132106106382,0.0007943174660759838,0.4610115882206386
2026-01-01 00:02:56,0,35.08787615170986,12.099519004010295,0.0010596417515711012,0.4607300699392436
2026-01-01 00:02:56,1,177.4895557519583,13.813193225170947,0.00036782976604485897,0.5296715025716571
2026-01-01 00:02:56,2,24.942273591367837,8.516088522328364,0.002543160374090417,0.2600771755975457
2026-01-01 00:02:56,3,40.88959367377422,16.296627455933884,0.000237259079457561,0.23747730329286548
2026-01-01 00:02:57,0,15.529118757956832,10.14243620207873,0.0006852394379443141,0.22037693962838548
2026-01-01 00:02:57,1,28.28955458682674,9.119401980620738,0.0015962759959973587,0.28393962259321626
2026-01-01 00:02:57,2,21.228732918410252,13.704184562203858,0.0012975787792460793,0.45060853478995483
2026-01-01 00:02:57,3,31.70146941504823,13.795526973076305,0.0010495423710957352,0.27251731433729925
2026-01-01 00:02:58,0,107.06051932901697,11.329169541073234,0.001030646266432306,0.4151497176895025
2026-01-01 00:02:58,1,73.2278834750272,17.433857303265185,0.00010589457181364864,0.2724543446959298
2026-01-01 00:02:58,2,55.76699358018691,14.22616221024489,3.104178865391196e-06,0.5445263696358921
2026-01-01 00:02:58,3,74.81317666039993,13.00785525586473,1.870104375209443e-05,0.26488138465289734
2026-01-01 00:02:59,0,88.7629863813336,11.704839779090973,1.88144415448201e-05,0.3088605893416329
2026-01-01 00:02:59,1,19.568558029131065,10.212133312824637,0.00035645683955850806,0.16857567272322377
2026-01-01 00:02:59,2,29.217408008863348,11.46136733134527,0.0008097826950633236,0.2089568199267854
2026-01-01 00:02:59,3,29.210547462374766,14.197971606853049,0.0004859389573050961,0.2139789436359067
2026-01-01 00:03:00,0,53.2786778480376,8.144842613968791,0.0004987577506101316,0.17752266440253625
2026-01-01 00:03:00,1,10.856895196750731,8.470288595947885,0.000627391848276743,0.3855579875927734
2026-01-01 00:03:00,2,50.59578874556548,14.64967819132081,0.0010940475215236202,0.30128003941643017
2026-01-01 00:03:00,3,107.7284411257906,22.11469640803344,0.0001076703728924578,0.6623740155159518
2026-01-01 00:03:01,0,36.87499468221952,14.045926169255967,0.000333844843218364,0.08920482736453257
2026-01-01 00:03:01,1,25.497990256088265,10.153104350160673,0.0010941615448437222,0.11568924458227
2026-01-01 00:03:01,2,24.75524147056168,11.196882165589743,0.0011264698724913417,0.16207327718046297
2026-01-01 00:03:01,3,22.516777241869065,14.796899583995543,0.00031488113828473613,0.18548831536066857
2026-01-01 00:03:02,0,12.7139172829204,8.86995669930541,0.0006040765488543135,0.42634535644051147
2026-01-01 00:03:02,1,49.47910581574529,12.498118112217265,0.0019041500901891984,0.18359833765258837
2026-01-01 00:03:02,2,22.678590218403563,9.079145665720379,0.0005173232953337968,0.2544801874573172
2026-01-01 00:03:02,3,71.30861967352253,11.851791513843157,0.0004060617187151431,0.5281949551086629
2026-01-01 00:03:03,0,45.45941825453298,15.17821758613755,0.0008757376457131868,0.5056612220589116
2026-01-01 00:03:03,1,84.87179306109297,11.079958644027684,0.000800715475256667,0.2943373852016889
2026-01-01 00:03:03,2,32.19512870628171,11.761099215603428,0.0006094544847125992,0.4418527575681368
2026-01-01 00:03:03,3,50.45401746714589,9.339929109454568,0.0006379364036311054,0.32605216518439534
2026-01-01 00:03:04,0,10.34940464879424,12.847098556122205,0.0018209837465476557,0.22405439063401986
2026-01-01 00:03:04,1,47.64951926608535,7.1009803111963885,0.0004988259122828899,0.08006937051553079
2026-01-01 00:03:04,2,36.54056804368191,10.534623505117839,0.0028114062387243097,0.03326459721536307
2026-01-01 00:03:04,3,43.19965808756136,15.043563844502861,0.0015875989266970626,0.5832852774662804
2026-01-01 00:03:05,0,12.836160454834111,14.812123276269407,0.0005709337528642411,0.4135841515564137
2026-01-01 00:03:05,1,28.845334638772268,10.69597346446749,2.546022674925304e-05,0.42566120989137607
2026-01-01 00:03:05,2,98.60534324737463,9.992194444860296,0.0001225954277319064,0.3105971385907585
2026-01-01 00:03:05,3,30.66832189957025,16.668689205320117,0.0006201298461888942,0.1542580128662125
2026-01-01 00:03:06,0,86.41063938170538,12.858262297239431,0.00014784577395777465,0.46417165332928606
2026-01-01 00:03:06,1,32.99522576232074,10.019366762843225,0.0001899129764265855,0.447962966969273
2026-01-01 00:03:06,2,110.58293813044956,13.521291072362615,0.0008860436630496857,0.48066050037753594
2026-01-01 00:03:06,3,34.4874975760955,8.963576107739417,0.0006398110105259861,0.31769530501710086
2026-01-01 00:03:07,0,12.492863047202444,12.473275309060893,0.00085673180224982,0.15871731502861527
2026-01-01 00:03:07,1,85.94766555101222,8.775988552563758,0.0005747162313729836,0.11666322263287707
2026-01-01 00:03:07,2,70.65117415385347,9.118661556844998,0.0021718676181603598,0.32037088740578423
2026-01-01 00:03:07,3,36.991771297089045,14.183439821452907,0.0042780791895874635,0.576668308138242
2026-01-01 00:03:08,0,15.163262173332736,10.576094784854957,0.0016753888502869974,0.09124373391040286
2026-01-01 00:03:08,1,28.841991249941223,9.513263879485669,0.0009289494548710179,0.24079375091451574
2026-01-01 00:03:08,2,27.424843979773808,11.49727804175242,2.786177195591046e-06,0.3647075740947827
2026-01-01 00:03:08,3,16.54031557646109,12.483396009820487,0.0010392206459069369,0.2526175392932625
2026-01-01 00:03:09,0,75.72014369664072,9.95757341402285,3.5158362963044955e-07,0.4631956921555715
2026-01-01 00:03:09,1,19.6600260134754,11.55423893599691,5.1481316537756005e-05,0.2754228898490921
2026-01-01 00:03:09,2,35.414691887106336,8.996220162605182,1.4261366589378501e-06,0.33878419058693526
2026-01-01 00:03:09,3,10.275343965192384,12.081138324048869,0.00045879913432721165,0.08219172902095341
2026-01-01 00:03:10,0,32.83372826970249,11.85602821630486,0.0004927957237747897,0.3241940182080011
2026-01-01 00:03:10,1,33.02164631015516,6.271968642095157,0.00012732294576719362,0.22522615528333548
2026-01-01 00:03:10,2,29.105896583311498,10.885537826542047,0.00046909625010399894,0.20984832545688845
2026-01-01 00:03:10,3,12.798870704640033,6.998477854090993,0.003158907807696497,0.1709473534395511
2026-01-01 00:03:11,0,30.63664427129933,10.27538199756692,0.00045546731296797145,0.21121146344569378
2026-01-01 00:03:11,1,19.592481874935284,7.877267626857695,0.0017163888292093799,0.06101428510345599
2026-01-01 00:03:11,2,22.228856255693906,10.425147780838179,5.673873965656766e-05,0.4714582217417363
2026-01-01 00:03:11,3,85.73822290375308,9.956775763920461,0.0026351385335498753,0.2912686335906835
2026-01-01 00:03:12,0,42.164554021060084,11.271517032399734,0.0013842298068950686,0.28631483335482605
2026-01-01 00:03:12,1,68.42883110698635,13.563876309782668,0.0003992859751556788,0.3613765592918227
2026-01-01 00:03:12,2,98.45527019490903,9.17349116060139,0.001136277679655858,0.2595904691190731
2026-01-01 00:03:12,3,54.109449860467365,19.893643361813524,0.0005837962807582906,0.5831994780348806
2026-01-01 00:03:13,0,21.36442750323424,10.626566893099271,0.0005521575570139926,0.22982911746045862
2026-01-01 00:03:13,1,21.088807311731177,8.854832243600027,0.00010222443553096543,0.20809675098343552
2026-01-01 00:03:13,2,54.098013592039045,19.344299407487043,0.0010476344458640759,0.4248943617512339
2026-01-01 00:03:13,3,22.927320009804653,11.939079286578984,0.0002033811350417846,0.18162881009881937
2026-01-01 00:03:14,0,44.05704739198984,8.262003094374151,0.0013585712697067064,0.25859913392776934
2026-01-01 00:03:14,1,88.05827808038445,12.6647362481445,1.2534783979398262e-05,0.38656021406591756
2026-01-01 00:03:14,2,14.706918766929613,9.683041610175446,0.0011012210340733781,0.26456122542100013
2026-01-01 00:03:14,3,21.626920288895253,10.015912586188032,8.344444483396712e-05,0.18224987413240273
2026-01-01 00:03:15,0,114.2855216278341,10.548175777571867,0.0017297350758595758,0.25417056110967784
2026-01-01 00:03:15,1,43.27772420295321,8.624915315567614,9.00791511180637e-05,0.18871572589331526
2026-01-01 00:03:15,2,70.1340379268477,6.547301502264865,0.00014772386264210697,0.26860678499107143
2026-01-01 00:03:15,3,45.767559257944015,9.467977073734763,0.0010455332063353862,0.12632091727229608
2026-01-01 00:03:16,0,44.30344536067238,7.385089770353364,0.00020651535768851083,0.12412131321229795
2026-01-01 00:03:16,1,12.359612409062738,9.657497495328496,0.00027128847070537855,0.19972243679406865
2026-01-01 00:03:16,2,17.58147027040648,11.61660183333657,0.00023037609597956259,0.2844829918368566
2026-01-01 00:03:16,3,10.213804197263693,9.295166839431408,0.0009584863331262016,0.11832557031650122
2026-01-01 00:03:17,0,18.0078952015131,8.300850921288577,0.0003167057310977769,0.2081227947592553
2026-01-01 00:03:17,1,22.510725075849752,16.855918329311486,0.0019528665591748717,0.2644797825300693
2026-01-01 00:03:17,2,96.41171006364459,11.834187511819758,7.294767278428997e-05,0.2971024139181554
2026-01-01 00:03:17,3,55.15428609308146,10.759259453137389,0.0001092928678940956,0.2511941494489604
2026-01-01 00:03:18,0,26.401611796836562,10.374401732424298,2.7422124011284754e-05,0.1292313270765686
2026-01-01 00:03:18,1,108.2764007288386,15.353342466891348,0.0013326640291791197,0.42163545772232336
2026-01-01 00:03:18,2,44.661915118892935,11.950108146097786,0.00033738628312285135,0.3834929159207776
2026-01-01 00:03:18,3,79.74986548843393,11.565661122487574,0.0003351803745886958,0.4542692865170259
2026-01-01 00:03:19,0,56.68451645463672,11.524491916141281,0.0028920905324160643,0.32258692033576014
2026-01-01 00:03:19,1,21.86578856782552,8.136542160241298,1.8850603003469637e-05,0.14074038277294443
2026-01-01 00:03:19,2,21.439096794472242,11.708394059977213,0.0004489649036939412,0.38269129979739236
2026-01-01 00:03:19,3,19.2198333802119,21.238208170275897,0.0006169803656889919,0.32854719364203483
2026-01-01 00:03:20,0,29.418321825349487,11.674521066212819,9.019724692504961e-05,0.18491607085373524
2026-01-01 00:03:20,1,18.071213554364885,14.63526645761533,0.000519732870422479,0.479965684301688
2026-01-01 00:03:20,2,27.952169116474852,13.031426729913283,7.935313217808579e-05,0.3020033604590098
2026-01-01 00:03:20,3,35.74993546331277,11.385326959273593,0.00038288821338551153,0.10531512441062782
2026-01-01 00:03:21,0,39.28827374774424,9.147702959951019,0.0023562245663680927,0.11516008485139344
2026-01-01 00:03:21,1,18.017692346725422,9.069365479213378,1.076939435431913e-06,0.2860653832011668
2026-01-01 00:03:21,2,51.574022071864455,11.394208998165928,0.0004833835808817419,0.12931278455633421
2026-01-01 00:03:21,3,37.58311543302072,12.3303945762667,0.001112180954343431,0.3513359440382696
2026-01-01 00:03:22,0,9.201487997090192,8.598569148523618,0.001303357067477397,0.2126600862950766
2026-01-01 00:03:22,1,17.732160643754185,12.285868370373898,0.0016713191839981757,0.4083456126101444
2026-01-01 00:03:22,2,27.57119986342341,8.689153634501832,0.0003982120997155283,0.3642251069855265
2026-01-01 00:03:22,3,124.93325288925939,11.313894333140905,0.0003795579312298964,0.4597735984927755
2026-01-01 00:03:23,0,8.288503647285415,12.14284352233912,6.749146390415318e-05,0.16526334206724036
2026-01-01 00:03:23,1,41.68346539246395,8.951452076074698,0.0004370311003159965,0.35516697982911916
2026-01-01 00:03:23,2,63.30174185191755,9.951057713418459,0.0012114376508667365,0.17888592978701506
2026-01-01 00:03:23,3,14.894597257581665,12.390371217308253,0.001890054918635485,0.354001007435517
2026-01-01 00:03:24,0,19.36571479236113,17.359746268788133,0.0008424142824745165,0.2660864068861238
2026-01-01 00:03:24,1,14.017911710122078,8.426011571610578,8.11038039114502e-06,0.2418602539758775
2026-01-01 00:03:24,2,26.755164634850264,13.276683541253853,0.0016988062826225584,0.5132981286621837
2026-01-01 00:03:24,3,40.57703636441313,6.887248693692863,0.000654646078291735,0.04830496376079052
2026-01-01 00:03:25,0,47.96509731849564,9.681991589953695,0.000461469819994416,0.2904779333100623
2026-01-01 00:03:25,1,83.89345906469788,11.653168420469168,0.0012117888024873657,0.3181618456645359
2026-01-01 00:03:25,2,14.33383491721972,7.514614064242026,0.0015937111554929992,0.1090025129325009
2026-01-01 00:03:25,3,36.58500414849892,10.69661137195125,0.0004890013163051816,0.35122955610428797
2026-01-01 00:03:26,0,15.094907599052556,7.9433429891063545,0.0015567223860476344,0.06272844196878166
2026-01-01 00:03:26,1,62.997569729532565,15.140112301947525,0.00011798781959545004,0.3533192347790317
2026-01-01 00:03:26,2,21.121251636850563,12.022585693201425,0.0005797688642132375,0.4511781535071834
2026-01-01 00:03:26,3,49.75221692414819,12.419329755709445,0.0005714723139964343,0.4268620229628884
2026-01-01 00:03:27,0,13.981639108381563,12.664201603246804,3.400738063372748e-05,0.17782975740425816
2026-01-01 00:03:27,1,25.348913755189923,9.037659855594756,0.0004882960868012762,0.1340830779932702
2026-01-01 00:03:27,2,38.47695853484124,12.559519031088545,0.0011255311046417063,0.24922926134929466
2026-01-01 00:03:27,3,42.507142490035875,11.329764864369748,0.00048374455717217226,0.28386941954021394
2026-01-01 00:03:28,0,31.65854774572102,9.982784391817788,0.0007967857733193858,0.4048235209384902
2026-01-01 00:03:28,1,20.52602495192986,6.8031682106939675,0.0007862850570642531,0.07085541972891957
2026-01-01 00:03:28,2,41.9187050709003,9.261451270283768,0.0006386192341170633,0.12020865384882178
2026-01-01 00:03:28,3,88.45426405288389,12.444911761136527,0.0006841905199653039,0.2721828390088957
2026-01-01 00:03:29,0,18.039282986052683,8.983617509276655,1.2242891047601052e-05,0.16162404585720466
2026-01-01 00:03:29,1,19.686756344954475,7.85565765512565,0.0002335252553113387,0.04943458963157488
2026-01-01 00:03:29,2,56.04892475384228,8.95632046804428,0.0003066345627359314,0.15248272617472075
2026-01-01 00:03:29,3,25.719552606774933,10.906345617928682,0.00109387255528919,0.295405673790158
2026-01-01 00:03:30,0,37.77401740027556,8.246380630632425,0.0004128974585732296,0.036683010316082246
2026-01-01 00:03:30,1,20.138976143438803,13.506997090450168,0.0013993119099842762,0.13281283540886799
2026-01-01 00:03:30,2,49.144610054038395,8.211138696247481,0.0012665796744960867,0.2188742860087579
2026-01-01 00:03:30,3,23.94364883267738,12.217748336612432,0.000815253140823195,0.19603381984546317
2026-01-01 00:03:31,0,23.668318876556718,10.942357183106513,6.58708754397759e-05,0.23339349352676994
2026-01-01 00:03:31,1,51.344682928721404,16.6225182728271,0.0009832603844375756,0.02158057788396621
2026-01-01 00:03:31,2,12.2626382961428,8.4029535711709,3.1454881991806644e-05,0.11123665787007087
2026-01-01 00:03:31,3,67.22493900736602,17.06531185496205,0.00029821266801402724,0.28753471671352787
2026-01-01 00:03:32,0,34.44919694401043,7.017225662312294,0.00034001306424076566,0.2967418660535307
2026-01-01 00:03:32,1,9.568182106729655,7.6887268579665795,0.00015963461851209977,0.2600667763459289
2026-01-01 00:03:32,2,19.298165478490724,12.427795705615384,0.000506360581832983,0.43777668258556296
2026-01-01 00:03:32,3,29.381276706433223,5.747135168944966,0.0009114837411179833,0.29948332339029937
2026-01-01 00:03:33,0,23.11524035054946,14.269789805224452,0.00047521109377298977,0.2857816977000429
2026-01-01 00:03:33,1,10.23258139590814,6.930557372238338,0.00038986514628176256,0.11462531673273091
2026-01-01 00:03:33,2,27.860969971659888,12.706458576025696,0.0011031337965874024,0.29333342414668706
2026-01-01 00:03:33,3,55.51633466925367,12.545071281993314,0.0004310605025556478,0.3968620252065477
2026-01-01 00:03:34,0,15.308851363543184,9.288552643572993,0.000375925448274871,0.3341006927277119
2026-01-01 00:03:34,1,39.00139211060466,17.28025224236825,0.000464275032984427,0.5756840525234523
2026-01-01 00:03:34,2,70.15699662016355,8.469092891413043,0.0006990470473689022,0.16961296881735333
2026-01-01 00:03:34,3,62.281730863328065,9.619535199785783,4.073278945292231e-05,0.24182482278758513
2026-01-01 00:03:35,0,22.556033575617487,10.18115131163402,0.0027361549863810985,0.11628757832505883
2026-01-01 00:03:35,1,11.943990351858202,8.714314059384307,0.002509078108513314,0.2721134380082768
2026-01-01 00:03:35,2,43.667688521562006,10.243026267469755,0.0005752274279279616,0.22050064211705842
2026-01-01 00:03:35,3,43.92677377266144,10.804913435582757,0.0007126618880010801,0.30786146999785763
2026-01-01 00:03:36,0,41.85587798896144,14.527735960513482,0.0003034943133979871,0.458359285422328
2026-01-01 00:03:36,1,21.038795669636205,11.791405394307876,0.000644389450886811,0.16825365003352957
2026-01-01 00:03:36,2,54.96313315227712,13.705405053484077,0.004488719055973338,0.5567819824218901
2026-01-01 00:03:36,3,41.06664569922002,6.463663803151776,0.0008111379449000536,0.251758828927384
2026-01-01 00:03:37,0,45.845106871300366,13.631955225312417,0.00023370364010072702,0.4493604671523302
2026-01-01 00:03:37,1,28.78704454898674,8.696084429692316,0.0008928623417047536,0.207892111541957
2026-01-01 00:03:37,2,34.037363497097324,11.216931697060947,0.0005062574702894485,0.3039329525252668
2026-01-01 00:03:37,3,91.74895643851528,11.976445850858546,0.00011009714425301032,0.30275975241631287
2026-01-01 00:03:38,0,18.000486831366292,10.280465000359655,5.3372976449042855e-05,0.0673188624917851
2026-01-01 00:03:38,1,45.26423489643906,11.390769038903588,0.0002529564958302936,0.13093650650891728
2026-01-01 00:03:38,2,59.94152273070832,11.476468365582944,0.0017367445347920914,0.4434362535564668
2026-01-01 00:03:38,3,146.8660528111686,15.182970494979724,0.0006559933358935605,0.2910339805537801
2026-01-01 00:03:39,0,8.04522255132173,14.993791468454429,0.0004411138808033149,0.1852997306228512
2026-01-01 00:03:39,1,39.76312379422823,14.307345657505522,0.0004768124787443851,0.25220200676122284
2026-01-01 00:03:39,2,49.6941160816346,9.777144777032907,0.0003148282647062724,0.29258318563430585
2026-01-01 00:03:39,3,8.981715199322258,9.96106845609253,0.0008141862439188647,0.14005204546747976
2026-01-01 00:03:40,0,90.66178925948692,9.098881264990748,0.00015766986264137973,0.3395778261217734
2026-01-01 00:03:40,1,43.19495493528421,11.067774345851296,0.0015829990465061811,0.17446990497205997
2026-01-01 00:03:40,2,29.682482786333154,7.292172194965462,0.0003212717883995016,0.20425705660986535
2026-01-01 00:03:40,3,23.9253901705286,14.418934712425909,0.0014902800300633148,0.35035352646451134
2026-01-01 00:03:41,0,44.541819697048126,13.010330838097435,0.00010036839911481888,0.3396033175067195
2026-01-01 00:03:41,1,11.12906606932417,10.498733747064458,0.0015557092498906433,0.28442911708212565
2026-01-01 00:03:41,2,73.56807365724134,10.265162051161065,0.00041652569809516707,0.14324541501778562
2026-01-01 00:03:41,3,85.48841854689672,15.501955903425022,0.0009682645101427441,0.5816114716578616
2026-01-01 00:03:42,0,26.749754984553793,9.670319315300787,0.0002842998644183341,0.19551152351562118
2026-01-01 00:03:42,1,34.251328229933435,4.775259088641045,0.0009036873557646617,0.15038104397156044
2026-01-01 00:03:42,2,29.789980096167398,15.195052922147877,0.000313503878483607,0.35493340599741446
2026-01-01 00:03:42,3,24.806122777606674,16.321689052724203,0.00179446171756552,0.5592222587103682
2026-01-01 00:03:43,0,104.23580276068013,11.256695638274747,0.0003459391521280139,0.34491357822214436
2026-01-01 00:03:43,1,213.7854145992148,11.412988511416236,0.0011636279387746038,0.4849450261015417
2026-01-01 00:03:43,2,39.2856483399264,7.922457503905464,0.00042201526737337716,0.1967071641007909
2026-01-01 00:03:43,3,23.601379488833057,9.518034710873266,2.5818202674405752e-06,0.3365987985738156
2026-01-01 00:03:44,0,39.75126519837188,11.13757760729727,0.001905307370424762,0.45058001197318637
2026-01-01 00:03:44,1,26.824465462438468,11.538026759935754,0.00022979325527478227,0.3505400396418047
2026-01-01 00:03:44,2,79.31503816648556,9.235244143378331,0.0009320998216596159,0.27304769170841403
2026-01-01 00:03:44,3,22.923198262421266,15.559233784782018,0.0030766717963390334,0.48895441275695395
2026-01-01 00:03:45,0,42.6611150380546,14.13363386358554,0.00030849473102286044,0.24165636117956535
2026-01-01 00:03:45,1,28.37199986155999,7.647648172871553,0.000807627720350361,0.253303658427498
2026-01-01 00:03:45,2,35.01971097953403,12.918313546896687,0.001201668831637769,0.4248796819483954
2026-01-01 00:03:45,3,13.45194712417784,9.743742523504526,0.0006548930998530894,0.2699001585426582
2026-01-01 00:03:46,0,24.55924387462441,11.070824687280709,0.00394051348911022,0.1550808503516431
2026-01-01 00:03:46,1,67.68222648892994,7.5926517767034,0.0005141734027658238,0.033869248539229804
2026-01-01 00:03:46,2,24.625756022580667,14.603821392756672,0.004418688588660104,0.3665046079158468
2026-01-01 00:03:46,3,104.24933310633378,15.212817261353743,0.0008274024553517999,0.543489490396189
2026-01-01 00:03:47,0,14.884406439818521,9.33006046847478,7.747090698846173e-05,0.18418050359638705
2026-01-01 00:03:47,1,75.29741169883818,11.716777089012918,0.001918014092354628,0.46655879243808385
2026-01-01 00:03:47,2,30.959156367602763,9.159460290213923,0.00043959468693322175,0.20171875563768743
2026-01-01 00:03:47,3,44.69569545907576,11.25983944043301,0.0004652211663709929,0.3102337424980274
2026-01-01 00:03:48,0,44.198406837835996,9.64558095280148,8.463284177636825e-05,0.4101115451874793
2026-01-01 00:03:48,1,41.62655216907417,12.665773529039429,0.0005410825749604659,0.35766481128620387
2026-01-01 00:03:48,2,17.03091028821071,9.47908206682103,4.163866089759742e-05,0.35678682375023346
2026-01-01 00:03:48,3,18.33890198959467,9.086642170166323,0.0011216911256490744,0.32051012531574186
2026-01-01 00:03:49,0,62.629197064452896,9.167640370551107,0.0032307288002201818,0.3482332740234588
2026-01-01 00:03:49,1,44.227129162495,7.067612766139116,1.2165551203201615e-05,0.21015935284339768
2026-01-01 00:03:49,2,35.13527987201594,9.40717530834957,0.001647596823539638,0.1849095272613794
2026-01-01 00:03:49,3,72.68037781263261,11.140242348241124,0.0012645156403088655,0.42376719472885216
2026-01-01 00:03:50,0,42.84559299177304,9.825272401420428,0.00018070879841479824,0.1634031400370652
2026-01-01 00:03:50,1,144.4933312426857,13.299661568524636,0.0001650443883385737,0.29055950940111047
2026-01-01 00:03:50,2,77.91431481399019,10.843008184534368,0.0010320977085533703,0.37278354896650256
2026-01-01 00:03:50,3,12.263419863539983,9.066358791981054,0.0006488250784675755,0.23551233973316976
2026-01-01 00:03:51,0,159.69123728990039,11.896317614046046,0.0032759406208187247,0.45443594234479745
2026-01-01 00:03:51,1,24.84898959694549,12.427228302276555,0.0008545693671444536,0.32082835641773594
2026-01-01 00:03:51,2,8.962975795278966,7.5349717057704035,0.0023459412594330725,0.18687867208238926
2026-01-01 00:03:51,3,27.22282961213715,10.252146084351562,0.00035472067546474804,0.04148644758297319
2026-01-01 00:03:52,0,50.98217992393454,9.650270217223659,0.0007045153516178949,0.36904177991021564
2026-01-01 00:03:52,1,42.761705999098226,9.917600002164818,0.000878436058608092,0.17891626778488975
2026-01-01 00:03:52,2,16.266483000019228,12.302953966435261,0.0002862387126622126,0.1474700495455843
2026-01-01 00:03:52,3,28.74369649716002,11.782328610677753,0.0015196824124873443,0.356642336600777
2026-01-01 00:03:53,0,37.52565851207167,15.954377297743385,5.097486884244986e-05,0.3348747804525811
2026-01-01 00:03:53,1,31.48906637634777,7.873067179592499,0.00018749973214844825,0.2860646991892796
2026-01-01 00:03:53,2,14.292061829677467,12.388036565927097,0.001433345139514431,0.29712506144209866
2026-01-01 00:03:53,3,22.330362067063433,10.966651175082706,0.00023049829283949757,0.26272224417272233
2026-01-01 00:03:54,0,20.646162026846238,7.995203954768724,0.0007695882592522249,0.30975965583634135
2026-01-01 00:03:54,1,128.51705152856064,7.114400729339203,0.0004085446573805701,0.30060796531549955
2026-01-01 00:03:54,2,30.274470109618562,16.389336442223502,0.002029923851619153,0.271520174383229
2026-01-01 00:03:54,3,29.445823838866794,11.395439749607437,0.00016950406313205133,0.3107989780213404
2026-01-01 00:03:55,0,15.101188438422765,10.730038886632194,0.0004947339729784176,0.24434597993050228
2026-01-01 00:03:55,1,25.604647336779433,16.58071261959728,0.003578137198403052,0.3903746433820492
2026-01-01 00:03:55,2,30.86338596950296,8.33079736995996,0.00175968517965527,0.23574346237914157
2026-01-01 00:03:55,3,61.14928309449585,10.974503950135224,7.481567807942318e-06,0.3857354477121461
2026-01-01 00:03:56,0,43.09690120919185,12.922426330104187,0.0005507950799928077,0.10074792940270637
2026-01-01 00:03:56,1,135.57712812374882,11.746312284328653,0.0002747352093391423,0.4592633187286534
2026-01-01 00:03:56,2,42.31088854543335,15.3376229317002,0.002300233496609452,0.5574531706872246
2026-01-01 00:03:56,3,41.813256188920874,11.357180615605397,0.0017335258443375082,0.4490622060875075
2026-01-01 00:03:57,0,11.969941879912373,15.04881365788517,8.937627358374787e-05,0.39909126339711654
2026-01-01 00:03:57,1,60.121479260488044,14.579677523754631,0.0008352165393196587,0.15106910437875176
2026-01-01 00:03:57,2,22.171315349690197,8.211787545873747,0.0001669309466027152,0.09213467700258259
2026-01-01 00:03:57,3,32.52903823807939,13.41936904814668,0.003892156457121027,0.29570648157271173
2026-01-01 00:03:58,0,18.53926549225376,8.789850456172777,0.0007093103563687476,0.07680716860549044
2026-01-01 00:03:58,1,14.63961149855424,10.163722208161719,0.00039754382178371355,0.21316707243420122
2026-01-01 00:03:58,2,61.87161000508302,8.4493211412658,0.0003443026348415224,0.2421731700684261
2026-01-01 00:03:58,3,32.270813297197165,12.882332065213461,0.0001800136415143779,0.5817922835494544
2026-01-01 00:03:59,0,85.2678388989513,10.857153408014353,0.000412851515736981,0.2740986744648867
2026-01-01 00:03:59,1,33.772536198226206,12.704157744960975,0.0006662378579606685,0.4905028124260634
2026-01-01 00:03:59,2,29.98027510669589,10.959656400815284,0.00022983571499861675,0.41005611262239294
2026-01-01 00:03:59,3,5.0,10.449104316564174,0.0010856045672621596,0.09420387360907569
2026-01-01 00:04:00,0,37.234313183344874,8.373804070276023,0.0003246270032070527,0.25721586849537537
2026-01-01 00:04:00,1,61.68472231644886,10.625652960732278,0.00023491768659538443,0.35123561785459956
2026-01-01 00:04:00,2,102.01117693546989,15.552099029427119,0.0001779001808635429,0.571640147050515
2026-01-01 00:04:00,3,88.67100733366432,12.372875296058382,0.0004369357871018905,0.45503615785036455
2026-01-01 00:04:01,0,99.19908415162404,8.842058692063775,0.0014145665954746116,0.051235410760624524
2026-01-01 00:04:01,1,57.31076110334363,10.077823568841355,0.0013908387241438986,0.3675894503554472
2026-01-01 00:04:01,2,41.31632071669278,10.609671754389247,0.001620346342351399,0.18905666831189702
2026-01-01 00:04:01,3,41.857793173460465,11.190317003338054,0.00042267064600806013,0.48575065717712507
2026-01-01 00:04:02,0,78.76895639586516,9.797184614615283,0.00025749761181733207,0.3375990378611414
2026-01-01 00:04:02,1,49.29275032328403,15.225761611394548,0.001243628649231091,0.3674254654476574
2026-01-01 00:04:02,2,9.747322288860524,13.804180520583909,7.38930161248801e-05,0.21291602902247864
2026-01-01 00:04:02,3,23.933139431581075,9.829180021152366,0.0012700270925976751,0.20416295260260103
2026-01-01 00:04:03,0,42.54311966719382,11.998399284771759,2.913174025822951e-05,0.29707743472742104
2026-01-01 00:04:03,1,36.37754149180973,16.629803209226882,0.0022877179603810484,0.45352040510143876
2026-01-01 00:04:03,2,95.08737824090747,10.439912190231373,0.0007109744617915083,0.17023479926785004
2026-01-01 00:04:03,3,62.240423584614895,12.608198708552827,0.0027501643976468363,0.3914519318798175
2026-01-01 00:04:04,0,47.83279253427275,6.283040698646963,0.00041429775419763164,0.22793465460916157
2026-01-01 00:04:04,1,16.769063433128053,14.195215306901755,0.0011130854928782556,0.5266654480504016
2026-01-01 00:04:04,2,5.4753390882089645,9.531732908389642,0.0007539078902219568,0.13960659406046966
2026-01-01 00:04:04,3,18.5209313306342,12.706947558371642,0.001223149861125778,0.4080975753651246
2026-01-01 00:04:05,0,41.80629196381719,18.395295027011713,0.00013380479926325544,0.4813613788253605
2026-01-01 00:04:05,1,24.95778865923064,7.205336088813078,0.0010631842758219217,0.14990962213290904
2026-01-01 00:04:05,2,17.998379824330716,12.632680719217015,0.000763039528983937,0.31750667951016215
2026-01-01 00:04:05,3,44.25423541880421,7.750803304386792,6.114774907430323e-05,0.16511452903038487
2026-01-01 00:04:06,0,14.679491750001777,9.355556930707538,0.0008243709727401029,0.41972808522470995
2026-01-01 00:04:06,1,67.08039949320987,11.774540901131525,0.0018647147597398534,0.4367101622553028
2026-01-01 00:04:06,2,18.040200369375473,11.431344029665652,0.0008514428447772737,0.3587144301746651
2026-01-01 00:04:06,3,27.64472066626532,13.671056603579434,0.0002756258243593055,0.2886454622551928
2026-01-01 00:04:07,0,50.40111584506275,10.56155845200275,0.0021559623465659075,0.02
2026-01-01 00:04:07,1,7.187346196234904,9.06875496627243,0.0005111264095023687,0.22660744469624328
2026-01-01 00:04:07,2,16.101068988415683,13.46113127140303,0.0004997489078055955,0.5935322781829746
2026-01-01 00:04:07,3,81.34866867219601,17.00194667172781,0.00011214187955186406,0.08303861628144749
2026-01-01 00:04:08,0,14.887835780456715,9.278560635048098,0.0019091159672932731,0.25309892385560495
2026-01-01 00:04:08,1,9.204183834918505,12.016770983906888,6.368135967832092e-05,0.37110545628130187
2026-01-01 00:04:08,2,6.4292385428917616,14.68787826412101,0.0005130275388225596,0.37668849686931083
2026-01-01 00:04:08,3,53.08122212369482,15.287852690097909,0.00041623561831068844,0.6347206628569307
2026-01-01 00:04:09,0,9.949573236233283,12.810610229180718,0.00015011128648633547,0.20848711519647048
2026-01-01 00:04:09,1,24.73043398371967,10.89472321354269,7.626696883153493e-05,0.3680897233764733
2026-01-01 00:04:09,2,53.30012816583499,12.413972368143268,7.522688572540505e-05,0.4544278093604684
2026-01-01 00:04:09,3,17.747903379227164,17.115963029134342,0.0003621931325245655,0.5389404048352826
2026-01-01 00:04:10,0,34.54253300159489,13.506541070231034,0.00024319520630960252,0.40670233469215267
2026-01-01 00:04:10,1,42.39946067972001,13.633865885167054,7.489391587957275e-05,0.24848309181631423
2026-01-01 00:04:10,2,61.27883224516788,8.18325433939338,0.0009106775745841663,0.2344262154106352
2026-01-01 00:04:10,3,35.00542606194334,17.753560733116668,0.001777512247048177,0.6621310175536371
2026-01-01 00:04:11,0,108.24746174184244,10.457009111633772,0.000283295390551325,0.25728231726491424
2026-01-01 00:04:11,1,77.95325021458636,8.918253087042752,0.00022791749491863202,0.40109741519901876
2026-01-01 00:04:11,2,51.34706649310848,9.645023938761923,0.0006080252530458981,0.3882352351493093
2026-01-01 00:04:11,3,65.93026618434772,16.75181573830817,0.000346332550397628,0.5626991423645895
2026-01-01 00:04:12,0,39.43328762734839,14.120276401910417,0.0017675894914810806,0.45558337528923204
2026-01-01 00:04:12,1,33.074285774380314,10.546086250269317,0.00026313639033669967,0.29522613135309
2026-01-01 00:04:12,2,21.23378726775984,10.852730787382084,0.0009282765064686627,0.15598220644763866
2026-01-01 00:04:12,3,75.49103438983889,20.00773764483242,0.0016112526616862519,0.6692708219635598
2026-01-01 00:04:13,0,46.518003746220856,14.314149023802022,0.00013813378332922695,0.30521221126733356
2026-01-01 00:04:13,1,29.465506004979332,12.427478020420672,0.0015176755122561874,0.33509707286399054
2026-01-01 00:04:13,2,32.5901044879784,9.127962643709337,3.501419402603349e-05,0.1830716962788331
2026-01-01 00:04:13,3,25.78442129490485,16.112463182028648,0.0005825495147741248,0.3132257315991993
2026-01-01 00:04:14,0,22.203009573980975,9.773092081027196,0.00017308980335215064,0.24887094186909026
2026-01-01 00:04:14,1,16.497748712293774,11.133890423842129,0.000981024672895836,0.27451671737250394
2026-01-01 00:04:14,2,5.50682425614081,13.688235688082964,0.0004963098776712845,0.5553457019145105
2026-01-01 00:04:14,3,105.73279722716097,15.638315771175902,0.00033809557309790345,0.5516077699182439
2026-01-01 00:04:15,0,15.483031153247365,9.872572691611417,0.0001781834755252756,0.30209503061918325
2026-01-01 00:04:15,1,29.2091754549159,11.107709796950305,0.0005615161142407954,0.194549094283432
2026-01-01 00:04:15,2,33.63823389682843,9.013597233194671,0.0001643857018295908,0.3029717859551836
2026-01-01 00:04:15,3,59.11695072578266,8.960668214784091,3.272328625250701e-05,0.38895559827149145
2026-01-01 00:04:16,0,95.14168561837454,11.903585416059443,0.0007009820725921229,0.3832006242460666
2026-01-01 00:04:16,1,23.176252599470022,10.350226232859622,0.0002639246341803502,0.13529174407882402
2026-01-01 00:04:16,2,19.374503082184773,12.598068711453383,0.00021873348469589825,0.5184967850261328
2026-01-01 00:04:16,3,35.09165340312502,6.15167957338177,0.0006986889999490105,0.2316052391116576
2026-01-01 00:04:17,0,28.35482658666556,8.037162343739821,0.0004059927965831827,0.2255175189745254
2026-01-01 00:04:17,1,12.711844749248103,8.657769424966727,0.000549896796268023,0.20741739452165703
2026-01-01 00:04:17,2,47.34512024551974,9.70534741020036,0.00016505475101763028,0.2423253948144055
2026-01-01 00:04:17,3,24.062931954118316,13.139803289602092,0.0007175463074968452,0.03697413845498734
2026-01-01 00:04:18,0,28.50090985325274,11.856278347566889,0.000557148027384057,0.3682491425890678
2026-01-01 00:04:18,1,32.97862582508027,12.987887907400644,8.169422969086555e-05,0.2746546725414506
2026-01-01 00:04:18,2,28.62410659087476,7.367137665970617,0.0006151467727116236,0.3264376821024456
2026-01-01 00:04:18,3,7.401494400260094,14.724399150267171,0.0004891424127605124,0.02
2026-01-01 00:04:19,0,66.47635016169757,20.81357738491586,0.0007771619920158657,0.37649934115885314
2026-01-01 00:04:19,1,54.873200272694824,14.606976101814936,0.0010156234594213517,0.5555730984556643
2026-01-01 00:04:19,2,191.5868348241876,8.749163368161524,0.0013211199024829195,0.2909361005087542
2026-01-01 00:04:19,3,24.533091936321313,14.77414692391547,0.0005754330172934867,0.48297647085332335
2026-01-01 00:04:20,0,10.78608345924387,7.1782980027621,0.0031174538209303424,0.19599595661558633
2026-01-01 00:04:20,1,45.67219006035869,10.915931039811845,9.84265243876326e-05,0.1880275471109977
2026-01-01 00:04:20,2,38.24602192452384,9.205007384020085,0.001522196846162513,0.3954173270314788
2026-01-01 00:04:20,3,18.97186550790236,9.084471099238677,0.002145062141219796,0.2980222448695168
2026-01-01 00:04:21,0,54.737733895119675,9.48733120788215,0.0017316638513214025,0.4020029618003506
2026-01-01 00:04:21,1,75.11760518832182,10.83927150344494,0.000465072779570375,0.25842078362169213
2026-01-01 00:04:21,2,96.36422773380716,6.5567690760888135,7.822230736250379e-05,0.2374967904684393
2026-01-01 00:04:21,3,38.880655138215396,14.770827154163019,0.00027640132545291653,0.317852023735534
2026-01-01 00:04:22,0,28.808282824863383,9.269287400732024,0.0010893988029959186,0.13854247850962523
2026-01-01 00:04:22,1,10.274830288078759,9.206531823354373,0.00012859383315524435,0.2936042694566799
2026-01-01 00:04:22,2,15.390980453694024,6.447047082279661,0.00030809750672978304,0.11005793264622125
2026-01-01 00:04:22,3,54.09406887586209,11.887678744925863,1.487411300380165e-05,0.5177655113974962
2026-01-01 00:04:23,0,21.33226348899943,13.368109983000018,0.0018844180340482836,0.16519552220878544
2026-01-01 00:04:23,1,35.59286862034993,6.49918735608742,0.0004018531434585418,0.24164815634342846
2026-01-01 00:04:23,2,30.26084381746288,10.485261820221748,0.0006763158093661263,0.27094175857127134
2026-01-01 00:04:23,3,57.33501460785208,12.157571247091674,0.0003906677692548901,0.21880419901303394
2026-01-01 00:04:24,0,19.310149868913232,9.21135702101345,0.00027976098063485326,0.11343873045804781
2026-01-01 00:04:24,1,33.017643830281145,14.129993832733579,0.00016980753398980434,0.27622114534945336
2026-01-01 00:04:24,2,21.35023933769196,7.561236686848202,0.0006721002080887152,0.10687084287538674
2026-01-01 00:04:24,3,19.69925802496703,12.65823354124541,8.243764939514395e-05,0.4234244858995484
2026-01-01 00:04:25,0,21.646290224123614,7.8569494236878175,5.611672379497079e-06,0.2847887969678245
2026-01-01 00:04:25,1,8.30099873693501,8.092331657511249,0.0015254419290154824,0.11092966206561879
2026-01-01 00:04:25,2,93.57964412495309,11.25760886569967,0.0010466684214523257,0.293957369406752
2026-01-01 00:04:25,3,41.05763562174801,8.248182214544125,0.0014416172813712562,0.3294261298822638
2026-01-01 00:04:26,0,5.54469301606831,9.195108717234849,4.158168011005296e-05,0.2688025233428534
2026-01-01 00:04:26,1,36.658701281288614,12.676778427988296,7.523929289331862e-05,0.35837275474390684
2026-01-01 00:04:26,2,26.379931398770783,15.492230929253708,0.00013746675330455384,0.38821545764562854
2026-01-01 00:04:26,3,72.46202866462701,10.890554209558957,0.0015638373517645008,0.11409885657558966
2026-01-01 00:04:27,0,46.479741797441726,8.171414369983374,0.0009227417884290626,0.1450255824821306
2026-01-01 00:04:27,1,22.21115224607278,14.60892570253862,0.00032929947401838045,0.3586361452227798
2026-01-01 00:04:27,2,21.306158047725027,9.727790287651006,0.001633023392940962,0.22589249589404398
2026-01-01 00:04:27,3,27.988018195821606,11.486291211552976,0.00022323940312880884,0.5509607831879524
2026-01-01 00:04:28,0,141.26929019675737,7.797013332500886,6.429179003135513e-05,0.20310717975901033
2026-01-01 00:04:28,1,49.31670106251017,9.463818416832764,0.00022840234919048377,0.28991895090353326
2026-01-01 00:04:28,2,63.99909799115183,8.211048152530156,3.518314525137392e-05,0.3645947814326008
2026-01-01 00:04:28,3,98.8882191576064,11.644544184996562,0.0017547797673738595,0.45570667789500435
2026-01-01 00:04:29,0,125.46524911503725,7.16202625084732,0.0018425441408270822,0.16021391413379957
2026-01-01 00:04:29,1,28.964432214281665,12.56646387528887,0.00019869547862130742,0.42711114923407323
2026-01-01 00:04:29,2,41.56161881025665,14.321096740298039,9.093460381514955e-05,0.2381371753734483
2026-01-01 00:04:29,3,130.98421358720864,11.238409233555226,0.0007885535659770366,0.3251932673222061
2026-01-01 00:04:30,0,5.228222398865567,17.603413294306844,0.0017675049623743814,0.15381787821292206
2026-01-01 00:04:30,1,17.345005682088033,15.404186257216349,0.0014993994002737141,0.35467976683389785
2026-01-01 00:04:30,2,40.142219711964415,10.401487541267516,0.0006129861653446513,0.3461206410801246
2026-01-01 00:04:30,3,30.6955832429517,8.97587533021792,0.0006757109400894515,0.26232310491633737
2026-01-01 00:04:31,0,10.278479028269283,15.129721925663882,0.0006625610711859822,0.317907802676563
2026-01-01 00:04:31,1,13.777263146347515,13.124304171669987,0.001305051363220712,0.4594917459619621
2026-01-01 00:04:31,2,16.20624639761788,8.8505556044807,0.0012339795705047856,0.390935965990968
2026-01-01 00:04:31,3,29.160571976832315,14.20808595907615,0.0008719315991404852,0.40818330358691735
2026-01-01 00:04:32,0,23.78411820666737,7.585316265896303,0.00021176673870056586,0.17168854472442344
2026-01-01 00:04:32,1,46.85495281547186,10.454634048425168,0.0005653856289514387,0.3716037234662091
2026-01-01 00:04:32,2,51.03644606046372,15.931458185487138,0.000501871481614064,0.5225564586384179
2026-01-01 00:04:32,3,53.22674778002998,11.705401601463912,0.0014845786432662836,0.44433340302565255
2026-01-01 00:04:33,0,7.706088511553824,7.303533100462352,0.0008540891124147374,0.2030420114710562
2026-01-01 00:04:33,1,22.304393406925666,11.125115698623956,4.897082301004646e-05,0.26464229851336474
2026-01-01 00:04:33,2,139.97080124262587,12.648101585021173,0.00016499115611588727,0.40934668212870345
2026-01-01 00:04:33,3,30.15473303705761,6.473188406835816,0.002191614529040395,0.259458469966424
2026-01-01 00:04:34,0,37.02992418039741,17.11612041227943,0.0003291204790185921,0.16609948345817155
2026-01-01 00:04:34,1,17.180033993231323,9.652721510072665,0.001640780950244171,0.24949835197140607
2026-01-01 00:04:34,2,45.21007491785621,9.548944169476,0.002239055651895634,0.20835423502500086
2026-01-01 00:04:34,3,44.16970701277929,8.063957711743837,0.0023601021759002364,0.22512840184133248
2026-01-01 00:04:35,0,32.94192420599131,12.803080045088024,0.000834435333244039,0.5176896831199359
2026-01-01 00:04:35,1,21.47569309320105,6.687893825270338,0.002751461030948915,0.3364194303976629
2026-01-01 00:04:35,2,33.31391700360859,10.22999635463312,0.001118396052300954,0.41447252266102524
2026-01-01 00:04:35,3,46.61694517603004,16.964838086243518,0.00038570982583614445,0.6579272578533337
2026-01-01 00:04:36,0,56.46909533006871,13.530550385077955,0.0010800936617463449,0.23911994026044092
2026-01-01 00:04:36,1,31.35867632707201,21.111088350266705,0.0006056088501174104,0.58125482156154
2026-01-01 00:04:36,2,66.96403306159725,8.167731049373952,0.00011893872444117113,0.3710637633750549
2026-01-01 00:04:36,3,83.58233807648205,15.029000406778001,0.0023340185745916327,0.5913570287704237
2026-01-01 00:04:37,0,22.137579372039216,9.203016614157182,0.0006833812406159553,0.11078291934647155
2026-01-01 00:04:37,1,18.7565614929533,9.998885366800858,0.0001033742796432833,0.2103814315709021
2026-01-01 00:04:37,2,24.912197878013295,9.817440227921372,0.0010788600581052017,0.4145925646606339
2026-01-01 00:04:37,3,62.13301070323791,6.308768344035114,0.000421719495828018,0.2426787419233613
2026-01-01 00:04:38,0,38.88079542828587,10.553658926817132,0.00011817595107537313,0.3936021304263756
2026-01-01 00:04:38,1,37.697173121917466,8.145572112235989,0.0025966315574441133,0.18605031941997846
2026-01-01 00:04:38,2,29.883529377304132,7.162611215752651,0.0022097613103485695,0.07841498013469132
2026-01-01 00:04:38,3,55.32304415959629,25.2518018561897,0.00034007432011362354,0.6595405651982672
2026-01-01 00:04:39,0,40.23562480092842,10.57816389500125,1.1039343057258689e-05,0.3246902521150726
2026-01-01 00:04:39,1,13.507530954199888,13.554499725520799,0.00033105318991416284,0.4562413388127007
2026-01-01 00:04:39,2,21.06114246605891,12.340396071365383,0.0012822423862168255,0.06891402565401818
2026-01-01 00:04:39,3,22.851156299889606,11.43016116933749,5.662411827300118e-05,0.19271381836260995
2026-01-01 00:04:40,0,37.61304990224771,8.013597934982126,0.00027318157922096703,0.1424406124310042
2026-01-01 00:04:40,1,32.10083746421997,10.773977444357106,5.006863901331489e-05,0.15667595074793828
2026-01-01 00:04:40,2,45.10316031492937,13.4555846906182,0.0014988670256403619,0.42973333172613803
2026-01-01 00:04:40,3,49.91343552120898,16.59975286678735,0.004067969593518374,0.46097005305098526
2026-01-01 00:04:41,0,25.671449902732345,8.918105764342396,9.114988613271994e-05,0.31858820552599804
2026-01-01 00:04:41,1,9.398622542004912,11.24818614317721,3.480329478679928e-05,0.362079898044337
2026-01-01 00:04:41,2,12.678281708233163,10.26083755563479,0.0003581750048026087,0.15758575668998692
2026-01-01 00:04:41,3,49.54909934945137,14.187650962456106,0.00017999222155251868,0.3638132295386206
2026-01-01 00:04:42,0,24.244204987595932,5.694800005917254,5.953056210616081e-05,0.315925299256426
2026-01-01 00:04:42,1,10.446051587358198,8.556289281775765,0.00013707627047717982,0.21904344979297657
2026-01-01 00:04:42,2,155.6078307521459,16.104429059072572,0.0011336118782203724,0.4955926021854473
2026-01-01 00:04:42,3,36.58523788679502,11.840515084752504,9.972570191621117e-05,0.23205248615725454
2026-01-01 00:04:43,0,57.950282994384,14.460882406021723,0.0003338702147863945,0.4511337428653439
2026-01-01 00:04:43,1,26.91388776169036,6.624004131353889,0.0010895183252551245,0.1785600030472734
2026-01-01 00:04:43,2,146.7688847379271,12.255425531699212,0.0021728770981399685,0.42864817900488766
2026-01-01 00:04:43,3,66.26871661926128,16.785962085784647,0.00025947243283781074,0.5769041904501649
2026-01-01 00:04:44,0,75.79156135939954,12.823259880874708,0.004161457233118617,0.23678914811775947
2026-01-01 00:04:44,1,24.74138629788064,12.64478248947745,0.00029042574777963316,0.26547343746114266
2026-01-01 00:04:44,2,77.79603818005104,13.659021437548478,0.000759856948363195,0.4432681905502196
2026-01-01 00:04:44,3,89.90168118929844,11.42294520836221,0.0016622637830315335,0.42106751991700353
2026-01-01 00:04:45,0,33.76316095121991,10.77605762468255,6.932173922284094e-05,0.3747138500027182
2026-01-01 00:04:45,1,33.646788167364335,11.234358189426118,0.00017003068799678034,0.12656232644015594
2026-01-01 00:04:45,2,27.568337179809355,14.957492419393342,0.0015965792039079225,0.5361769626692554
2026-01-01 00:04:45,3,42.353543755309985,9.318414767132285,0.00040903758961268046,0.2663714613791314
2026-01-01 00:04:46,0,18.37879802974568,12.362047723894799,0.0009215146941719018,0.3136536817977293
2026-01-01 00:04:46,1,32.016165890614104,8.397485587025137,0.001959175880048331,0.3648100324355349
2026-01-01 00:04:46,2,14.426383118985584,9.281808500368962,0.00032612977996507325,0.1099034925709281
2026-01-01 00:04:46,3,18.549254101150623,10.426695243921305,0.00134427178155513,0.21877311566375374
2026-01-01 00:04:47,0,12.914294001277092,9.421859459278352,0.0016449677131336648,0.3375584236529119
2026-01-01 00:04:47,1,66.52634746249907,16.192073331296836,0.0004818814047875374,0.424477348931936
2026-01-01 00:04:47,2,35.32835928479317,14.632468192933104,0.0005572618598708921,0.2951408345729157
2026-01-01 00:04:47,3,42.91881719794597,12.594974726121038,0.0012229100681274683,0.4094919057022359
2026-01-01 00:04:48,0,8.235336018787551,8.747657212034392,0.0005857755912166856,0.11027782659722922
2026-01-01 00:04:48,1,20.119741702833927,14.234068024447513,0.000777830362474935,0.40688577699802425
2026-01-01 00:04:48,2,11.963341719572368,16.673880320654394,0.0009018461302961639,0.40844211362730165
2026-01-01 00:04:48,3,10.585914333971235,8.100347106116034,0.0024058527813033423,0.0951615708759495
2026-01-01 00:04:49,0,28.780876783594437,8.366006832981892,0.0007789477656593124,0.08864409973644032
2026-01-01 00:04:49,1,24.428676934981496,12.013440006292571,0.0005024503451430545,0.29877150292332394
2026-01-01 00:04:49,2,41.59493136442223,10.00048209036529,0.0006583868205561212,0.30736963697375874
2026-01-01 00:04:49,3,44.748698799960295,9.620541321289766,0.0008251816010588323,0.35830160052862514
2026-01-01 00:04:50,0,43.86540974271374,19.54284248188408,0.00038355683452608985,0.28499643898163607
2026-01-01 00:04:50,1,12.533315372047351,12.49919759333906,0.0005730909513322025,0.45586652335108585
2026-01-01 00:04:50,2,73.04234631487334,11.142396487477313,0.0024898568009022,0.2573260274772323
2026-01-01 00:04:50,3,58.367924464282694,14.31739687711715,0.0017224894336868282,0.6015901162720302
2026-01-01 00:04:51,0,29.30439514228906,11.267885673851639,0.0015569955973030651,0.4675922411356502
2026-01-01 00:04:51,1,80.44908787362505,7.4408991896269745,5.833119754125821e-05,0.2520114071565212
2026-01-01 00:04:51,2,33.84910765462248,9.022232826838692,9.835492342495534e-05,0.40536216283622956
2026-01-01 00:04:51,3,45.87135150190235,10.257356830717372,0.0009016299373373921,0.26084358892310483
2026-01-01 00:04:52,0,18.37748355365868,10.054618150100843,1.9526417304326246e-05,0.14159779149522622
2026-01-01 00:04:52,1,32.387849886594715,13.507401413322158,0.00017041933076521914,0.02
2026-01-01 00:04:52,2,34.954642199912996,11.536388901414938,0.0010367484283324015,0.400552673594959
2026-01-01 00:04:52,3,13.366211407555934,9.752513205976799,0.00016250021326093427,0.12717145523806528
2026-01-01 00:04:53,0,36.566667599396695,9.657954632159523,0.000641633632567451,0.21605005884900907
2026-01-01 00:04:53,1,64.54672615911974,12.929660640439096,0.0006558199559222588,0.3597878055069336
2026-01-01 00:04:53,2,60.24919473363161,14.635250923360333,0.0005444653546626564,0.5004077638914317
2026-01-01 00:04:53,3,89.37218906828083,15.814823184320574,0.0008042128846153788,0.6145108732456838
2026-01-01 00:04:54,0,21.343693310742363,14.026548864546621,7.139057607725623e-05,0.10310616188844823
2026-01-01 00:04:54,1,58.67354068795766,9.746722463798882,2.0416859183737525e-05,0.12772794458833142
2026-01-01 00:04:54,2,9.021161951956028,17.453121941737074,8.077498635381944e-05,0.44503769172148105
2026-01-01 00:04:54,3,47.255248572777724,13.594523914795152,0.000695143332562551,0.40319793926169273
2026-01-01 00:04:55,0,22.87082204899231,16.373885720881823,0.0008801685719479813,0.3365849024754081
2026-01-01 00:04:55,1,31.701929041109445,8.256161903830849,0.00025153623472376355,0.28372087896850334
2026-01-01 00:04:55,2,25.731566291523844,8.522393556971924,0.0009031832871392707,0.31576463129191074
2026-01-01 00:04:55,3,40.36160877673869,14.458728874325018,0.0009714922898629571,0.18365574084472905
2026-01-01 00:04:56,0,24.884731323442477,7.9787712627643845,0.0013965559389352274,0.32721485695549113
2026-01-01 00:04:56,1,52.576671798616296,11.729135208575846,0.00017105141583702773,0.3407443228993611
2026-01-01 00:04:56,2,14.631866543811524,8.340008387838498,0.00020947346302458287,0.1584403294329858
2026-01-01 00:04:56,3,33.420953640376666,14.788895652349089,0.0003829133186599265,0.3514110574570858
2026-01-01 00:04:57,0,33.479396195613226,12.083678174115892,0.0001270349913302533,0.37894159258564836
2026-01-01 00:04:57,1,33.147284021890094,10.88005291562841,0.002661395905350447,0.45593617276202486
2026-01-01 00:04:57,2,39.272469759545515,10.718203767506342,7.537635713132572e-05,0.37215820572969616
2026-01-01 00:04:57,3,48.75854212270535,13.761079307936477,0.0006695499598945451,0.2476936303293754
2026-01-01 00:04:58,0,14.990054249412864,11.567106607299475,0.00030320756061665883,0.3363254391556516
2026-01-01 00:04:58,1,29.612665759806436,16.38105463404071,0.0001508243086555292,0.39431541585284263
2026-01-01 00:04:58,2,18.62456717742827,11.844467004224196,0.002350207602725903,0.462249374422362
2026-01-01 00:04:58,3,32.27480004810064,11.57835291520836,0.000229930675545398,0.5121894843983327
2026-01-01 00:04:59,0,110.54179084653573,13.703210099502218,0.0006173228510101389,0.1535729252515484
2026-01-01 00:04:59,1,32.73892154345059,10.128736258085278,0.00010474802185522052,0.27755688665700423
2026-01-01 00:04:59,2,16.290738428881884,11.659879109727871,0.0005024388916893619,0.27949935115376434
2026-01-01 00:04:59,3,20.388821732325795,8.476235724621418,0.0013204202370442186,0.26328699848314
2026-01-01 00:05:00,0,38.02839125230094,11.206762959185522,0.000598009509197759,0.2854236550983342
2026-01-01 00:05:00,1,60.43292052473625,8.962953495002926,0.001450460972928875,0.4192254888376951
2026-01-01 00:05:00,2,45.12501440911033,5.1140214888161255,0.0001114554448572542,0.17664030651541276
2026-01-01 00:05:00,3,24.106161964471298,13.126358394169607,0.0008362911479040955,0.22376440539937154
2026-01-01 00:05:01,0,18.06500823566113,8.603628750371332,0.0004676236330540597,0.031785855892424504
2026-01-01 00:05:01,1,133.47707348983863,9.011640131603736,7.202109924176957e-05,0.24768209817016665
2026-01-01 00:05:01,2,23.15646378403462,13.844459516758448,0.002783067894273033,0.40601903548190715
2026-01-01 00:05:01,3,53.580504073756494,19.060786525387556,0.00088274137184159,0.47294694574252033
2026-01-01 00:05:02,0,40.89606182941411,8.522341603144543,0.0019430555660938287,0.11535140217829429
2026-01-01 00:05:02,1,43.41879356806516,11.19187564006475,0.001399013460182805,0.4071174394191835
2026-01-01 00:05:02,2,47.55642366989259,15.804074226575418,0.00011921896772090276,0.3114734053990166
2026-01-01 00:05:02,3,41.90281872104561,9.76326871491581,0.0008546548808755663,0.5056720962312562
2026-01-01 00:05:03,0,30.89677018328257,11.25534651093722,0.0010271825750309774,0.21410421186353334
2026-01-01 00:05:03,1,46.33153732107662,8.794262948058027,0.0013009654323395366,0.14191717202792525
2026-01-01 00:05:03,2,157.4925170907409,23.0306046526379,0.0010501473196825942,0.7189022147234165
2026-01-01 00:05:03,3,20.242712943314043,8.71332696281959,0.0003775337702967142,0.059161790550008274
2026-01-01 00:05:04,0,120.88230724682394,9.48395758697991,4.356188127547597e-05,0.39650470586231895
2026-01-01 00:05:04,1,31.324383538335304,8.355605742854477,9.051766250594183e-05,0.20671447235469087
2026-01-01 00:05:04,2,44.86922875310873,10.881574981255199,0.00020147600478889733,0.35540717313956627
2026-01-01 00:05:04,3,98.23316217050758,16.103596359347442,4.589414635289528e-05,0.5539267001371324
2026-01-01 00:05:05,0,97.24826837246675,15.363152501098227,0.0004258921988037095,0.4041841593462469
2026-01-01 00:05:05,1,17.885125214722503,13.768212646423468,0.0011033918824328707,0.4300141129383783
2026-01-01 00:05:05,2,34.71316862211151,10.274065736464554,0.0009352858615718662,0.317262171407226
2026-01-01 00:05:05,3,92.56246554080131,8.935606717739592,0.00015184108589332332,0.19706440770223932
2026-01-01 00:05:06,0,19.562107699388726,9.823184443487548,0.0015660933646355001,0.3061586779617562
2026-01-01 00:05:06,1,107.24884886161414,11.410431499415537,0.0007960941111045197,0.41443015289451235
2026-01-01 00:05:06,2,24.51638598716906,10.25639838013586,0.0018292931223483969,0.2631561368435637
2026-01-01 00:05:06,3,20.870650112268915,13.242887085497983,0.0001981026142609733,0.1412470614194623
2026-01-01 00:05:07,0,57.1082897627993,9.723959702078238,8.28982944795856e-05,0.24652494688255788
2026-01-01 00:05:07,1,78.76151514224118,10.587192995627671,0.0017454744542062539,0.3148682163706479
2026-01-01 00:05:07,2,18.77824404396047,9.369799524425913,0.00035655487281050624,0.12963342236226452
2026-01-01 00:05:07,3,27.58683379498907,9.804363424174964,0.0009544025557047435,0.26334618451165637
2026-01-01 00:05:08,0,13.320707308551905,12.310443437013596,0.0011571829031515643,0.2705601339512626
2026-01-01 00:05:08,1,17.47633628728572,9.046216055783233,0.0010436984499356955,0.18403620821521216
2026-01-01 00:05:08,2,10.102568767163884,11.043501217447016,0.0004752783072182703,0.18535785545013952
2026-01-01 00:05:08,3,96.13554031190823,11.552490588725895,9.469234237595804e-05,0.537075866460547
2026-01-01 00:05:09,0,40.78384226153046,10.57130045456615,0.0004148208533450193,0.2778857338823008
2026-01-01 00:05:09,1,15.68997066526564,8.872005290190952,0.002383684846232777,0.16409951257196254
2026-01-01 00:05:09,2,5.295309826987349,10.096935784174152,3.989634532998099e-05,0.38218923644624603
2026-01-01 00:05:09,3,34.01174138782264,14.347252079925738,0.0011587737191225843,0.5180103099738299
2026-01-01 00:05:10,0,48.7010169190152,8.836297651874041,0.00018928285892941266,0.42620487608517693
2026-01-01 00:05:10,1,17.360403862547994,7.248126895430234,4.395391739049382e-05,0.3052910641387472
2026-01-01 00:05:10,2,7.894270224365848,11.648540540674244,7.17158381365751e-05,0.178635794896767
2026-01-01 00:05:10,3,10.18691737532812,14.701746922360966,0.0006475580761169398,0.5263352243637939
2026-01-01 00:05:11,0,15.271080724522422,13.515496327407785,0.0002559958984921557,0.3711985178021919
2026-01-01 00:05:11,1,16.798849106702853,9.400516381568174,1.930152309823043e-05,0.18000048652458017
2026-01-01 00:05:11,2,32.5227524498431,11.926281813054702,0.0015566088148530487,0.3778132911661762
2026-01-01 00:05:11,3,12.237035340150406,8.469091588118399,0.000302913084636164,0.3198826803911128
2026-01-01 00:05:12,0,94.4781640983032,14.778103410924404,0.004099792678027279,0.36329633767247876
2026-01-01 00:05:12,1,34.444322939841925,10.1264237171826,0.0006204284767515057,0.3982018451690401
2026-01-01 00:05:12,2,20.849669155370982,10.80598146719817,0.0002727702052183667,0.240106357311357
2026-01-01 00:05:12,3,38.13956725089277,7.865122367404624,0.001448136061580656,0.2027093226182159
2026-01-01 00:05:13,0,49.557271460128796,9.012495114609589,0.0006682041446086079,0.3378904234277277
2026-01-01 00:05:13,1,13.964318694415757,12.328799989564525,0.0003745442074260602,0.5357441765194372
2026-01-01 00:05:13,2,24.49044177893511,11.962888046666068,0.0019498466844186635,0.3762345571024826
2026-01-01 00:05:13,3,42.537613222099786,16.68751317874461,1.159679047791608e-05,0.6150042766035059
2026-01-01 00:05:14,0,18.336794705884206,9.022467329394878,0.0008883844672231384,0.062050114954328696
2026-01-01 00:05:14,1,59.94313252882401,9.526293899862994,0.0007016450127100226,0.38182810853112154
2026-01-01 00:05:14,2,29.399599620976872,7.925291059696133,0.0016244655508927534,0.30464329990796957
2026-01-01 00:05:14,3,28.01841489114269,7.53608752600071,0.00048177643078752404,0.32997639993478256
2026-01-01 00:05:15,0,45.10939928179451,8.544881777682884,0.00032518975342743874,0.2926129101488695
2026-01-01 00:05:15,1,19.01063581682191,7.892699636804485,0.0008688144201419336,0.17617107219694536
2026-01-01 00:05:15,2,80.59963039889541,12.577999695426898,0.0012469749324337952,0.4280102227779691
2026-01-01 00:05:15,3,14.147465339922402,15.749600542308219,0.0004539134645757253,0.47556907677266164
2026-01-01 00:05:16,0,100.4333367463616,11.174041472352737,0.0011222239304102019,0.3426599416202149
2026-01-01 00:05:16,1,18.802562733246877,10.653897873296751,0.0006490801741104777,0.13396279991877927
2026-01-01 00:05:16,2,30.77207580343994,10.248784441836802,0.0006409822054050517,0.28759914532429465
2026-01-01 00:05:16,3,37.96763457454374,16.247603085935395,0.001767059757615399,0.08529844600263228
2026-01-01 00:05:17,0,37.1235949597184,12.623521484008084,0.00012951502539220632,0.5027255225002079
2026-01-01 00:05:17,1,6.985887895732631,10.577347175546944,0.0002590939713130514,0.0483479784887613
2026-01-01 00:05:17,2,26.73352202121577,11.246751774772047,5.415024394361401e-05,0.21002465778275842
2026-01-01 00:05:17,3,32.13301218230825,10.781989518854319,0.001938357931810043,0.11256407731426388
2026-01-01 00:05:18,0,32.97733642921342,15.666972982517086,0.00016667976649644103,0.12548620351894624
2026-01-01 00:05:18,1,40.05268127672322,13.536020099219256,0.0007015457150827905,0.38825778058712346
2026-01-01 00:05:18,2,45.24949151379575,10.05733668446171,0.0007497070505156041,0.1749204077752283
2026-01-01 00:05:18,3,49.759146029194284,13.949382691739011,0.0026374930510642976,0.38379193334248596
2026-01-01 00:05:19,0,42.583323463012746,10.753660387286171,0.0009817046010195977,0.28557497726198766
2026-01-01 00:05:19,1,33.75571227599252,10.681516825718399,0.0015369637900618238,0.25019484698377004
2026-01-01 00:05:19,2,47.36297565049478,11.083159347150104,0.0005065332428418013,0.3906823336994053
2026-01-01 00:05:19,3,27.638558237455378,10.225241272108166,0.00025556732935099017,0.47460640104327567
2026-01-01 00:05:20,0,29.045846024200266,9.71919371801577,0.0013780322432021107,0.2990540066566821
2026-01-01 00:05:20,1,44.26925425271203,9.303649545189591,0.0005117980843356337,0.27926418413531584
2026-01-01 00:05:20,2,20.87093303049409,11.769782951445542,0.0005360281988466053,0.38132988890061037
2026-01-01 00:05:20,3,480.0,25.067060361887034,2.947827508251985e-05,0.6934858334130622
2026-01-01 00:05:21,0,56.75533985388762,11.225996176645218,0.0011678339975279603,0.216241504814155
2026-01-01 00:05:21,1,14.301569243814084,9.588764021317678,0.000762191108784344,0.1901460101151344
2026-01-01 00:05:21,2,52.11610957236941,12.088590434705004,0.00023979296912714947,0.49278861057458
2026-01-01 00:05:21,3,23.637100665301745,15.247668841929034,0.00260726553749106,0.5696455140961324
2026-01-01 00:05:22,0,52.38825189217355,9.642081367187755,0.0006812055865860164,0.09845779063798074
2026-01-01 00:05:22,1,5.102186371333097,11.153956353932402,0.0020564576228812026,0.27963082910179055
2026-01-01 00:05:22,2,23.008199159038558,12.026657059331754,0.00013765312930111648,0.21543476158798694
2026-01-01 00:05:22,3,20.787127274818168,8.488413670733596,0.0008395017684432665,0.28730761519249287
2026-01-01 00:05:23,0,26.110013939161004,10.126471217427703,0.00022213241612617184,0.22287883285136942
2026-01-01 00:05:23,1,56.37021275127976,10.936264040164462,0.00014201404520213786,0.22836360487003277
2026-01-01 00:05:23,2,130.78250633733217,12.494336862634087,0.00021867097900327425,0.3969897678685529
2026-01-01 00:05:23,3,56.06146281698861,17.377610444420483,0.000455751599182007,0.6121286006962411
2026-01-01 00:05:24,0,15.418289381498422,12.929453068975018,0.0009205829473790903,0.0795566375482486
2026-01-01 00:05:24,1,16.06070433227429,11.9678699330762,0.00134906267797876,0.09727728226254242
2026-01-01 00:05:24,2,5.746261140848797,11.245763012669798,0.001947526330715277,0.22483450200309493
2026-01-01 00:05:24,3,104.70079089553826,23.170335651445868,0.0005295349484336446,0.5298074931376969
2026-01-01 00:05:25,0,41.337343465852754,6.534191424909334,0.0005905755663464583,0.2766239111789243
2026-01-01 00:05:25,1,32.97498575410503,9.927033582988308,0.001013470137181497,0.19858578526372317
2026-01-01 00:05:25,2,23.594777735769718,10.312061117254432,0.0022031140734441556,0.4201201735908002
2026-01-01 00:05:25,3,21.915767654449944,10.85937358407164,0.0010820814056695044,0.11326304195477888
2026-01-01 00:05:26,0,60.34118091505798,13.792671625139437,0.002048564661783306,0.13592173670646954
2026-01-01 00:05:26,1,49.66651384298921,8.271026072474957,0.0002430664324122272,0.33274379894951245
2026-01-01 00:05:26,2,42.01689273496891,17.529891668691704,0.0016419308087950214,0.48767585350872655
2026-01-01 00:05:26,3,35.12433640967213,7.319938488282765,0.00015473245302549668,0.22770649365376733
2026-01-01 00:05:27,0,37.54776087083086,14.393301680859166,0.0003571897635239212,0.41193434268286133
2026-01-01 00:05:27,1,32.157895244906776,8.591139879378533,0.0005462407764917002,0.3966538942136464
2026-01-01 00:05:27,2,33.17990725935236,9.418966794421255,0.0009115902377499455,0.33025544880844654
2026-01-01 00:05:27,3,80.96812633293466,11.706891523213969,0.0001281373760099438,0.43438283347938417
2026-01-01 00:05:28,0,76.38343101546306,9.285347668141313,0.0007758362630584101,0.32183435172412683
2026-01-01 00:05:28,1,30.48557170312254,5.919298056576982,0.0005794165070707866,0.14297080207661206
2026-01-01 00:05:28,2,46.36891021586837,11.705234303634374,0.0021204122736718125,0.4173337755612954
2026-01-01 00:05:28,3,14.790595402651897,11.613249810446813,8.34256918924491e-05,0.36959512472136663
2026-01-01 00:05:29,0,28.224784385845386,8.056496440611662,0.0006099637670045386,0.09342093075145887
2026-01-01 00:05:29,1,42.54980143933497,15.119286836394858,0.001526729596400121,0.44257259287306105
2026-01-01 00:05:29,2,27.868505515379006,9.305698257618905,0.00010128248716438675,0.31470832603766036
2026-01-01 00:05:29,3,41.753376298643545,11.986953283742062,0.0026098577089518297,0.4112279474461684
2026-01-01 00:05:30,0,32.43027624302708,14.475071879976067,8.960024781290837e-05,0.34541868872992626
2026-01-01 00:05:30,1,24.368120753509867,11.296719538979797,0.0012300165262307211,0.3265452436269643
2026-01-01 00:05:30,2,45.69604013299769,11.552888069233498,0.00069668024945969,0.2677871600681556
2026-01-01 00:05:30,3,21.802379202923525,11.332370606874415,0.0007078639002071323,0.36537675703621664
2026-01-01 00:05:31,0,42.85426813828409,10.699941294853339,0.0002511167251746411,0.4010331486075357
2026-01-01 00:05:31,1,31.604681076599977,8.809720145004926,4.1089449635212776e-05,0.23983585446720818
2026-01-01 00:05:31,2,59.210354477296896,12.746535019673054,6.010541599386844e-05,0.34852863502223075
2026-01-01 00:05:31,3,52.17575067186643,10.703588032447543,0.000936058490978583,0.4878285321033938
2026-01-01 00:05:32,0,33.08422150250889,7.998488861641593,0.0018072965247713125,0.16121382062805534
2026-01-01 00:05:32,1,26.201068833745236,8.588583555934814,0.0017719103318096828,0.06999501599384556
2026-01-01 00:05:32,2,5.4278987966593455,7.076969114603545,0.000380325385226723,0.22459879787604706
2026-01-01 00:05:32,3,48.141122667833166,11.453515519205112,0.0004939485404436962,0.20748732208424492
2026-01-01 00:05:33,0,48.978214128249704,10.513508299973541,0.0010479593956552414,0.15544127410520422
2026-01-01 00:05:33,1,24.739650357606056,9.163259543600173,5.8596884722994104e-05,0.02
2026-01-01 00:05:33,2,71.78341538046104,10.293923304886938,0.00040915747780300766,0.37981535918758585
2026-01-01 00:05:33,3,35.95298905447627,13.227598877008186,0.000731504384751404,0.48756856848064994
2026-01-01 00:05:34,0,18.396877932157114,12.85095828063702,0.002039882969054271,0.14289171357565614
2026-01-01 00:05:34,1,29.50100550115815,18.713719463725297,0.00024597978152519727,0.37448170306783257
2026-01-01 00:05:34,2,9.398660782558435,10.104825307301214,0.0015823712933621813,0.1424629029033365
2026-01-01 00:05:34,3,51.97349367459158,10.885160660280444,0.001421043892842001,0.1686502180793623
2026-01-01 00:05:35,0,23.58667001484959,10.991364176721763,4.789069610686231e-06,0.07344417151431248
2026-01-01 00:05:35,1,9.021648599383607,7.7317076211317595,0.0005764757111070571,0.1600687231167258
2026-01-01 00:05:35,2,36.16586167018864,13.364287260615384,4.167086345563219e-06,0.30554451990885184
2026-01-01 00:05:35,3,34.761564288951945,8.945280804680701,0.0018373417930942577,0.3899726342813175
2026-01-01 00:05:36,0,44.31309595584903,8.658972410944848,0.0019910567824863203,0.14569004332195207
2026-01-01 00:05:36,1,20.060989328015978,9.932984413583247,0.00014285532916597787,0.03822702461022236
2026-01-01 00:05:36,2,40.48918218407933,10.730043149206963,0.0013638903478998337,0.3664533709866145
2026-01-01 00:05:36,3,55.07004398542362,6.548761188164515,9.280268835039899e-05,0.233610771512912
2026-01-01 00:05:37,0,56.89344474672442,6.272976452547017,0.00016976130287695457,0.2416124809489445
2026-01-01 00:05:37,1,37.721461610052565,6.865250596542999,0.00028260097603942066,0.15854505399005978
2026-01-01 00:05:37,2,18.924267251435936,8.84972110538706,3.646467003330523e-07,0.1081957069009164
2026-01-01 00:05:37,3,42.60380587193155,17.913941025117513,0.000712462700586254,0.6394096302655843
2026-01-01 00:05:38,0,18.218175537505534,11.238245760874506,0.0004231157165259533,0.10446198661967565
2026-01-01 00:05:38,1,21.865411516077657,7.307065100850995,0.0003451402171504364,0.0788700502941681
2026-01-01 00:05:38,2,18.131515117415876,8.786074287667349,0.00014483955901472415,0.2814982960030886
2026-01-01 00:05:38,3,36.68279423275918,9.131248810970897,0.00036872591518753435,0.35814831158588706
2026-01-01 00:05:39,0,19.03202663693008,10.303472639748026,0.0005342680018265895,0.29098543835046986
2026-01-01 00:05:39,1,43.32400271056445,9.696337246183003,0.0006706403784022774,0.22744278874735824
2026-01-01 00:05:39,2,35.07542342959058,10.583244332408567,0.0014844158599049127,0.2759893969636097
2026-01-01 00:05:39,3,93.7839823811721,15.278337623262885,0.002081507577462241,0.4266821934945266
2026-01-01 00:05:40,0,8.65362516244331,11.390960026661366,0.00011464002099656155,0.42872621236937214
2026-01-01 00:05:40,1,21.0815779144792,10.668058831536051,0.002087562926672774,0.29077014213455926
2026-01-01 00:05:40,2,113.69271730039979,9.522218010700627,0.0008216020150173817,0.38115806736836993
2026-01-01 00:05:40,3,19.71268548067301,11.622914819601457,0.002704119451972637,0.2923534792695162
2026-01-01 00:05:41,0,43.59523413899441,13.161412395561147,0.00043763917987370147,0.1841431745729724
2026-01-01 00:05:41,1,42.801300311418146,11.467367331397432,0.0011704223537329845,0.38366181089156964
2026-01-01 00:05:41,2,14.77033890300168,16.85574307607071,0.00020283231880904797,0.35483462911836117
2026-01-01 00:05:41,3,16.657103842389347,12.550749992203922,0.0004051288789247836,0.3426910034521021
2026-01-01 00:05:42,0,23.9621985015339,9.485015307986098,7.685746519452982e-05,0.21333537869004968
2026-01-01 00:05:42,1,16.303304590286846,14.786314844943309,0.00038441343402346214,0.2814478996795652
2026-01-01 00:05:42,2,70.31939581587503,22.45771842876592,0.00030115653080132153,0.5135475861474135
2026-01-01 00:05:42,3,77.72697231334405,10.234142911133095,0.00032563860107040303,0.3424236917307292
2026-01-01 00:05:43,0,12.396367734347297,7.087953948765173,0.0006862945804151708,0.04785837178336881
2026-01-01 00:05:43,1,34.35970441814384,16.03627834190597,0.00015677494658246097,0.25591865955410453
2026-01-01 00:05:43,2,23.713110144447754,6.737374076888355,9.27006010898641e-05,0.10020624403477839
2026-01-01 00:05:43,3,46.11573918779464,12.475958826208734,0.00042322711476201546,0.5011608933769567
2026-01-01 00:05:44,0,20.00426775081908,10.1661627301445,0.00014411620287671856,0.05239761358967727
2026-01-01 00:05:44,1,28.92044532942718,16.41281018309256,0.002052576980034697,0.46706990865499726
2026-01-01 00:05:44,2,51.25960750443827,15.59572600940122,0.0010719787895142427,0.5624073742184218
2026-01-01 00:05:44,3,11.058542825401505,9.532300099799883,0.0006733362237771497,0.06623896723045028
2026-01-01 00:05:45,0,28.25458372473328,8.830383545743835,0.0008305107468211979,0.21441811226744606
2026-01-01 00:05:45,1,39.89321376877111,10.242885961105323,0.00014101770271272824,0.27636554529619956
2026-01-01 00:05:45,2,46.81729207532707,11.969907960261228,2.1849025387935522e-05,0.3897629081294907
2026-01-01 00:05:45,3,37.55072813736351,11.060905651824411,5.039770746200708e-05,0.15443306404589144
2026-01-01 00:05:46,0,40.64424649456987,14.06144220231846,0.0010916241634700648,0.4102188905696688
2026-01-01 00:05:46,1,115.36094326861439,21.571399300340698,0.0046629582527647545,0.38178351983742814
2026-01-01 00:05:46,2,54.514602554749594,13.24718984332379,0.0005108380866138067,0.30421078626652
2026-01-01 00:05:46,3,55.95649774673885,14.950704532151361,0.00037079331844696174,0.4617778492120154
2026-01-01 00:05:47,0,37.304652065144474,9.735985433673388,0.0012860204073912333,0.28177022868240664
2026-01-01 00:05:47,1,27.78513296098453,14.765245637567588,0.0006681692029733986,0.5878704551752951
2026-01-01 00:05:47,2,61.99881574240001,8.064864936135939,0.000966426782841946,0.21167726639833778
2026-01-01 00:05:47,3,85.57254216161913,12.173490966629734,0.00017633674547877176,0.4738705465592483
2026-01-01 00:05:48,0,32.82203988650311,8.763848331379618,4.459015278318467e-05,0.10764864134552009
2026-01-01 00:05:48,1,33.4059178529605,11.788417675287807,0.0019416625803141973,0.3846238635209198
2026-01-01 00:05:48,2,99.47554225280001,12.649616175139366,0.00028831163814968124,0.46309335956612574
2026-01-01 00:05:48,3,40.524783338270915,14.564054255209886,0.000999302429635293,0.5462559221239889
2026-01-01 00:05:49,0,39.640554265260164,17.600009255504673,0.000632444563289389,0.3276868625154454
2026-01-01 00:05:49,1,66.16908554194565,13.047298528643864,0.0002082247828126071,0.36826185072356166
2026-01-01 00:05:49,2,12.166402056578908,13.447772261544312,1.2290075070480196e-05,0.3535472624514937
2026-01-01 00:05:49,3,28.15850734587111,21.65745008253974,0.00016317781815372454,0.6452933466500969
2026-01-01 00:05:50,0,18.18928945124162,11.551442563112671,0.0005051875659284624,0.35481964289396606
2026-01-01 00:05:50,1,30.4020489401198,9.179072875926604,0.0008455101450296875,0.24451894200046276
2026-01-01 00:05:50,2,27.717152014849017,15.232238716345215,0.0005176453303214726,0.27053107660214026
2026-01-01 00:05:50,3,18.96618071518922,9.939122913460249,0.00047863458158305794,0.35566561624012055
2026-01-01 00:05:51,0,73.00821503089857,10.6806112790205,0.002143175897702251,0.37445631334493357
2026-01-01 00:05:51,1,78.16798889073739,8.151724122949682,0.00024929253010097784,0.2924886561228224
2026-01-01 00:05:51,2,16.18483524630002,9.165489800813724,0.00039389897310228647,0.36836378630296285
2026-01-01 00:05:51,3,35.336097802483565,11.469594886372404,0.001576271565415737,0.37240740688236595
2026-01-01 00:05:52,0,18.00777631967541,9.342973188307958,0.003908811405834838,0.1832799120016346
2026-01-01 00:05:52,1,7.240615856295044,6.90799342374894,0.0007769851374767614,0.0964274697610884
2026-01-01 00:05:52,2,18.950237648738685,8.680074199360588,0.00011914459461946214,0.16406258968028314
2026-01-01 00:05:52,3,10.377848220906314,10.993697182682244,9.560292905167054e-05,0.18673794007617817
2026-01-01 00:05:53,0,16.320099705123354,12.18250781124124,0.000586431466285388,0.08142271202677451
2026-01-01 00:05:53,1,26.772866768717744,9.597354897802225,6.241140344305064e-05,0.12768715805318742
2026-01-01 00:05:53,2,44.40081146423865,9.709168056390892,0.0023354223030367855,0.36525469500604824
2026-01-01 00:05:53,3,77.33812109071592,12.002619957515417,0.0014359728797741066,0.37508116699170463
2026-01-01 00:05:54,0,40.36610080338289,8.860218603652779,0.00021829891891983035,0.35122523104303477
2026-01-01 00:05:54,1,12.6658112400057,11.70241172775658,0.0021719595860965977,0.2717304270861259
2026-01-01 00:05:54,2,26.205237363480794,12.351243765879444,0.0028529961298171883,0.3945405898840477
2026-01-01 00:05:54,3,49.16356535642566,14.791433392857332,0.0030096235371521634,0.3882971079058447
2026-01-01 00:05:55,0,29.00894755974308,11.002728757938486,0.0006621327297017602,0.09183075011035913
2026-01-01 00:05:55,1,70.41784352006493,12.322842192765428,0.0005836678711582558,0.5339221634513203
2026-01-01 00:05:55,2,41.0797305362348,8.690570672110296,0.00234836673214279,0.3566844800129535
2026-01-01 00:05:55,3,68.04544169288017,9.36504051843508,6.179263388228976e-05,0.31556684121462153
2026-01-01 00:05:56,0,23.171789511653408,9.955569641618832,0.0009012647230035514,0.3849983746916131
2026-01-01 00:05:56,1,12.811026176236863,10.385213538518574,0.0005994103575231085,0.29930389084360925
2026-01-01 00:05:56,2,125.87690866468532,13.596478956828625,0.0001509213066092417,0.5050924062485715
2026-01-01 00:05:56,3,16.92225927045354,11.192161465215365,2.838747146327926e-06,0.14793674716190147
2026-01-01 00:05:57,0,39.62273579423349,9.58686655010273,0.0029993169445267005,0.2202983048860089
2026-01-01 00:05:57,1,34.53003090440142,9.587544784378236,0.003247061039216045,0.24876323112522664
2026-01-01 00:05:57,2,43.59390219599989,7.208118613743985,0.0003089193372029125,0.20046674206072776
2026-01-01 00:05:57,3,73.47071843251965,9.929507557318683,0.0005370538705118654,0.36307136270281504
2026-01-01 00:05:58,0,21.665191735232845,11.256849373007956,7.638526860968375e-05,0.044430351108640215
2026-01-01 00:05:58,1,27.14815930795411,8.53473653696366,0.0005312314404284028,0.2638763717496414
2026-01-01 00:05:58,2,20.221777022707,10.2323659059301,0.001214696258472285,0.2852692570254185
2026-01-01 00:05:58,3,30.689586513919135,13.765751531296793,0.0008008503314726742,0.46270371302158086
2026-01-01 00:05:59,0,22.03146791983116,6.254873082951607,0.0012833507933347132,0.076201671311466
2026-01-01 00:05:59,1,43.000578529925484,9.903210897282664,4.6982113954167125e-05,0.3802211985986353
2026-01-01 00:05:59,2,26.309678077363657,16.33254113993418,0.00019418090830439008,0.34423270288336844
2026-01-01 00:05:59,3,31.968703085149993,12.974281681101743,1.1123986990008169e-05,0.35275298004673755
2026-01-01 00:06:00,0,36.254817950463234,10.445780516011778,4.529167716929505e-06,0.2832251348873606
2026-01-01 00:06:00,1,32.58717901401666,7.70051217647342,0.0003557810211550017,0.2517086057864765
2026-01-01 00:06:00,2,15.6569620102005,7.618157603857559,0.0002817601389826802,0.28958476997677657
2026-01-01 00:06:00,3,37.090558852483525,13.336373065800606,0.0007983731791794199,0.23616551017047693
2026-01-01 00:06:01,0,15.444169618706805,8.116772626705028,0.0002434472773871043,0.08533765260353357
2026-01-01 00:06:01,1,14.248379994631556,8.690678946816007,0.0024581608996256388,0.19411312887468896
2026-01-01 00:06:01,2,54.971085960061956,9.180188363983412,0.00038157461808354054,0.327553600766013
2026-01-01 00:06:01,3,26.949670091027887,11.995278397131525,0.00021188411970941547,0.35601345089632436
2026-01-01 00:06:02,0,40.3619995856658,13.213468307037862,0.0012881387681033933,0.34653916055404954
2026-01-01 00:06:02,1,13.609341302449398,10.717794864525052,0.00015479273012927662,0.06038185756706402
2026-01-01 00:06:02,2,49.98097769956928,9.186662000503476,0.0005602760193111712,0.32572478588411125
2026-01-01 00:06:02,3,70.26054570384497,19.19366949914593,0.0005296751062627402,0.6258434741376394
2026-01-01 00:06:03,0,58.72457032398569,11.138069142515626,0.0005344865011939049,0.11441475227438856
2026-01-01 00:06:03,1,41.874002842726526,22.785088308001278,0.00061660174163457,0.10448511836401493
2026-01-01 00:06:03,2,53.11392106881301,10.338845254775437,0.0009864501474412984,0.29496025199233006
2026-01-01 00:06:03,3,77.90117544098757,13.496738345950632,0.0008853191927924563,0.09248263602488382
2026-01-01 00:06:04,0,20.940837689379915,15.982384692971884,0.0002741839955598326,0.2397135136290403
2026-01-01 00:06:04,1,20.96915091357408,9.302838919384754,0.0006086382162085192,0.1881019115137083
2026-01-01 00:06:04,2,29.612856556148046,10.030844800290817,0.0015135495212438316,0.32294224791431275
2026-01-01 00:06:04,3,25.554422965780642,17.636511727063816,4.53801044251674e-05,0.6268191227604456
2026-01-01 00:06:05,0,31.371604104014356,8.241635946492382,0.0003497639643607506,0.2474773793768363
2026-01-01 00:06:05,1,36.70245362309785,16.4133092159165,0.00043771417351667923,0.3826019870259577
2026-01-01 00:06:05,2,26.155629860950896,9.09898715235275,8.611473444776368e-05,0.29098599799380664
2026-01-01 00:06:05,3,38.55526389394311,25.351784395458907,0.0009527861660788449,0.680904615930261
2026-01-01 00:06:06,0,13.819321499140962,12.502419312721027,0.0013798239717033457,0.3592944242674364
2026-01-01 00:06:06,1,38.16510544763952,15.537149361298983,5.602961935566898e-05,0.4999615550931812
2026-01-01 00:06:06,2,107.29287845199786,8.432273680088075,8.865909872966367e-05,0.404069920338469
2026-01-01 00:06:06,3,25.704325271860807,10.738562578902796,0.0002884127850628205,0.3153837753043381
2026-01-01 00:06:07,0,37.87797424716688,8.580151244190311,0.00027349144111770486,0.07006026220838665
2026-01-01 00:06:07,1,13.808228283839624,9.288140740333594,0.0009263878246380982,0.19425176716626516
2026-01-01 00:06:07,2,92.65421096537658,14.385219485114142,0.0013165675525558653,0.4964676617076552
2026-01-01 00:06:07,3,56.74005124403683,15.145138184724585,0.00030385093803010675,0.48198142353558115
2026-01-01 00:06:08,0,23.81292371639703,12.359848975933724,0.00037041700529239565,0.21787301149138466
2026-01-01 00:06:08,1,92.43760050290875,9.686028565787835,0.0002865832750799502,0.07540789253778749
2026-01-01 00:06:08,2,35.39604434569076,7.597503531674438,0.0001034924689417817,0.3378544438003509
2026-01-01 00:06:08,3,19.947089358681055,13.102614232583493,0.00012677407296917822,0.09475927479497148
2026-01-01 00:06:09,0,71.76826611436037,17.37815267267346,0.00018682439150200604,0.3407483270232914
2026-01-01 00:06:09,1,20.71807918830474,8.487895307106816,0.0011971392696785508,0.18139513902495724
2026-01-01 00:06:09,2,5.659890175493173,11.128338827637885,0.0015000345979122095,0.06131341655726042
2026-01-01 00:06:09,3,155.12918820093137,7.577741528475261,0.00018167355015727632,0.3554163855280242
2026-01-01 00:06:10,0,6.69299000252052,7.102730102541716,9.03165372131087e-05,0.16193934782186684
2026-01-01 00:06:10,1,30.281909307982772,21.312706668865655,0.0002529321845074601,0.566819758372471
2026-01-01 00:06:10,2,80.78391973105877,17.388854154190263,0.00025000851563311257,0.22314817173341317
2026-01-01 00:06:10,3,9.110785026532602,11.893864863404735,0.003090272902230155,0.40455597214809946
2026-01-01 00:06:11,0,9.62327761687469,8.506264602125011,0.0022646053143114157,0.05633274809858027
2026-01-01 00:06:11,1,34.31525228819351,13.427410465329867,0.0016093129107909105,0.3547304666833354
2026-01-01 00:06:11,2,82.62430393189854,16.24476825498794,0.000375313405491472,0.5738272832172135
2026-01-01 00:06:11,3,21.969845652516934,10.821103533345102,0.000958182737456988,0.25833963211768274
2026-01-01 00:06:12,0,44.79025691274745,11.133127076790256,0.0005853191671798299,0.30460987495599784
2026-01-01 00:06:12,1,144.76354620196832,13.329476431741101,7.665298414944072e-05,0.3305569296013393
2026-01-01 00:06:12,2,14.634794993618877,11.79218482313482,0.0006033097488231989,0.18063038402334172
2026-01-01 00:06:12,3,30.467299117981643,10.597218813130919,5.3575863887145536e-05,0.30305848667800883
2026-01-01 00:06:13,0,15.827555417304595,9.392782953598687,1.2167177513866007e-05,0.12894189972965384
2026-01-01 00:06:13,1,23.68942663310067,17.530902132205465,0.00029342400383233834,0.48305447346573466
2026-01-01 00:06:13,2,8.923565682532834,9.989331831618232,0.00014396287089629237,0.2847365133572182
2026-01-01 00:06:13,3,31.180167524676367,11.955259716070831,0.0004542584722982604,0.30211500023405935
2026-01-01 00:06:14,0,28.153420800553235,9.408968992883445,0.0009695924763132917,0.15044441746029946
2026-01-01 00:06:14,1,24.378935726339716,11.033414339911392,0.00102350832395591,0.1019797178688196
2026-01-01 00:06:14,2,60.80877465124644,12.105837967529373,0.0002324961679897217,0.2643614764885982
2026-01-01 00:06:14,3,51.76453215310142,18.907042472976272,0.0003850700328820233,0.5807396768280996
2026-01-01 00:06:15,0,25.98724844706483,9.052407061006072,0.00022293460284967084,0.22291840504066254
2026-01-01 00:06:15,1,8.77422885399224,10.073448281901541,0.0003416187474985741,0.24779951731306588
2026-01-01 00:06:15,2,38.761728994928106,11.000660709893792,0.00010145611318556267,0.37973187203723446
2026-01-01 00:06:15,3,29.08538212159115,13.332534980934915,0.000279439293073749,0.4655305932601217
2026-01-01 00:06:16,0,13.50614646344544,10.602436774487325,0.0005979002463639832,0.32590563882796575
2026-01-01 00:06:16,1,27.370236529280696,10.886367502232217,3.5653474443465254e-05,0.26814088803865144
2026-01-01 00:06:16,2,84.9067653328027,14.3611814775517,0.0012081397649329928,0.5368215043274501
2026-01-01 00:06:16,3,12.498616429999716,9.019406075080866,0.0021882229446237114,0.3345121198600439
2026-01-01 00:06:17,0,34.94725298556755,13.32175521727131,0.002218653116856754,0.12934111233522247
2026-01-01 00:06:17,1,21.395716551911175,16.31465887405849,0.000261870175530871,0.31171102558823915
2026-01-01 00:06:17,2,17.475672534557074,8.10764457137455,7.388095761374723e-05,0.15722907600848127
2026-01-01 00:06:17,3,14.85163671952667,13.456776613715896,0.00015442578536653168,0.4221467233695032
2026-01-01 00:06:18,0,9.374606992846575,9.437961297259905,8.74695318799431e-07,0.24865149733397168
2026-01-01 00:06:18,1,29.901624348648408,10.39801841164752,0.0003690666100831461,0.3931215968400612
2026-01-01 00:06:18,2,134.09564981183578,23.518497773351225,0.0009324326998645486,0.6301416738639907
2026-01-01 00:06:18,3,28.82990401505033,9.281609318690887,0.0005321467584647392,0.2652763032156196
2026-01-01 00:06:19,0,30.385442715787107,19.035119849731984,0.001319840376606576,0.27031250954102426
2026-01-01 00:06:19,1,83.21258062016356,10.116237233731532,0.00038630737292961694,0.32191519366393173
2026-01-01 00:06:19,2,15.255862916523064,9.671758249807086,3.910354948561867e-05,0.09103580007246999
2026-01-01 00:06:19,3,101.66366584535011,14.031691626649174,0.0003859426885523894,0.5301474013040325
2026-01-01 00:06:20,0,13.126586944345421,8.146193769668567,0.0011292688138746017,0.3170893028856368
2026-01-01 00:06:20,1,27.884295366074742,12.763837445634268,0.0007995675213345316,0.4659796212529921
2026-01-01 00:06:20,2,45.99827280451318,10.05750170800685,0.00231616125001293,0.3404423715604433
2026-01-01 00:06:20,3,30.203529802250998,9.336764400525759,0.0007321674767475114,0.05746044955928575
2026-01-01 00:06:21,0,50.27901609843073,11.823048966304317,0.00011373192824502232,0.32843803454129855
2026-01-01 00:06:21,1,22.55719415665093,13.138694089147675,0.0006713742131927354,0.29712394155568744
2026-01-01 00:06:21,2,18.290160610538667,8.429941039526028,0.0006824140075415853,0.1946169925997258
2026-01-01 00:06:21,3,62.340281087963355,19.237902219243797,0.0008114157942270884,0.5165275374628153
2026-01-01 00:06:22,0,22.452074221931085,9.537804360117223,5.879467441940645e-05,0.0547189009579246
2026-01-01 00:06:22,1,26.15784208712792,9.467474190554588,0.0008567501651411461,0.3403284083279471
2026-01-01 00:06:22,2,26.277623629877404,17.93506753602279,0.000512720509276333,0.559121312498407
2026-01-01 00:06:22,3,61.84572972835754,14.572403568846532,0.0025578743081415166,0.2739149658908259
2026-01-01 00:06:23,0,80.2335680197219,10.048035836642129,0.001442813473543317,0.22322034590010784
2026-01-01 00:06:23,1,82.31851170729858,14.70906695273837,0.0009882873841084471,0.5323508630966665
2026-01-01 00:06:23,2,54.95694088450444,14.002617958961968,0.0005908666634168423,0.4955500289691055
2026-01-01 00:06:23,3,53.721074927972104,9.566450047206141,0.00014168525591226817,0.3499879808632424
2026-01-01 00:06:24,0,24.65682422161612,9.46518603202049,0.00025770433991210984,0.2782412420969338
2026-01-01 00:06:24,1,74.54402571347822,12.326261889389484,0.00045008121876372704,0.20732611081456098
2026-01-01 00:06:24,2,36.86188563338544,10.41957212843954,0.00030553085125141396,0.02
2026-01-01 00:06:24,3,30.160910495888192,7.814198181628663,0.0003504251474840632,0.28696209966119096
2026-01-01 00:06:25,0,41.753082037142626,13.738975136046648,0.0003589380236144548,0.4860006383452994
2026-01-01 00:06:25,1,208.50905450040509,12.497943792977049,0.001144802759891743,0.40043033371775527
2026-01-01 00:06:25,2,59.099878531638865,21.828311988314866,0.0013501840152823493,0.5722356950538795
2026-01-01 00:06:25,3,64.83598221837845,12.710164326422728,0.0011833173024422244,0.41824104397768475
2026-01-01 00:06:26,0,41.74341492900075,9.97468598092678,0.0012163668303725504,0.26638579061694634
2026-01-01 00:06:26,1,26.23875589100701,10.183170596694048,0.00045023601313776113,0.16956571758118444
2026-01-01 00:06:26,2,21.437138317374167,11.382171293485069,0.0010057919122970571,0.19240809104519244
2026-01-01 00:06:26,3,28.320830293937078,12.169624839638002,0.0004221772045773673,0.45014175581301025
2026-01-01 00:06:27,0,42.263247466342754,16.54622768000664,0.0006705554390159398,0.32512114791726826
2026-01-01 00:06:27,1,15.236455424866,8.989580622161201,6.67303591292454e-05,0.3088036567380563
2026-01-01 00:06:27,2,34.75090537903603,9.793126161379236,0.0023787210582677317,0.1168290199792879
2026-01-01 00:06:27,3,45.54616085783959,20.931970326598382,4.838751833374239e-05,0.43959376379067056
2026-01-01 00:06:28,0,19.423554262307796,10.93828359795163,0.0009133920602960082,0.35311486798499064
2026-01-01 00:06:28,1,28.176542813719113,18.42494904428468,0.00012371296057106035,0.21171479637405466
2026-01-01 00:06:28,2,13.96664627813278,8.392118919590555,0.003667120663109838,0.36215016038583364
2026-01-01 00:06:28,3,10.371425421726139,15.42155257292,0.00025461359066630064,0.1493937778482512
2026-01-01 00:06:29,0,38.7386464421286,12.19741681286986,0.0001949066460943411,0.35976308690296793
2026-01-01 00:06:29,1,47.04612336229015,10.643765435831181,0.0018883359791828857,0.19513357137872703
2026-01-01 00:06:29,2,8.263835091992677,7.635049282235929,0.0009339500687571086,0.10806608593846231
2026-01-01 00:06:29,3,14.464434884787334,6.650008194039781,9.276333408831797e-05,0.3478930708150656
2026-01-01 00:06:30,0,37.0413907787852,9.29928281457192,0.00027728724402419357,0.3564330199184581
2026-01-01 00:06:30,1,63.84158157897064,16.504041711715367,0.00027947761775348816,0.5835939717925923
2026-01-01 00:06:30,2,42.08628148491473,10.214340647032708,0.0005649237637205096,0.3419715147952292
2026-01-01 00:06:30,3,89.43313924684782,11.651438641795917,0.002167250688744777,0.48056307407404963
2026-01-01 00:06:31,0,42.18309973898104,8.940638355066003,4.944795655799147e-05,0.1945051131331505
2026-01-01 00:06:31,1,19.21190071866829,11.053877234822936,0.0021996619096390896,0.1765590664334852
2026-01-01 00:06:31,2,26.24592923267781,12.850966651144997,0.00033575132404376515,0.4308220434030588
2026-01-01 00:06:31,3,5.33758538882289,9.249661142499232,0.00010683645176918413,0.29151193556105603
2026-01-01 00:06:32,0,26.377410855532794,11.631009331685156,0.00157238424789929,0.1773892316584273
2026-01-01 00:06:32,1,64.25679368966625,9.313058138808605,0.0019695494911459725,0.3297873558789014
2026-01-01 00:06:32,2,45.31170181311235,14.942339169265882,0.00018610287974495766,0.5212436437161967
2026-01-01 00:06:32,3,29.554091600145615,18.316480440663135,0.000848775570541904,0.5528889625181646
2026-01-01 00:06:33,0,48.343267530798414,8.309269010852175,0.00011971145899757719,0.1780004854647888
2026-01-01 00:06:33,1,14.307736956429412,10.854497971862482,0.0005585757325202609,0.3699374063500868
2026-01-01 00:06:33,2,41.87695316653387,7.479479145511217,0.0011750021267249089,0.21134970011959858
2026-01-01 00:06:33,3,5.922462036031726,12.974113783487425,0.00010442339774332866,0.22085211204822758
2026-01-01 00:06:34,0,15.0358266439867,11.222608130537742,0.0016563369546562583,0.12645700561105638
2026-01-01 00:06:34,1,26.116771190068285,12.74440090499388,0.0005039163422374296,0.3415240827381434
2026-01-01 00:06:34,2,12.45002985682182,15.298497603103847,0.0010793542965497746,0.4244453723873787
2026-01-01 00:06:34,3,104.81728594123139,8.367468420328947,0.0003160370994782577,0.3539133109326564
2026-01-01 00:06:35,0,9.472385993442249,9.500628927295905,0.0008726569695081922,0.09515681928193834
2026-01-01 00:06:35,1,11.911127957258577,7.703786453859095,1.6221069932254306e-05,0.21838155590091513
2026-01-01 00:06:35,2,32.33886999867724,9.025396567970345,0.0010092190881976686,0.35438255865517726
2026-01-01 00:06:35,3,16.44160500118795,12.358154810744086,0.0009721567735377518,0.06814088869841947
2026-01-01 00:06:36,0,11.660125753479663,12.337312337515264,0.0009286229819680377,0.044961124701380265
2026-01-01 00:06:36,1,33.550378440716436,13.047577632327146,0.00033680762548988927,0.40858863745413165
2026-01-01 00:06:36,2,20.66522914110021,9.630107194235736,0.001040809306595345,0.18308126908076494
2026-01-01 00:06:36,3,76.53167517675587,12.347601634440752,0.0023084470500250873,0.23431280858647563
2026-01-01 00:06:37,0,59.00198899434492,10.191129881935161,0.00132592894588692,0.06130150000711704
2026-01-01 00:06:37,1,48.28526951131404,8.60915849644794,8.142097225813098e-06,0.21274073251827688
2026-01-01 00:06:37,2,86.19696629319098,15.037006842039277,0.0009422716081134855,0.5304926361637837
2026-01-01 00:06:37,3,26.469762939717672,21.58145626231009,0.0001322146191750826,0.25436846457714674
2026-01-01 00:06:38,0,103.70883346290424,9.897508542587122,0.0003405122632782183,0.10684593780080452
2026-01-01 00:06:38,1,7.325268821168156,8.817042007177367,0.004369474054246463,0.17443349209634182
2026-01-01 00:06:38,2,36.08094595886369,9.670399620211343,0.0005698595669836352,0.12297452414595883
2026-01-01 00:06:38,3,16.263032850298785,12.025893893825431,0.0016863954553667441,0.3381898179295279
2026-01-01 00:06:39,0,130.47646002631404,12.674257710571672,0.00010182025419609965,0.3023610461674507
2026-01-01 00:06:39,1,25.417919927719716,12.036018108010499,0.00011988283112271667,0.20916555825111344
2026-01-01 00:06:39,2,9.89215370864875,9.660350694592427,0.00012227100837270078,0.4175977629466656
2026-01-01 00:06:39,3,33.87512792780314,11.466564653274277,0.0005537855691695141,0.36394276143854515
2026-01-01 00:06:40,0,77.26000524469264,10.31631691664294,0.0001306970796303504,0.2627890911787965
2026-01-01 00:06:40,1,43.48973109709113,11.625483454450933,0.0008188024215732321,0.4249285190171601
2026-01-01 00:06:40,2,47.39700553250696,8.769669044844267,0.00036291067505321925,0.43640065485704077
2026-01-01 00:06:40,3,47.110881653765134,12.175443769730052,0.0009431417599774911,0.2723891645403177
2026-01-01 00:06:41,0,71.463181468553,12.719714008732938,9.805191137221874e-05,0.3022230922392689
2026-01-01 00:06:41,1,23.67697814531126,17.352954434715492,0.000624798687026135,0.2943084834142409
2026-01-01 00:06:41,2,15.489456913384313,8.436604383367282,0.0007053526717907221,0.19263173483647594
2026-01-01 00:06:41,3,53.78263748599117,10.796983887660124,0.00022594568745065184,0.42347756388645097
2026-01-01 00:06:42,0,64.04880477839505,10.601921665131675,0.0008783219261210039,0.26755649568187195
2026-01-01 00:06:42,1,35.06320835508277,9.425784522456327,0.0007280846696093654,0.3775222979636211
2026-01-01 00:06:42,2,168.84930534411194,13.25079238540576,0.0011996833759756148,0.3695927245531952
2026-01-01 00:06:42,3,28.071646898810478,15.125577012750199,7.606700469216867e-06,0.5076818220731375
2026-01-01 00:06:43,0,22.188849459641,9.672740065139315,0.0005562979122522146,0.18092574882596218
2026-01-01 00:06:43,1,15.092579562137216,11.733657976994456,0.00033912986169785036,0.4892466705813985
2026-01-01 00:06:43,2,16.307741491849875,12.658292362374347,0.0009691723844791913,0.1957445770920786
2026-01-01 00:06:43,3,23.080871863318674,8.769232422735247,0.0014710469498614995,0.2990396483855882
2026-01-01 00:06:44,0,21.024788471286172,7.437186873504423,0.00046604332539532545,0.1950741247207172
2026-01-01 00:06:44,1,24.380318353564974,14.621361187634434,0.00023942834506557187,0.44423268497475865
2026-01-01 00:06:44,2,44.49155516550797,10.112319464454234,0.00015907018898437045,0.15253787248703674
2026-01-01 00:06:44,3,20.30750993544064,11.771608000636364,0.00011172964658739071,0.3751283785403605
2026-01-01 00:06:45,0,20.787130814079806,12.936136035965841,0.0019787604877160446,0.36279962714240477
2026-01-01 00:06:45,1,59.37458191362067,13.11748705050172,0.0007643844692283026,0.5060759845990874
2026-01-01 00:06:45,2,53.65077510912265,11.696709865107785,0.00041279340370165257,0.319490152265074
2026-01-01 00:06:45,3,25.06101987267174,10.242565526109637,0.00043508285284488574,0.28170224138720423
2026-01-01 00:06:46,0,102.17201096268437,12.865208144682398,0.0002842344548766824,0.2314618694289933
2026-01-01 00:06:46,1,42.29684632115623,10.872184689132936,0.00020198968989436553,0.4474964487920646
2026-01-01 00:06:46,2,41.67617675087822,10.056155329041513,0.0003210621460879972,0.5067979639062131
2026-01-01 00:06:46,3,54.8575038922065,11.509322214406138,0.0005804635517289552,0.4323909649254114
2026-01-01 00:06:47,0,44.965368731229816,12.943186812435398,0.0009936033167806972,0.12966766254470016
2026-01-01 00:06:47,1,45.88218697159872,11.464289247052038,0.0007571812647555851,0.2589026393541908
2026-01-01 00:06:47,2,27.228903157418685,9.378872464370392,0.0013927151137893958,0.098998876483633
2026-01-01 00:06:47,3,5.6671011135182425,9.845415488597531,0.00034008115430242966,0.17202228820311033
2026-01-01 00:06:48,0,44.18766770805129,15.962524800014958,8.666397267305235e-05,0.29143752424872865
2026-01-01 00:06:48,1,17.931578453001023,13.454543781024675,0.0015424940693013534,0.21655248911698438
2026-01-01 00:06:48,2,76.92020355519519,14.847556813084157,0.00012859837132917195,0.08361767276304677
2026-01-01 00:06:48,3,16.81568833750393,10.311813686509069,0.000554518048580333,0.38834753530491034
2026-01-01 00:06:49,0,50.84903728140307,10.220175309178032,0.0005230474931678233,0.4429299279129661
2026-01-01 00:06:49,1,14.014489630088592,9.854515960135085,0.006195595192559063,0.17320735629220288
2026-01-01 00:06:49,2,27.425488860921632,14.640082888109164,0.0009906366242183728,0.527164758467213
2026-01-01 00:06:49,3,60.02378836889132,9.118000928202752,0.0008224732471772825,0.1454659808715325
2026-01-01 00:06:50,0,9.270178786761107,10.222177238275876,0.000737823373625,0.08151789030921817
2026-01-01 00:06:50,1,42.05671106385776,8.533051893705819,0.0011011260894373087,0.22158984614070446
2026-01-01 00:06:50,2,26.52747820973298,8.945286820109523,0.0003043426954367383,0.39165019463567335
2026-01-01 00:06:50,3,45.12093937395237,11.955640258846277,0.00015853774620011016,0.5451001885103431
2026-01-01 00:06:51,0,83.41566725348892,11.617817568835441,0.0015286330094453156,0.2947776047676748
2026-01-01 00:06:51,1,27.604362807276132,12.298388953960183,0.0012721905025382806,0.27143534605559827
2026-01-01 00:06:51,2,52.283916569887836,10.592132891904955,0.00032654070698135134,0.2800596572881646
2026-01-01 00:06:51,3,38.059357976061015,12.568659692225047,2.5603089901458198e-05,0.44674266648638083
2026-01-01 00:06:52,0,8.707596297951467,10.535106881565927,0.0017957329807864071,0.21663174236640748
2026-01-01 00:06:52,1,21.6451236421034,10.789528834025413,0.0018646836945982472,0.42172852495897534
2026-01-01 00:06:52,2,28.306052007801743,15.419141412025336,0.0007313485726605094,0.473322751125316
2026-01-01 00:06:52,3,118.69668220614315,15.18291863730736,0.00021192710290612846,0.5628854313033529
2026-01-01 00:06:53,0,20.033871995580377,14.522361086901736,0.0006327286918806608,0.35707972110989333
2026-01-01 00:06:53,1,58.67094532736978,9.386517643877387,0.0005438945763232626,0.22234589289546564
2026-01-01 00:06:53,2,37.908129128869575,10.870546370399467,0.0005541757100086594,0.21570500637669554
2026-01-01 00:06:53,3,26.500279412325487,8.227233385532736,0.00014540655784141146,0.20232739876368952
2026-01-01 00:06:54,0,27.704026285461396,12.885889393350975,0.00034731887811761025,0.48030351752776834
2026-01-01 00:06:54,1,16.799468634661086,8.176680697566876,0.0008370121746209863,0.25612226818394535
2026-01-01 00:06:54,2,17.62499824581595,10.845056238822247,0.0006890554723141933,0.4091439806906111
2026-01-01 00:06:54,3,33.48778194156393,15.283853059904184,0.0015474296892213568,0.5052076275866803
2026-01-01 00:06:55,0,42.14518131312276,6.813859437347371,0.001024171668217246,0.29453739026687337
2026-01-01 00:06:55,1,124.03993014790274,16.859651696152028,0.0018496159244513629,0.3745741433173151
2026-01-01 00:06:55,2,31.422760687012094,8.269933124048295,0.0010264608299485904,0.24728993215322967
2026-01-01 00:06:55,3,45.64573829734447,13.490947327717183,0.00020412967552584115,0.38784632540712194
2026-01-01 00:06:56,0,58.238896719857934,11.202757149447365,0.0007921442214067666,0.02260307260172112
2026-01-01 00:06:56,1,39.454889739364695,15.108609247078755,0.00010965253873686183,0.5440188730262188
2026-01-01 00:06:56,2,7.159107588307468,10.954393299764106,0.0013742198448712633,0.13295867567996728
2026-01-01 00:06:56,3,14.267008364232664,6.909572093607513,0.0015827637553476332,0.3158995043168743
2026-01-01 00:06:57,0,33.357792728454605,7.996031692981803,0.001712086325460288,0.32049697246627123
2026-01-01 00:06:57,1,27.104712781803922,10.177259000448355,0.001786175255300045,0.11565647015681349
2026-01-01 00:06:57,2,26.631701587842105,13.26587308446871,0.0009179184286946502,0.32376142571513644
2026-01-01 00:06:57,3,92.68134976535353,8.138926546171474,0.001115232955551212,0.30771481454146854
2026-01-01 00:06:58,0,35.7565600788445,7.514697248501273,0.0013739054471272817,0.08764255203979886
2026-01-01 00:06:58,1,28.41589466086614,11.702731374885406,0.0003450353428644237,0.4440682928244409
2026-01-01 00:06:58,2,18.53959896302061,6.516778528551816,1.881878636724661e-05,0.24758834079248115
2026-01-01 00:06:58,3,19.61103807274351,25.1669440183197,0.0009670420811608457,0.717541543570246
2026-01-01 00:06:59,0,58.207565618558256,21.83300093110445,0.00028441019234724097,0.3891774869898279
2026-01-01 00:06:59,1,56.82938054210981,9.99360237236164,0.0015231705301355669,0.18053123294985318
2026-01-01 00:06:59,2,22.543337370336904,11.136940277569135,0.000125733369347198,0.487071579361578
2026-01-01 00:06:59,3,67.54990220701819,13.34985091167753,0.000667642711073471,0.4684319649746247
2026-01-01 00:07:00,0,28.75441648729028,10.529337868619626,0.0008790550341492715,0.38849640746112674
2026-01-01 00:07:00,1,13.920852952613417,8.899050810283969,0.0005777388880795408,0.14318163676069037
2026-01-01 00:07:00,2,23.79979896583188,8.674419595114122,0.0018207330974981087,0.11612340356060902
2026-01-01 00:07:00,3,6.018258848635514,9.459267474502344,0.0003752123611696936,0.13016227570237343
2026-01-01 00:07:01,0,114.60745103542736,14.388590449191046,0.0007158023007073699,0.4588552566975028
2026-01-01 00:07:01,1,14.114448404816951,15.948077190581458,0.00011420380063363515,0.4500077620792837
2026-01-01 00:07:01,2,39.84051319066914,13.006042880350016,0.0010477592225362866,0.5535804160584689
2026-01-01 00:07:01,3,17.825077229477795,21.70618430473075,0.0002696662075170929,0.6795594618655217
2026-01-01 00:07:02,0,38.75616303032162,12.150748721672718,0.00017467166592666241,0.3145277886941494
2026-01-01 00:07:02,1,14.229051623626665,10.578601672065881,0.00023425705308353277,0.2160365694320396
2026-01-01 00:07:02,2,63.07863113248074,14.481318802575096,0.0012533250273472907,0.32803924867955714
2026-01-01 00:07:02,3,31.32275528800302,10.184931653678785,0.0002090572090326382,0.2264294993692549
2026-01-01 00:07:03,0,27.235681208880177,9.219474955328591,0.00028027772055728013,0.145763973249352
2026-01-01 00:07:03,1,125.49032431882621,8.148987706191715,0.0014451307059184376,0.3616743903637843
2026-01-01 00:07:03,2,14.395268496081052,14.78210214100681,0.0001997632013085664,0.024142457556411315
2026-01-01 00:07:03,3,38.582568072382436,13.901851645779983,0.0011801460379617392,0.507828197804953
2026-01-01 00:07:04,0,62.847975170443874,9.695203462701,1.1536985121216653e-05,0.199839817712894
2026-01-01 00:07:04,1,29.815487625682028,8.121124769481858,0.00037867839104751953,0.2535291051893918
2026-01-01 00:07:04,2,31.85664735591799,6.6821327000421284,0.0010421419662479967,0.22408499328770537
2026-01-01 00:07:04,3,75.78972716283715,11.950681357719958,4.169644876455614e-07,0.3393256756602807
2026-01-01 00:07:05,0,22.673551598907167,13.026308535686539,0.0010233945424591119,0.38385284003049547
2026-01-01 00:07:05,1,16.211926746444707,10.504669190271608,0.0009174751621446879,0.19393244284982158
2026-01-01 00:07:05,2,22.333396051756715,16.45062975024004,8.526598677151628e-05,0.3701172523498097
2026-01-01 00:07:05,3,19.330602627524133,16.443719585924335,0.000977701284302372,0.2577032642167984
2026-01-01 00:07:06,0,31.52678879915081,8.551281700733046,9.347531461934698e-05,0.32347347616790345
2026-01-01 00:07:06,1,29.37282692447725,8.646230927823742,0.00024374503151622023,0.15534995202181823
2026-01-01 00:07:06,2,69.09012058132619,11.388366373283057,0.00016423248622599975,0.3418559233855325
2026-01-01 00:07:06,3,12.465034433631677,19.59909698040345,3.207484860156916e-05,0.5441128339140191
2026-01-01 00:07:07,0,17.861202053484458,8.175912883973501,0.00022044884711255893,0.17480338055930703
2026-01-01 00:07:07,1,15.741587094108649,11.638125358941675,0.0003074995711700171,0.24804228981627116
2026-01-01 00:07:07,2,30.63956125772101,10.972420485191604,0.001528497525228642,0.13136113500111177
2026-01-01 00:07:07,3,41.69429454221465,9.606198383058453,0.0009754613999730626,0.13145297807882822
2026-01-01 00:07:08,0,14.445278341413154,20.43491255434352,0.0009050953401632869,0.4077371582174574
2026-01-01 00:07:08,1,26.330984989429794,12.66769713609794,0.0004825158386631521,0.14987396806186087
2026-01-01 00:07:08,2,97.24305405740361,15.298118346998988,0.0006078582965349715,0.46510925504940454
2026-01-01 00:07:08,3,42.785550644476324,17.293551191944303,0.0033197919225900316,0.3664693108678399
2026-01-01 00:07:09,0,139.06417958830167,12.582741456691886,0.00039135687118846505,0.40595340444786476
2026-01-01 00:07:09,1,25.559340651603023,14.295478591537186,2.539999010792777e-05,0.2610454798180417
2026-01-01 00:07:09,2,46.558958957925284,16.34789665424583,4.702307692705706e-05,0.3267950364291228
2026-01-01 00:07:09,3,64.84453610837703,13.556095942397041,0.000322133774643627,0.5676785482192916
2026-01-01 00:07:10,0,15.655984624540089,12.593494810726916,0.0006079410955962527,0.12161064144220021
2026-01-01 00:07:10,1,25.131646925201387,9.247505095962996,0.0013390046963003537,0.17788305010024355
2026-01-01 00:07:10,2,9.392310820847387,13.849177762916604,0.0010685333691330425,0.039635297694921426
2026-01-01 00:07:10,3,90.75579347157837,11.943575403985314,0.00035416840834493987,0.45367427580126274
2026-01-01 00:07:11,0,42.85902623415098,10.194742768714658,0.0004909790366970286,0.20925453998567803
2026-01-01 00:07:11,1,26.94266234813863,7.3315287562418625,0.0006296027575980277,0.12199875217688619
2026-01-01 00:07:11,2,21.54737146983603,16.7739104315502,0.0008829642677405012,0.1722994088718279
2026-01-01 00:07:11,3,28.6052189455937,13.8826885283026,0.0004356642809600387,0.5409281455695274
2026-01-01 00:07:12,0,17.05790491860604,7.766544681475558,0.0003152163944726665,0.34606661487459595
2026-01-01 00:07:12,1,25.850491422896614,12.095939626617335,0.00023486185008937847,0.3700004573150189
2026-01-01 00:07:12,2,21.029132423768264,18.866220538828706,0.0014419906294415319,0.460309297472655
2026-01-01 00:07:12,3,22.765691350594338,11.682878990227834,0.001405011838557233,0.4526455238589945
2026-01-01 00:07:13,0,35.9820281368243,8.7841819677931,0.001015478439203482,0.2314364868752726
2026-01-01 00:07:13,1,36.14402353719263,12.75264612886869,0.003233961358769849,0.5538214855535588
2026-01-01 00:07:13,2,47.26508486630165,12.240795334422414,4.998508535107198e-05,0.24450977042295702
2026-01-01 00:07:13,3,31.65216548045224,8.353482177489193,0.0007923274143721484,0.19215622662216683
2026-01-01 00:07:14,0,43.95728857799025,17.20710775798754,0.0007149069491417584,0.3602084757718322
2026-01-01 00:07:14,1,74.74785700170736,10.645831166546934,0.0003883239449362616,0.27421294620098663
2026-01-01 00:07:14,2,19.093508960479127,16.00889427228631,0.0005378601939613696,0.48188593811708
2026-01-01 00:07:14,3,55.65832896018446,19.48716143485086,0.0007572768398870647,0.5754017147587593
2026-01-01 00:07:15,0,28.94331420291322,7.49908454188109,1.3866963959034713e-05,0.19202590306725303
2026-01-01 00:07:15,1,10.280303410054675,7.897836824834818,0.0003504614228637197,0.2530302484691127
2026-01-01 00:07:15,2,54.74394279539928,15.794638759658636,0.001978349485753045,0.5282216929110816
2026-01-01 00:07:15,3,22.672988507668645,8.92190055555153,0.002133047541318712,0.21110494321555395
2026-01-01 00:07:16,0,27.340129085793468,12.809507946237934,5.6215011773766156e-05,0.3478916884541275
2026-01-01 00:07:16,1,67.71895591892502,11.491250444080015,0.0007656009897317984,0.23138410051376854
2026-01-01 00:07:16,2,16.910787826899686,11.632887135915398,0.00020520488800680867,0.3873760681704421
2026-01-01 00:07:16,3,66.39904648627895,10.798897339507988,0.003179494536045907,0.44720033873310805
2026-01-01 00:07:17,0,19.54929206292306,7.110633806588975,0.00045544741288901545,0.09515955576003907
2026-01-01 00:07:17,1,47.726214197795926,17.039072508298787,0.0013209057425086566,0.302325316082587
2026-01-01 00:07:17,2,15.318506192749455,9.627570199319694,4.4799262158641586e-05,0.43110033157280014
2026-01-01 00:07:17,3,26.052695956913116,14.830060255614963,0.0018090664784733343,0.5093676184703975
2026-01-01 00:07:18,0,17.059216420440446,8.43422408161363,0.0004274792235115109,0.225157830821121
2026-01-01 00:07:18,1,42.45132862417169,13.02747636264462,0.0006918791644458769,0.426125928091119
2026-01-01 00:07:18,2,17.542343362749374,11.363332805586847,0.0005180460248378272,0.10135890102949742
2026-01-01 00:07:18,3,77.69019691585862,14.387430618518513,0.0023258046122700674,0.5342210444933221
2026-01-01 00:07:19,0,121.28416360758138,10.53790711283756,0.0006834508644330461,0.20674019778737435
2026-01-01 00:07:19,1,41.33357463858939,10.990235087208617,6.014112414745679e-05,0.35671361610991403
2026-01-01 00:07:19,2,74.76138251944387,10.153229188866908,0.0015686562661387802,0.29348999418333016
2026-01-01 00:07:19,3,12.471883318483552,9.60127352171922,0.0002996171108348978,0.17075650359837502
2026-01-01 00:07:20,0,141.05138416970743,12.769259626487784,0.0005646079039608211,0.06079403660211469
2026-01-01 00:07:20,1,14.776525678218745,12.971534247821456,0.0002676824607852014,0.4396922894827353
2026-01-01 00:07:20,2,46.21141107509362,15.935831022791394,0.0003213255118348124,0.557283839055571
2026-01-01 00:07:20,3,32.32658053384928,13.5745762483591,0.0004404596546168854,0.3207535822508682
2026-01-01 00:07:21,0,48.993385776212456,12.94034451295861,0.0008842173365311537,0.22922210546416627
2026-01-01 00:07:21,1,43.644882343890266,10.909148192609493,0.00027873779320572147,0.32362102211537164
2026-01-01 00:07:21,2,87.72831225099786,10.38308795418164,0.00048731109073014045,0.3775771961337751
2026-01-01 00:07:21,3,32.17793369159542,7.211882886190546,0.0003086718375088046,0.2632163087928967
2026-01-01 00:07:22,0,20.81100738660827,7.2258609040896715,5.142442446190109e-05,0.17581718973381943
2026-01-01 00:07:22,1,39.374667772435316,10.235409376122117,0.0004569163571826616,0.3624348748924981
2026-01-01 00:07:22,2,47.88656098371108,11.145033030572936,0.0003504771133678474,0.4283384930023051
2026-01-01 00:07:22,3,40.91071749189294,10.267170063543912,0.0002493987887328527,0.32760306583418447
2026-01-01 00:07:23,0,9.511685571842087,14.12412043600985,0.00031666937229443985,0.42998640413477973
2026-01-01 00:07:23,1,6.140128724426146,6.515825936467995,0.0003317600860913145,0.036509381572368334
2026-01-01 00:07:23,2,49.31761088807123,14.848110629207131,0.0005324391107858943,0.44431429669876915
2026-01-01 00:07:23,3,40.58125159009036,13.279235569922726,0.0004475704939694244,0.40954480571996404
2026-01-01 00:07:24,0,120.26203353753431,11.651621289906245,0.0008253001564221488,0.12973803555239172
2026-01-01 00:07:24,1,30.27452591759616,11.320437138599058,0.0007176374030528192,0.34875209482145386
2026-01-01 00:07:24,2,64.20450702197608,11.566334298990423,0.001743914785826987,0.42691238132153375
2026-01-01 00:07:24,3,106.77402791718795,10.56088348643314,0.0007406897269311432,0.37283922678020887
2026-01-01 00:07:25,0,36.568741941368756,9.100663661313797,0.0010470384265531183,0.02
2026-01-01 00:07:25,1,35.42574466146434,14.143453096320986,0.0005367173316388364,0.28373170885945176
2026-01-01 00:07:25,2,32.213387813114814,10.111603023019027,0.0011791799871816767,0.3411649505372771
2026-01-01 00:07:25,3,80.28557436042153,10.824337362698584,0.0012425918135514384,0.3385613135314948
2026-01-01 00:07:26,0,86.6060902614388,9.340935969876364,0.0005633164359272516,0.3401577643317516
2026-01-01 00:07:26,1,61.921098479337076,16.110451586151093,0.001183897253445994,0.5313216402569502
2026-01-01 00:07:26,2,40.40673595025984,10.668123491397063,0.002743677035126729,0.24105379434117336
2026-01-01 00:07:26,3,14.396537913684353,10.560859453858706,0.0013359585040579652,0.02
2026-01-01 00:07:27,0,13.110793197390517,9.258700838511098,3.38951051066076e-05,0.29423708211440497
2026-01-01 00:07:27,1,32.49272686095677,9.42261288730706,0.0020683063782398242,0.33797114251857197
2026-01-01 00:07:27,2,12.652788633126265,12.240736016956394,0.0003630467710222385,0.06574290967481353
2026-01-01 00:07:27,3,36.082518668611954,11.551284871270923,0.001185610886096531,0.30513517999836415
2026-01-01 00:07:28,0,44.1226478516412,9.890521368181263,0.0006218556431555293,0.38671472788201444
2026-01-01 00:07:28,1,19.647729871855702,15.208861014759655,1.904066353182073e-05,0.1995797305718886
2026-01-01 00:07:28,2,24.295122250281835,9.074085688406447,0.001340295969153612,0.2255863014129891
2026-01-01 00:07:28,3,14.484705041715287,11.191598503267466,0.0002652204061645316,0.02
2026-01-01 00:07:29,0,7.222667714789265,10.797532383894964,3.1712676045029396e-05,0.1569563741994027
2026-01-01 00:07:29,1,14.604712994793807,11.07616991761853,0.003209735172141452,0.14323978391628375
2026-01-01 00:07:29,2,19.016841022144035,11.008447647686552,0.00034769959961715777,0.10684529346787973
2026-01-01 00:07:29,3,27.863868299592674,11.131309463045351,0.0010524588656278069,0.2859842672889394
2026-01-01 00:07:30,0,18.049430735689917,14.49777851149565,0.0008436351460888885,0.367612975336171
2026-01-01 00:07:30,1,29.345952012868832,10.290884234131322,0.0008053240130599018,0.07304166631111267
2026-01-01 00:07:30,2,19.242321701380487,15.092471478884832,0.00020893364806695854,0.41184777414107765
2026-01-01 00:07:30,3,106.68800464367025,10.245675493359492,0.0012172145282581042,0.18710562083473734
2026-01-01 00:07:31,0,33.70467975325318,10.039245271839121,0.0011548676334460655,0.2560145193288995
2026-01-01 00:07:31,1,29.842745117758817,7.661663214271333,0.0007620243253543659,0.2401279854259564
2026-01-01 00:07:31,2,27.13591188161466,21.57683119171546,0.0007084104044875865,0.619709714029466
2026-01-01 00:07:31,3,21.41019472729535,14.442977079556199,0.0005560668082145406,0.4764646118534101
2026-01-01 00:07:32,0,49.37055144455698,10.570745896476419,0.0011104014661340788,0.3803775557868668
2026-01-01 00:07:32,1,55.95465809843557,15.181845410330604,0.0001834871340108991,0.44073242570297605
2026-01-01 00:07:32,2,232.44327822545634,10.174567482062956,0.0011840096764860054,0.19341515098233528
2026-01-01 00:07:32,3,43.72612957681775,16.569372031274263,0.0004127483340126085,0.5777288952037056
2026-01-01 00:07:33,0,18.962336552864933,13.091953219167197,0.0010437412052090042,0.0557542061074413
2026-01-01 00:07:33,1,25.53191072503178,9.541114285729384,0.0017330277750445035,0.13779998013201122
2026-01-01 00:07:33,2,118.17415964403762,12.784604510849483,0.001640658300839154,0.5106781198727551
2026-01-01 00:07:33,3,55.78601399448136,9.741781018713562,0.0005231339417198923,0.31377967882605146
2026-01-01 00:07:34,0,32.43696503514505,9.522037193447646,0.00011978549546037883,0.18310633476702637
2026-01-01 00:07:34,1,90.49405374812088,13.449265193738608,0.0001490479468543762,0.47847765222604444
2026-01-01 00:07:34,2,24.286298848146764,8.51081635963938,0.0017401252945799227,0.17955586431507858
2026-01-01 00:07:34,3,65.27391731322636,11.50641847602063,0.00018855500810098099,0.45901049199180066
2026-01-01 00:07:35,0,29.990898802274735,8.566611494619265,0.002134857223292649,0.2932918839662225
2026-01-01 00:07:35,1,51.6226144078283,9.8950830742388,0.0008800905214894982,0.41757678285852107
2026-01-01 00:07:35,2,33.15139346977263,8.728042272003776,0.0004961680237564486,0.3002463941097575
2026-01-01 00:07:35,3,31.734965208559252,9.008836248215072,1.631968027737135e-05,0.32992816089257193
2026-01-01 00:07:36,0,68.94210957170303,6.2194974690574725,0.0007155072818336062,0.11142421579834184
2026-01-01 00:07:36,1,63.071101483972846,11.383381205138633,0.0003317729781358912,0.3532310466784607
2026-01-01 00:07:36,2,175.04598717144265,11.067855628536089,0.0004132310608392374,0.24840863129430785
2026-01-01 00:07:36,3,76.39854471164811,14.765095009065401,0.00021479857321312588,0.4542570485422654
2026-01-01 00:07:37,0,46.29929855051591,12.626887167062241,0.0010250776596600797,0.45963220433381413
2026-01-01 00:07:37,1,13.913020391898913,7.421114424891041,0.0006252595640790355,0.24707464075641106
2026-01-01 00:07:37,2,38.178913506294016,9.077467884575716,0.0021379337848500416,0.37880379580419754
2026-01-01 00:07:37,3,35.53941457199605,7.735017054893858,0.00025266528872424173,0.15632284495979867
2026-01-01 00:07:38,0,94.21373069067673,14.943109897787654,0.0010806223520234035,0.3237180805186257
2026-01-01 00:07:38,1,41.62225829542564,14.83315434715071,0.0004805551836315398,0.16210372071229712
2026-01-01 00:07:38,2,23.070231978124774,11.191834796880402,0.002087355824834958,0.22141288747137863
2026-01-01 00:07:38,3,40.9981980146807,15.92962823477475,0.0013515110599003524,0.5745740867215812
2026-01-01 00:07:39,0,53.55399261670752,9.726162916590372,0.00025865417039679973,0.19694500730516765
2026-01-01 00:07:39,1,59.68744185715896,8.396956302380008,0.0008501133638682724,0.23530947008820322
2026-01-01 00:07:39,2,14.788817954667445,11.528666233429265,0.00016709749826581956,0.23762028628386025
2026-01-01 00:07:39,3,18.965909114140473,11.152185200450973,0.00010925970889195048,0.41978280859781975
2026-01-01 00:07:40,0,23.401159698555773,6.976772336014891,0.00026301281945502084,0.16415417658133719
2026-01-01 00:07:40,1,35.27278259377248,9.123926542785922,0.0022724820764198415,0.1310025718673412
2026-01-01 00:07:40,2,20.222126855617784,10.592389337204787,0.000520563094125048,0.42868282538387675
2026-01-01 00:07:40,3,17.610512027088426,7.042761684945442,0.001996842216416653,0.16844695037025298
2026-01-01 00:07:41,0,9.91655290018565,12.41507596413497,0.0001592008215691125,0.1630716329800833
2026-01-01 00:07:41,1,28.96325462439161,12.200275717713861,1.5634290744462976e-05,0.3428357792736204
2026-01-01 00:07:41,2,20.38335450619916,8.570994486259346,0.0006614710333135929,0.1174041449928605
2026-01-01 00:07:41,3,17.35248810325715,9.630545538048015,0.0007723750878202073,0.23818799827246084
2026-01-01 00:07:42,0,38.37165630719299,11.248475531731417,0.00031049357681386226,0.2558924187140304
2026-01-01 00:07:42,1,61.68663054465747,17.426171346282608,0.00014854497896473075,0.5054513113350115
2026-01-01 00:07:42,2,28.283785560059137,11.597107056159661,0.0004180214891357645,0.3703124050607812
2026-01-01 00:07:42,3,50.89730988455368,8.10399981523425,0.0009525123505890232,0.28080453342777406
2026-01-01 00:07:43,0,26.019687669593104,10.108410916789959,0.00018465175758883707,0.09364302288192318
2026-01-01 00:07:43,1,54.4535424804487,10.461490946285625,0.0018661111259287843,0.12048549278126122
2026-01-01 00:07:43,2,94.13593091925858,17.83606114680982,0.0003092260082532536,0.5492318586429163
2026-01-01 00:07:43,3,50.01803348261322,21.79721071246321,0.001405721627931516,0.5999673630580674
2026-01-01 00:07:44,0,64.20910499381816,15.830231549964992,0.00030957608251126127,0.19113242666405436
2026-01-01 00:07:44,1,11.851582901447895,14.316927720779013,0.0035721282536841734,0.036486152343773615
2026-01-01 00:07:44,2,41.28942776950705,10.755786866315935,0.0012966012639839693,0.34380756912675015
2026-01-01 00:07:44,3,128.85513453105457,12.061907548554581,0.0003427135311103686,0.48691078540463606
2026-01-01 00:07:45,0,22.537110326691625,16.807819243023868,1.4068971736107953e-05,0.43174557618891957
2026-01-01 00:07:45,1,33.66400793970611,19.970868137497373,0.00012711064393004724,0.26358258004476354
2026-01-01 00:07:45,2,9.336874118974006,13.705734518735413,0.000869753451092879,0.49471000317395053
2026-01-01 00:07:45,3,53.9090884604485,7.770203732682175,0.0008880043528152293,0.0880263587236875
2026-01-01 00:07:46,0,72.74226078194938,10.470885190817825,0.0002936010917682286,0.15038684472603392
2026-01-01 00:07:46,1,116.93920263614694,7.349880962431005,0.00024642696370321516,0.2991939457373205
2026-01-01 00:07:46,2,15.034191235140112,6.378333665358922,0.0007497552899926983,0.15770218687341828
2026-01-01 00:07:46,3,39.67361866775349,16.175011820631788,0.0005068415408331492,0.5408344864441778
2026-01-01 00:07:47,0,23.441560559151547,12.31977984234196,0.0011767001215210486,0.4318045299353281
2026-01-01 00:07:47,1,35.40020182149525,13.564848239739103,5.407471756872433e-06,0.3084737365323935
2026-01-01 00:07:47,2,30.21774441299483,11.422334506040533,0.0001521261264771108,0.35906125657532423
2026-01-01 00:07:47,3,22.402014121751133,16.441347152958834,6.708713223978405e-05,0.5165429185156521
2026-01-01 00:07:48,0,35.234819222650856,12.802954235436491,0.001421632789060921,0.3604428637990585
2026-01-01 00:07:48,1,26.460095595252017,9.522825186376195,0.00013333293717523477,0.14890245454784445
2026-01-01 00:07:48,2,66.30325687412397,12.279904285838496,0.0005087157721323425,0.42593904019655665
2026-01-01 00:07:48,3,31.315361599439612,13.357870062431033,0.00020051113873928257,0.3087334707335445
2026-01-01 00:07:49,0,84.76087773953074,10.611558298494039,0.0012846806074281718,0.22630793559468126
2026-01-01 00:07:49,1,27.620560425088197,9.429706769584806,0.0010558736146869183,0.2740852049815197
2026-01-01 00:07:49,2,18.515800604460388,10.480117557951964,0.002009610272442149,0.27949569352500586
2026-01-01 00:07:49,3,25.252776363586996,10.848319525556212,0.0008686525118378751,0.4498321589714013
2026-01-01 00:07:50,0,51.05328468952465,13.03882577184117,0.0001687836748513463,0.27953235057108494
2026-01-01 00:07:50,1,34.98249817424768,14.070102975423136,0.0006298134694710312,0.4268279478870962
2026-01-01 00:07:50,2,82.84504909437617,10.624077871093473,4.5726770738675426e-05,0.322793771795471
2026-01-01 00:07:50,3,36.82402897943127,9.604021851101935,0.00029944719577843025,0.1524799603868964
2026-01-01 00:07:51,0,82.40681902643745,9.02043211703419,5.0238700247614934e-05,0.1900366085167978
2026-01-01 00:07:51,1,68.68625467203695,22.483669152619676,0.00013501087493775072,0.2137297855114662
2026-01-01 00:07:51,2,7.972167722204315,11.389627110402097,0.00030968830581425767,0.3769982536027664
2026-01-01 00:07:51,3,22.61183826860472,17.572383830810704,0.0011328340660761108,0.48603228750934124
2026-01-01 00:07:52,0,21.576009678410283,7.571327077010598,0.0009732687631075587,0.03289627229217342
2026-01-01 00:07:52,1,183.8202676713395,10.459703847965937,0.00224814301954451,0.3448598287757761
2026-01-01 00:07:52,2,20.264743037418132,9.387721300445342,9.683373520264088e-06,0.11563696804213808
2026-01-01 00:07:52,3,67.49835126408121,8.9726816757197,0.0005146381167242496,0.35645563914990275
2026-01-01 00:07:53,0,65.66584612830621,8.254359580136024,0.0014934002698975993,0.296127640882576
2026-01-01 00:07:53,1,87.43812637166783,10.86865002696857,0.0005440380552634309,0.43785206726453224
2026-01-01 00:07:53,2,24.526014336246668,11.236841961553706,0.0007256138088468039,0.24694347091366312
2026-01-01 00:07:53,3,76.59619818430497,12.462001544535097,8.012615795054443e-05,0.42676916605991894
2026-01-01 00:07:54,0,22.99574439482879,6.479758704634801,0.0005917871124532592,0.14376828038106257
2026-01-01 00:07:54,1,17.252399493762972,9.277017889105434,0.00018242948927384175,0.20900608491422928
2026-01-01 00:07:54,2,49.94637686054023,15.542401552382236,9.959625187801543e-05,0.46695412314390766
2026-01-01 00:07:54,3,55.93205806023692,20.076483802100057,0.0010936157238338096,0.6440278985326154
2026-01-01 00:07:55,0,26.579346323593313,13.645196497525443,0.0005190900621102982,0.21083039450129112
2026-01-01 00:07:55,1,60.72968363067682,9.023203249809384,0.0002332444569597845,0.21853317285201534
2026-01-01 00:07:55,2,105.91892642597439,23.251873052856155,0.00017833905088569785,0.6354884100514666
2026-01-01 00:07:55,3,15.43842378215406,12.284285536346431,0.0005746137527085527,0.4134632489515007
2026-01-01 00:07:56,0,11.360650239642204,11.470570171978796,0.00017178987592926542,0.2257387558551488
2026-01-01 00:07:56,1,64.92654778399398,22.173588360315392,0.0009321258749327281,0.5703614820402846
2026-01-01 00:07:56,2,19.011494434104343,9.820387999895619,9.984670792520737e-05,0.3112386668200474
2026-01-01 00:07:56,3,63.17663536678793,13.05746842289516,0.0008347264828680669,0.45783164403706533
2026-01-01 00:07:57,0,71.88255055990508,7.98108820973883,0.000279837659182852,0.355398584978995
2026-01-01 00:07:57,1,11.696690076916196,5.6413053340359856,0.00012444919591011916,0.1841452074749451
2026-01-01 00:07:57,2,39.90468228251116,12.549098973849787,0.00023312602574773376,0.31315564793209943
2026-01-01 00:07:57,3,35.123874413521904,13.690271869030923,0.0003493023353973228,0.46308379459656057
2026-01-01 00:07:58,0,69.26345242998748,12.231047294802806,0.0014314554555114106,0.26247526002109606
2026-01-01 00:07:58,1,72.84647670851234,10.165607494844155,0.0032455841590165917,0.2890691816408217
2026-01-01 00:07:58,2,13.078734447379702,11.084649001734673,0.0010163240658375159,0.12404377997693725
2026-01-01 00:07:58,3,88.0483447005566,10.36767157973373,0.0015311661937433044,0.20092370428074904
2026-01-01 00:07:59,0,121.59630391117565,13.147380526272782,0.00027854618719743346,0.37144833284434675
2026-01-01 00:07:59,1,79.03029519222653,9.946329721301417,0.00061166977866879,0.3823352282507159
2026-01-01 00:07:59,2,57.31869447253416,10.716936161630583,0.0004424619729480686,0.33722869191482296
2026-01-01 00:07:59,3,58.721691545548985,8.5839384778716,2.00370315169033e-05,0.11611335845253558
2026-01-01 00:08:00,0,13.64305714953855,9.220845457575514,0.00016582903719922153,0.20611865620198475
2026-01-01 00:08:00,1,55.32964095649443,12.753224030137229,0.00019193167634020547,0.33682503873409514
2026-01-01 00:08:00,2,12.727644896388657,5.271354387467598,0.0014275410783018876,0.04452662109288507
2026-01-01 00:08:00,3,56.47445520470271,13.553481865149509,0.0006794873331038888,0.13894273750148847
2026-01-01 00:08:01,0,32.570383031772415,11.298492578845456,0.00035373155850762316,0.15033736271929127
2026-01-01 00:08:01,1,97.41077657902704,11.695817753691546,0.0008462921476438477,0.3042289382139078
2026-01-01 00:08:01,2,116.98340068592677,12.944956516858433,0.0011211771862695953,0.4594895713626059
2026-01-01 00:08:01,3,18.50491308571229,12.015515836368829,0.00014753792055239104,0.49464885202254694
2026-01-01 00:08:02,0,110.31644849436604,13.712513127932151,0.001386574836160673,0.24634009334311366
2026-01-01 00:08:02,1,16.72107522225565,12.942223327323491,0.001232189622609338,0.4276118359301322
2026-01-01 00:08:02,2,62.56448298783321,18.73753784497193,0.0008960039929049041,0.6561960444178075
2026-01-01 00:08:02,3,45.97070476898674,11.940083461061802,0.00039627394925617556,0.24233580773381214
2026-01-01 00:08:03,0,19.503623822994403,15.634607050281886,0.0001053740491405528,0.2499021622892853
2026-01-01 00:08:03,1,39.797482526129734,13.785756396476081,0.00011925996112531541,0.482009718534429
2026-01-01 00:08:03,2,21.13149711940565,15.635735333078461,0.002318488684800028,0.3943966178995528
2026-01-01 00:08:03,3,40.33983928763066,10.338847474359014,0.000925565865195485,0.2931831061957314
2026-01-01 00:08:04,0,10.614649714735299,11.98687094319458,0.0004892596452530151,0.2595179857317566
2026-01-01 00:08:04,1,76.88168943204134,17.27588567516512,0.0011038279904164456,0.4506569535753975
2026-01-01 00:08:04,2,15.104198505549721,11.368920828443056,0.0005432706601225423,0.2745324890905053
2026-01-01 00:08:04,3,27.86389305331638,9.576086360533592,0.00035865955926759225,0.1877531473676009
2026-01-01 00:08:05,0,25.714233477200107,9.555966170404274,0.0010668805709499025,0.3411483199350967
2026-01-01 00:08:05,1,124.7292104586895,14.054677400803298,0.0013911312354583333,0.4247420529036344
2026-01-01 00:08:05,2,41.60912721129203,10.954943211774424,0.0010899798143802245,0.282564666294669
2026-01-01 00:08:05,3,87.63762630090629,21.871731059914513,0.0007278765588042585,0.4390521318382804
2026-01-01 00:08:06,0,42.11114450171803,10.00000388201906,4.7618718707092264e-07,0.2303396944678122
2026-01-01 00:08:06,1,32.49840852213558,16.183451227180612,0.00011507614975512549,0.36357149856848
2026-01-01 00:08:06,2,26.98014118998214,10.5857861906442,3.702665961644493e-05,0.08666272014858147
2026-01-01 00:08:06,3,22.51333759565422,20.905304786243523,0.0008072560010786333,0.26203084365616397
2026-01-01 00:08:07,0,25.790147266787027,15.038126936717632,0.00020922491227833576,0.29001204385959434
2026-01-01 00:08:07,1,179.56344321317692,9.331867278901557,6.191675777494041e-07,0.33581766018272446
2026-01-01 00:08:07,2,30.41829317967511,19.64060329084206,0.0009798539772260645,0.6429756004851128
2026-01-01 00:08:07,3,74.00874410568058,12.015846704485881,0.00014680232343684742,0.3905876834261659
2026-01-01 00:08:08,0,11.759852886334313,16.181393610103903,0.0016884804415416355,0.2734148274530915
2026-01-01 00:08:08,1,39.87319065532809,11.693516124345305,0.0006002292579877209,0.3278256035758762
2026-01-01 00:08:08,2,53.26107407871345,22.568287163608375,0.0012582731617228908,0.5524326766021649
2026-01-01 00:08:08,3,13.192948552543129,10.777766591808287,0.0006348772985374023,0.2931593423132769
2026-01-01 00:08:09,0,22.274874081792863,10.043646812860914,0.0004440771991878589,0.21827289720768422
2026-01-01 00:08:09,1,62.969320678044596,13.925878591394245,0.0011465141161717165,0.21723752406528934
2026-01-01 00:08:09,2,35.65052432887017,9.574644005563844,0.0004977791211356743,0.06957632958870186
2026-01-01 00:08:09,3,32.56469474551892,10.455601726369636,0.0021072289966140825,0.22469645578723738
2026-01-01 00:08:10,0,82.42295922311693,9.868338737236504,0.002182226165319061,0.33063079478873286
2026-01-01 00:08:10,1,62.06032613811022,8.529489119428048,0.0027538029093907516,0.2436809367277974
2026-01-01 00:08:10,2,40.726438937538234,10.477126745906952,0.0011956617362298397,0.3041523168960744
2026-01-01 00:08:10,3,57.122766626740145,12.05076445979918,0.0012438465092731508,0.16006317980336285
2026-01-01 00:08:11,0,27.385690979579266,10.2939711777915,0.0002606312333830413,0.3376602866537347
2026-01-01 00:08:11,1,19.21531779567748,9.7444556391104,0.0017566683434047331,0.27580041148275436
2026-01-01 00:08:11,2,48.58944897744291,16.18899610569069,0.0001672731313390835,0.4267354866454729
2026-01-01 00:08:11,3,17.975603863437314,10.392792900710115,0.0002739319086790556,0.20733868420588986
2026-01-01 00:08:12,0,14.901450149309936,9.577082390745126,6.982070545411e-05,0.21993416695266751
2026-01-01 00:08:12,1,45.95702188518314,10.361742357735473,0.0034819759748711643,0.27245193545299135
2026-01-01 00:08:12,2,36.36131818664942,5.385399039393854,0.0012776627190971839,0.23426603001109073
2026-01-01 00:08:12,3,7.806243514731489,10.868332976896728,0.0011936489067286016,0.2520142729301736
2026-01-01 00:08:13,0,20.906569265026388,9.282764878545503,0.0010479410808402513,0.2617718383900981
2026-01-01 00:08:13,1,16.534018300768725,8.967015907616638,0.00034782637426424685,0.29291509478695077
2026-01-01 00:08:13,2,73.44334677811904,10.72494274804555,0.0010774913090879144,0.1849164448920489
2026-01-01 00:08:13,3,18.16206717066336,11.791182155695282,7.904097778062135e-05,0.2542573234055015
2026-01-01 00:08:14,0,9.560968352538898,16.625104738227037,0.0003018510522893139,0.13640132523878964
2026-01-01 00:08:14,1,55.115168036629505,7.692117907030192,0.000996742163654489,0.41270622365482423
2026-01-01 00:08:14,2,62.342673330273044,14.140706684794027,0.0003904777468208055,0.45634412386532913
2026-01-01 00:08:14,3,17.968608193050823,7.997779598577612,0.00038995209517942445,0.05784372449681416
2026-01-01 00:08:15,0,57.73931064338511,10.274180341489416,1.0263848931367999e-05,0.4538015572178967
2026-01-01 00:08:15,1,21.821690467443947,11.834425566279933,8.261166527056117e-05,0.11218632758128008
2026-01-01 00:08:15,2,38.350266107108055,12.825702238947615,0.0005807119695967589,0.42215710465531187
2026-01-01 00:08:15,3,40.21329755257826,9.35004523147988,0.00022532134252462241,0.24091424317784332
2026-01-01 00:08:16,0,54.47281176516177,8.66234757616342,1.0678771091211448e-05,0.3231867946644061
2026-01-01 00:08:16,1,23.103031934027236,21.741091365109554,0.00016961873385508525,0.6153032475854655
2026-01-01 00:08:16,2,22.61546260378658,16.205655228455697,0.00041831826735747653,0.3025956846668889
2026-01-01 00:08:16,3,48.99477767261037,9.886421680545771,0.0002533464638457791,0.398336115541736
2026-01-01 00:08:17,0,78.13410630050952,6.020818490465977,0.0016180319962063514,0.127368545952181
2026-01-01 00:08:17,1,17.7574251953312,9.838577020997487,0.0004891189925741702,0.3402085537424905
2026-01-01 00:08:17,2,248.94869173486663,12.827234007169604,0.0010979567835646513,0.3325875964037148
2026-01-01 00:08:17,3,28.66226956236161,10.096895898641804,3.9389057728092473e-05,0.40256456944757146
2026-01-01 00:08:18,0,64.07386761816849,10.090184047494272,0.0002454937799223807,0.2170249823437364
2026-01-01 00:08:18,1,8.162156236206668,8.04527857466121,0.00022402724187472632,0.04074429806701726
2026-01-01 00:08:18,2,68.2063022702737,8.071007871437502,0.0010463115614241063,0.32801246952930996
2026-01-01 00:08:18,3,26.383194185231496,10.673814723574978,0.0010643601481207204,0.09042076981337167
2026-01-01 00:08:19,0,14.117254340977144,12.53951015117954,0.0002919950793840182,0.1998426039859769
2026-01-01 00:08:19,1,81.83279501512972,13.597813745996106,0.0003544175101065162,0.45835045316515793
2026-01-01 00:08:19,2,16.33451702427713,8.2926453251142,0.001405721344997886,0.2766128138124423
2026-01-01 00:08:19,3,60.08310686273807,16.430294062229546,0.0028021580304730897,0.6254796318444057
2026-01-01 00:08:20,0,18.917569207742797,12.201371903143297,0.0005294254366381194,0.14056564778713704
2026-01-01 00:08:20,1,21.595596931694335,13.50007094157827,0.0007211134217587774,0.08993784271988503
2026-01-01 00:08:20,2,13.66256468191864,12.827683295820847,0.000401600787583829,0.4638582441854989
2026-01-01 00:08:20,3,46.5001115600712,14.658803033369782,2.7491776435895407e-05,0.47692367090598126
2026-01-01 00:08:21,0,24.046521597416785,13.99962348772768,0.00024336770301902597,0.2666710920995774
2026-01-01 00:08:21,1,50.95697738011153,9.024372652932755,0.001200756278548558,0.31430083941176246
2026-01-01 00:08:21,2,18.698387038640043,14.225295137819955,0.0008000852964545537,0.35096086862564563
2026-01-01 00:08:21,3,134.75752567976338,16.393150956616278,0.0002386301560247791,0.5652897325744038
2026-01-01 00:08:22,0,117.3434061768358,10.20121873912539,7.595571506121091e-05,0.1957862051977386
2026-01-01 00:08:22,1,79.00762333988337,8.064410596217405,0.0008201861433692152,0.16932292743165564
2026-01-01 00:08:22,2,19.746673406885108,9.450735947349123,0.0002952420364539407,0.3197933886843422
2026-01-01 00:08:22,3,71.46241257773318,13.743424563726268,0.00031658697161624714,0.5289281878120512
2026-01-01 00:08:23,0,13.260976174385931,9.43286928024357,0.0013379575048996335,0.3721582556749302
2026-01-01 00:08:23,1,40.72789039417048,9.260454251836553,0.0010413176746911948,0.2797343980129294
2026-01-01 00:08:23,2,14.058989593647734,9.46860163335914,0.0004329904191419009,0.3032526304815463
2026-01-01 00:08:23,3,43.1076814409303,8.696847711561391,0.0005011683440069776,0.36802958315343065
2026-01-01 00:08:24,0,9.03000165954944,7.8473039831106925,0.0003239783288786711,0.17265289463251493
2026-01-01 00:08:24,1,14.314152167135363,9.733550338546332,0.0013798790557845704,0.4078267461089082
2026-01-01 00:08:24,2,12.871995781229005,9.060473820389932,0.001525422172841243,0.11030242624864676
2026-01-01 00:08:24,3,32.7492546072308,12.144470415474983,0.00048687937906722207,0.37721855827306144
2026-01-01 00:08:25,0,29.844982512410617,11.817597556413135,0.00046571191253850266,0.1602779508647511
2026-01-01 00:08:25,1,12.582778515214365,8.243528413897565,0.0010825393012075253,0.15726560899481254
2026-01-01 00:08:25,2,23.02855489048004,15.729787348490042,0.00043191178838235863,0.3806818459624919
2026-01-01 00:08:25,3,39.25425456298863,18.437288235305346,0.00011893824901834696,0.5587930388119496
2026-01-01 00:08:26,0,51.60809801008953,15.024942551821,0.0011502083250966677,0.19536701433809742
2026-01-01 00:08:26,1,12.450650283108018,8.638158226997385,0.0007237511006549987,0.2073669463440916
2026-01-01 00:08:26,2,19.572177523078935,11.752457741229781,2.398050228859513e-06,0.3018883843166059
2026-01-01 00:08:26,3,104.34411098113196,11.049792939585316,0.0013968729696147402,0.5072597209374631
2026-01-01 00:08:27,0,66.07192631691278,12.444380674806975,0.00028040835380211055,0.3773087307025809
2026-01-01 00:08:27,1,26.979480730220033,12.481199547484477,0.0006828665396529805,0.38637997803679863
2026-01-01 00:08:27,2,26.40656282684576,9.881231001732552,0.0003382352018162701,0.39353612351169587
2026-01-01 00:08:27,3,42.683856066696585,10.345622104612627,0.0005487853146275795,0.20694931148471293
2026-01-01 00:08:28,0,43.89118965333625,9.067081310971767,0.0006378024721615023,0.44375235538530206
2026-01-01 00:08:28,1,35.70947537993041,9.351100637085253,0.0017930823299645601,0.09649559238987158
2026-01-01 00:08:28,2,52.45371102016831,13.37116778098109,0.0006830246580534577,0.42148563654817306
2026-01-01 00:08:28,3,29.781379106778203,12.29867557403609,9.061982057139856e-05,0.1753594360527308
2026-01-01 00:08:29,0,34.91802805425339,17.729532154943385,0.00020344501124259603,0.3252448506866558
2026-01-01 00:08:29,1,27.003317255031643,10.986307403877088,0.0002846004507823601,0.24234754828058713
2026-01-01 00:08:29,2,56.71693451267645,11.507908960975444,0.0004512746184959645,0.12787428964544023
2026-01-01 00:08:29,3,13.260938317698736,8.808811290475226,0.0003321785487000476,0.19977403333764793
2026-01-01 00:08:30,0,22.21863000628522,9.100457473932234,0.00015255907224272943,0.12981905131071045
2026-01-01 00:08:30,1,60.369818723358215,12.768557645149912,0.0005117953037913137,0.43607342231190416
2026-01-01 00:08:30,2,13.371050913658543,17.35411961274532,0.0006560373637689472,0.5695379099116641
2026-01-01 00:08:30,3,25.560353974724805,12.736230609555546,0.0021989786154298723,0.23245780462731425
2026-01-01 00:08:31,0,28.091273261647775,7.163052254706826,5.374847655874129e-05,0.23626868372693452
2026-01-01 00:08:31,1,13.917495030025645,8.8370343527149,0.00023622197140125883,0.09044743423454679
2026-01-01 00:08:31,2,43.03227124230878,11.36693767016493,0.0002833313719686044,0.32853910303036377
2026-01-01 00:08:31,3,86.45299028818647,19.21921245617726,0.0006606668028534414,0.45970621358174985
2026-01-01 00:08:32,0,42.77440531704029,11.87921712987552,0.0006303967026105598,0.3980097016593106
2026-01-01 00:08:32,1,27.142660809696558,11.566193353465115,0.0014628527835661856,0.43327493962728963
2026-01-01 00:08:32,2,20.17187203911853,11.030558637748735,0.0002083718435191516,0.34546455830961925
2026-01-01 00:08:32,3,68.30818226587957,9.237423691959531,0.0001371550689203179,0.38259340556094634
2026-01-01 00:08:33,0,37.35326891676037,10.25379511119419,3.097605928084987e-05,0.11244498467799377
2026-01-01 00:08:33,1,22.416817471960485,9.103687267296703,0.0014039589915598677,0.08185223619577692
2026-01-01 00:08:33,2,11.625534351717642,11.929173374795052,1.7833132402945097e-05,0.13687768305389136
2026-01-01 00:08:33,3,20.498864594313297,6.338479684864419,0.0012559797925744771,0.13438085801937424
2026-01-01 00:08:34,0,10.568567582357591,12.119554697166384,0.00011132345174417498,0.15996981936150903
2026-01-01 00:08:34,1,22.26819645417976,13.324776565246184,0.0002547696277613326,0.5277987248352347
2026-01-01 00:08:34,2,56.62634228568056,7.294629845230752,6.87568025778592e-05,0.2783060084073294
2026-01-01 00:08:34,3,17.823789159441752,12.220917571885773,0.0009397424993638084,0.4273481517282334
2026-01-01 00:08:35,0,31.055811564814917,11.355054947353402,1.9926621332262951e-07,0.31257228803357817
2026-01-01 00:08:35,1,14.654729803451763,11.134796038944112,0.0008400377721727557,0.16766219722868447
2026-01-01 00:08:35,2,22.62043422636457,17.12092530933605,0.0011875888500820031,0.3802245022992474
2026-01-01 00:08:35,3,20.073029403964526,9.170593730840313,0.00035023819087428426,0.27481750276970396
2026-01-01 00:08:36,0,100.70595093007796,19.031952241428087,0.00018691954780032769,0.5274557601312795
2026-01-01 00:08:36,1,40.55296170353868,8.87453023917791,0.0008785363595957659,0.17240922346758544
2026-01-01 00:08:36,2,31.286257691285964,6.774896137927023,0.0002488451127753928,0.07077908134181646
2026-01-01 00:08:36,3,34.66955161150817,21.97932565488862,0.0003766244821864858,0.7089122875299979
2026-01-01 00:08:37,0,11.413109210522038,8.687610204754407,0.0005350063612606652,0.07984858662296
2026-01-01 00:08:37,1,117.89834762583673,14.72458425653534,0.00211683399002526,0.4213394320023341
2026-01-01 00:08:37,2,27.139942248579583,12.459221428439218,0.0010425643328313063,0.4240399097884573
2026-01-01 00:08:37,3,28.207457494094626,14.567666944022168,0.003460442369632753,0.21000178031229538
2026-01-01 00:08:38,0,67.44154526095313,13.115421881090944,0.0028938143970127393,0.48737313683788375
2026-01-01 00:08:38,1,28.708892701521403,12.749675499527417,0.001025306660620848,0.4654679762085053
2026-01-01 00:08:38,2,11.182721354196257,12.132004834237856,4.4368253907547175e-05,0.17949246555477053
2026-01-01 00:08:38,3,23.591102713322552,10.88470373801813,0.0007989690849447692,0.4070083243514988
2026-01-01 00:08:39,0,117.03451775196365,13.81219118535993,0.00011967166446335089,0.24489870231036562
2026-01-01 00:08:39,1,48.47277141351007,13.13027767294681,0.00087926425584885,0.3618039128887754
2026-01-01 00:08:39,2,53.33270229901762,9.784658017576826,0.0004517921198849167,0.4425802581361631
2026-01-01 00:08:39,3,31.430663663659992,13.782502704800306,0.00030807313606235546,0.604829177732803
2026-01-01 00:08:40,0,53.62311468359511,9.708607140742377,0.0009787853525505155,0.39371551137273186
2026-01-01 00:08:40,1,96.08321661802479,10.133943382291495,0.0006663014608637944,0.5343114685740437
2026-01-01 00:08:40,2,34.701213364094826,9.578394949508619,0.0001827834287379763,0.16187481834940132
2026-01-01 00:08:40,3,35.50956028127313,9.305507472016313,0.0006130209379191587,0.18301383762550982
2026-01-01 00:08:41,0,13.350881969241893,12.049865962651094,6.741720721866971e-05,0.26869411209929905
2026-01-01 00:08:41,1,22.835998411140153,15.861492102545169,0.0005895385305238586,0.2813707997370977
2026-01-01 00:08:41,2,31.791448016132808,10.673622088416389,0.0004407775665487522,0.1920691686956931
2026-01-01 00:08:41,3,42.9527379945848,13.469609412550977,0.0007855404955210099,0.3856608534674807
2026-01-01 00:08:42,0,51.63325532792492,11.209745445361705,3.667286015827776e-05,0.2155663771802308
2026-01-01 00:08:42,1,36.64515433925249,11.715631601255385,0.0006359742582978258,0.39699655755739316
2026-01-01 00:08:42,2,34.65180717340954,10.25075079863403,0.00025813994609725707,0.35034962674319897
2026-01-01 00:08:42,3,28.248146856276584,17.493311937053605,0.0009904816284222197,0.5205480487172329
2026-01-01 00:08:43,0,8.615420451354659,8.43190322586826,0.0007925849692594583,0.08085789267248089
2026-01-01 00:08:43,1,69.30530652317265,11.36770583784144,0.00012440084289261228,0.29809055020179787
2026-01-01 00:08:43,2,101.06193436839051,6.987106459630178,0.0024732274431758174,0.3271280245857473
2026-01-01 00:08:43,3,22.842418049400525,15.872723035231791,0.0014042036964257213,0.3798337481508097
2026-01-01 00:08:44,0,29.42020901695419,14.184867653527013,0.0008574778151787648,0.4309242873893432
2026-01-01 00:08:44,1,48.64824066451619,9.732179883209303,0.000989797004544668,0.31630725476187277
2026-01-01 00:08:44,2,95.68458715278567,16.332889385512118,0.000378811492991175,0.52878604971002
2026-01-01 00:08:44,3,59.07702321138299,14.057739658093764,0.0015859885221996969,0.3156905766472817
2026-01-01 00:08:45,0,9.527572685314258,8.922579807377808,0.00027004287735475147,0.2489569160148559
2026-01-01 00:08:45,1,31.968546407522965,10.491113111666044,0.0009565326020141123,0.22749903155378962
2026-01-01 00:08:45,2,25.144645378710557,3.636683124081719,0.0003786227571718831,0.24028931598791653
2026-01-01 00:08:45,3,24.557236120340217,11.326430984933692,0.0008583626603360698,0.40956858762319626
2026-01-01 00:08:46,0,15.204222141728852,12.325499815529565,0.002711619929599281,0.0494676561456417
2026-01-01 00:08:46,1,41.346070277285925,15.474016265121005,3.210106801944313e-05,0.0329601929744182
2026-01-01 00:08:46,2,22.587069508868318,12.220193006968213,0.0013613910959955255,0.3436794537192675
2026-01-01 00:08:46,3,16.655856480685276,14.262396366015299,0.0012045161971128541,0.2536419471638703
2026-01-01 00:08:47,0,64.91436186021788,10.554703006313238,2.5832515701254262e-05,0.39814866560461437
2026-01-01 00:08:47,1,32.70364834539217,9.269882485206795,0.0013607998953314418,0.247632526785325
2026-01-01 00:08:47,2,106.00256924689464,18.753573511989337,0.0011537665387245748,0.5859095850905351
2026-01-01 00:08:47,3,61.234967325488086,17.606277035167842,0.00012134007355288741,0.596100935970055
2026-01-01 00:08:48,0,20.270734914785816,9.08681279181008,0.001140852991327451,0.23877469331517912
2026-01-01 00:08:48,1,16.956358532810924,9.691722934348272,0.00010129027782943435,0.39620931830343753
2026-01-01 00:08:48,2,33.69518828168619,9.724455859192132,0.0006676157026763109,0.10651434453760544
2026-01-01 00:08:48,3,45.43491651603557,10.169227093493177,8.260763367423026e-06,0.061830214043580585
2026-01-01 00:08:49,0,27.126054786058024,6.209168224813928,0.0013823019767646182,0.19209742617953343
2026-01-01 00:08:49,1,52.65016794807614,8.800291922575191,0.0010135119650510544,0.18461941046877145
2026-01-01 00:08:49,2,55.602385431807036,9.051478842870617,0.0024252938427146383,0.32388424613429595
2026-01-01 00:08:49,3,129.12231025234868,9.42625107105138,0.00014405732922007444,0.24905829059968373
2026-01-01 00:08:50,0,17.690364324793585,6.105239521437648,0.002569910033725365,0.02
2026-01-01 00:08:50,1,24.907841430235635,11.085542823486861,0.00014208887737509257,0.29111150404939984
2026-01-01 00:08:50,2,37.96183271773511,9.328857549940528,0.00012344851444784778,0.31477783106935403
2026-01-01 00:08:50,3,40.01438636534913,24.467349026763706,0.00038995731875618466,0.6217619191351643
2026-01-01 00:08:51,0,5.0,7.333777321300722,0.0002931621029298634,0.2026951993824406
2026-01-01 00:08:51,1,28.524433817778917,14.02470720729512,0.001631110483064626,0.40006326089255245
2026-01-01 00:08:51,2,42.7464889895815,8.907844370328236,2.330108400735794e-05,0.19309000245587155
2026-01-01 00:08:51,3,45.18039249618139,10.595404956049167,0.0001126730979339455,0.5001497438303684
2026-01-01 00:08:52,0,29.12447636562697,13.972159969700408,0.001141598775974855,0.0951750654506259
2026-01-01 00:08:52,1,23.504981651606318,8.340348637816401,0.0010458701262153038,0.05778336318834433
2026-01-01 00:08:52,2,41.07251289295883,14.021070915181149,0.00024402824725071334,0.39135074955456506
2026-01-01 00:08:52,3,10.423708919790142,8.348271858580933,5.130103142460222e-06,0.11202606740695883
2026-01-01 00:08:53,0,26.73172151605174,12.528051249820457,0.0011759603450397435,0.02
2026-01-01 00:08:53,1,38.541645102923134,10.549881394651967,0.00047684337410657034,0.32543209440618825
2026-01-01 00:08:53,2,23.91123915659517,11.914043767675368,0.000780687290227783,0.42442774823855167
2026-01-01 00:08:53,3,14.685374039785515,12.646391584992143,0.0005273739186638588,0.43000935213186336
2026-01-01 00:08:54,0,42.87264438444178,8.942025396298865,0.0002561133158110406,0.35040281479125657
2026-01-01 00:08:54,1,65.02513893268531,12.199766672569929,0.00371013026488114,0.2514249120298362
2026-01-01 00:08:54,2,39.42875521378641,9.42648000726373,1.0938682183340818e-05,0.022477940192230508
2026-01-01 00:08:54,3,61.25899485750761,8.760504283794292,4.002922940660098e-05,0.30956958781937083
2026-01-01 00:08:55,0,67.83244092136448,12.897564744318675,0.002062895654740339,0.11981340917087253
2026-01-01 00:08:55,1,15.794909185854312,11.648179044553173,0.00044066720315256796,0.24861254329913554
2026-01-01 00:08:55,2,42.789489337897635,13.195385674835455,0.0010807354575575563,0.25145986657960917
2026-01-01 00:08:55,3,35.494718826909406,15.048873757324987,0.004892890920216811,0.4882251670836044
2026-01-01 00:08:56,0,16.76400842118393,11.253966612160596,0.00011594082154321003,0.24335359437020235
2026-01-01 00:08:56,1,18.049353832965995,12.4719856538131,0.0007318665560889713,0.3129072822278547
2026-01-01 00:08:56,2,24.00916920964189,7.297931599045132,0.0011443644011718825,0.2861708343214831
2026-01-01 00:08:56,3,43.054509524486136,18.80381315773005,8.145738621468383e-05,0.5842786831246458
2026-01-01 00:08:57,0,35.12500825272947,13.511651813047452,0.0017853113334495884,0.356849241451993
2026-01-01 00:08:57,1,17.855414997569053,6.512063484439947,0.0011943043075865805,0.02
2026-01-01 00:08:57,2,25.73952137608445,9.40510580137236,0.00010682177403113171,0.2461975127175349
2026-01-01 00:08:57,3,39.3396552429423,11.030516381982517,0.000259865339542277,0.15238548960680245
2026-01-01 00:08:58,0,23.89080360020564,12.201549162562879,0.0011867753186833065,0.3825068331868854
2026-01-01 00:08:58,1,122.90471662476169,12.549223151436601,0.0017441814530315637,0.37445755543423465
2026-01-01 00:08:58,2,101.62873328201579,17.922317973951756,0.0022750221616963996,0.5151221186281184
2026-01-01 00:08:58,3,32.59054610357986,9.905775463128657,0.0001436309532912542,0.3012553695729319
2026-01-01 00:08:59,0,39.49807649790967,13.09519621745366,0.0002618990228146366,0.38837388799784256
2026-01-01 00:08:59,1,51.863038824568605,9.733382438496525,0.00016371937777445923,0.13612323803769105
2026-01-01 00:08:59,2,64.37558275071459,9.30038665094227,0.00043573643121659,0.3882333332646429
2026-01-01 00:08:59,3,55.08480934952892,11.15880483465377,0.0016810060712493524,0.45752179744105415
2026-01-01 00:09:00,0,21.389793198055678,11.242074520785982,0.00011979112409000129,0.28890253475141475
2026-01-01 00:09:00,1,44.49758142583347,10.813968158168798,0.0003420165443536999,0.3468849269333196
2026-01-01 00:09:00,2,29.256370472704212,11.173959441576894,0.002004107276997003,0.4007098257245749
2026-01-01 00:09:00,3,49.845336542331985,13.716679308526711,0.0007544446592264534,0.5014762704875719
2026-01-01 00:09:01,0,28.54984518609018,8.174509749585209,0.0004064477375791304,0.23209917513636458
2026-01-01 00:09:01,1,31.369319754156365,15.23956378783129,0.00023395481859927433,0.4394771962530742
2026-01-01 00:09:01,2,33.794280145743876,10.382866257858431,0.0003233363298426085,0.2992929106328484
2026-01-01 00:09:01,3,14.72626559510864,8.177247853253707,0.0005564410993712649,0.3164941496911166
2026-01-01 00:09:02,0,22.78277386320675,9.340223321867928,5.1145507772964117e-05,0.27836597730824336
2026-01-01 00:09:02,1,187.14448003967323,12.518574398043876,5.48445714968484e-06,0.44574018488032646
2026-01-01 00:09:02,2,52.22139913274824,8.54780139231449,0.00020191715027001502,0.22055118215881134
2026-01-01 00:09:02,3,70.15628275442793,20.45406716367368,0.00034947068211519836,0.6309749785253499
2026-01-01 00:09:03,0,37.725707138504056,13.539402921003363,4.714177966271282e-05,0.34100885035729245
2026-01-01 00:09:03,1,47.40669393504293,16.117632339486477,0.0007757712729262215,0.261537331380522
2026-01-01 00:09:03,2,30.485246897683442,16.722609800558573,0.00071013902611991,0.31524838506208847
2026-01-01 00:09:03,3,16.880654354082367,9.723363692132521,0.0003000188553475137,0.22892810587837512
2026-01-01 00:09:04,0,20.999197137146837,10.34984312659425,0.00011766404270628235,0.3542169338536643
2026-01-01 00:09:04,1,43.15808599312928,9.587853322566538,0.0007924153965959792,0.4204568211577625
2026-01-01 00:09:04,2,98.93432312837894,8.905383920720455,5.40117269960992e-05,0.23699246282169367
2026-01-01 00:09:04,3,64.28777419423116,15.635444341340284,0.0014250908313291745,0.5202474179739273
2026-01-01 00:09:05,0,43.78523197088781,14.246184347117824,8.102700007368114e-05,0.4485714518291076
2026-01-01 00:09:05,1,44.90937346280428,9.531263436179938,0.0013429006380259695,0.3832811677842385
2026-01-01 00:09:05,2,38.82717370824002,14.363495134402138,0.00020589608081858445,0.5202178341712446
2026-01-01 00:09:05,3,31.886066937220747,7.784188858374508,0.0015060907136738395,0.34209308304950925
2026-01-01 00:09:06,0,28.963417591436308,13.526211032572633,0.0006966166196484399,0.301141002924191
2026-01-01 00:09:06,1,64.69737701417814,11.08746561103479,0.0005459299439179445,0.3564476998872067
2026-01-01 00:09:06,2,26.388250222050896,14.599188675563905,0.00046747079498976157,0.4828495189280902
2026-01-01 00:09:06,3,28.604582204235683,12.236514950822688,0.0011778659430856618,0.5186719834719021
2026-01-01 00:09:07,0,170.9062310462492,12.780506136336244,0.002283282827911673,0.42713568748253583
2026-01-01 00:09:07,1,15.306181454107849,8.618403777434501,0.0005171072987841458,0.18422150669957016
2026-01-01 00:09:07,2,100.64540882048497,10.403036722002184,0.0005673719627482397,0.2691907982670569
2026-01-01 00:09:07,3,65.08962232098968,19.628275286827634,0.001485246911192867,0.6157102453169804
2026-01-01 00:09:08,0,13.913275837170106,8.148629152348581,0.0002000494105388281,0.14078319253024166
2026-01-01 00:09:08,1,18.52114643387258,12.31379405907937,0.000311149856324835,0.28116760197216895
2026-01-01 00:09:08,2,43.24104737462645,12.266727334470445,2.066671432646226e-05,0.46801156443708325
2026-01-01 00:09:08,3,6.968753037607889,13.732236903830781,4.9790283286931296e-05,0.36009921561010055
2026-01-01 00:09:09,0,29.66231640558654,7.215897520058523,0.004242114900846396,0.3041482158752545
2026-01-01 00:09:09,1,25.986875975433797,7.98356930242876,0.0006486476516511697,0.21082096638645867
2026-01-01 00:09:09,2,79.56667515116986,14.016899190375016,0.0006348396788440627,0.5565929600289374
2026-01-01 00:09:09,3,24.840759443341852,9.196118507131601,0.004400715069455496,0.35583026049521804
2026-01-01 00:09:10,0,17.65486818052289,12.282947941321096,0.0013941648502019848,0.21796157697223384
2026-01-01 00:09:10,1,48.53701597158457,8.212030440102149,0.0009886094865426472,0.31075694261178244
2026-01-01 00:09:10,2,13.917570949882375,7.983159646062565,0.0007918597331502803,0.3152451863846109
2026-01-01 00:09:10,3,26.258577710118473,16.106349189107696,0.0021159850255469416,0.4567835531670381
2026-01-01 00:09:11,0,19.19847342984746,15.230353094499634,0.0002480810640665091,0.11714113670138182
2026-01-01 00:09:11,1,204.16528222881072,12.8814175283187,0.0012545425279732387,0.3387344348840766
2026-01-01 00:09:11,2,77.25769366369084,14.415245618902114,0.00044391624399400787,0.5250471610182075
2026-01-01 00:09:11,3,46.7359544481039,11.294691236930248,0.00047464626200847677,0.17647152508311112
2026-01-01 00:09:12,0,21.30273860912313,10.417992697863362,0.001435210564754135,0.2589784132032371
2026-01-01 00:09:12,1,31.868103147825,13.162263003619636,0.0010355885838157042,0.42773261025245946
2026-01-01 00:09:12,2,59.72703485317921,10.20942665448139,0.00013698707370764243,0.29595877283181743
2026-01-01 00:09:12,3,198.87832197548914,17.259699542800433,4.313856722556001e-05,0.601338966222945
2026-01-01 00:09:13,0,35.71074226303613,13.610631749998156,0.00046474565351529003,0.20783277924542187
2026-01-01 00:09:13,1,41.19028730624818,21.783187116589076,0.0009346886297376413,0.26661342681833283
2026-01-01 00:09:13,2,66.45836859684518,11.70232143779512,0.0002613111626099879,0.4105287533548039
2026-01-01 00:09:13,3,65.40053699171237,13.553993701734575,0.0014332838427023554,0.49487043207591813
2026-01-01 00:09:14,0,63.594514531115166,14.952450781045014,0.0001485763742661141,0.4183865689973338
2026-01-01 00:09:14,1,61.48686885009313,8.951819355367695,5.496115758293885e-05,0.3844779774426962
2026-01-01 00:09:14,2,40.52067569830475,13.266430872862719,0.0015735622144841328,0.24548045319408876
2026-01-01 00:09:14,3,18.39370831962631,10.907766589832331,0.00017039063690796284,0.07128412225529732
2026-01-01 00:09:15,0,86.2659962008774,14.896566312056708,0.000428625878584288,0.4639211947831899
2026-01-01 00:09:15,1,24.550964070763634,13.399723319648544,0.0010289048382297959,0.19525863027808765
2026-01-01 00:09:15,2,39.745993216017375,8.189757173494604,0.0010475208311841035,0.36802918749698305
2026-01-01 00:09:15,3,10.9365221975339,11.260092767517087,0.0005160936569582353,0.17852354920373825
2026-01-01 00:09:16,0,14.741662829679461,7.892253812251428,0.00024366037832199768,0.3092475079833086
2026-01-01 00:09:16,1,41.654552265838674,14.716090301319879,0.000124488692864594,0.4595420440759499
2026-01-01 00:09:16,2,65.91168169989318,10.899435432951856,0.00017037625053143137,0.44991657103729543
2026-01-01 00:09:16,3,133.97168937374656,9.802187275939671,0.0008014075213659503,0.18840917215117475
2026-01-01 00:09:17,0,45.686175816379965,8.325381129873524,0.00035554818279114704,0.2151179404288357
2026-01-01 00:09:17,1,7.439300775229453,14.148497224842284,0.00037454684544277293,0.0559037543824807
2026-01-01 00:09:17,2,51.7223334403196,10.001463536100417,0.004146793903639698,0.3133334135101864
2026-01-01 00:09:17,3,34.83279823991125,11.935872267513759,0.00017781824671259344,0.47414150261068916
2026-01-01 00:09:18,0,7.889757277819947,11.971352008997968,0.002092230044128263,0.10166731548166968
2026-01-01 00:09:18,1,29.001876775945195,11.578002739210477,0.0006130621299192392,0.3451613162359291
2026-01-01 00:09:18,2,64.59213903236329,14.15394379955514,0.000220087262478563,0.1920874613594856
2026-01-01 00:09:18,3,46.75566831827841,15.71059302143323,0.0003328602341643754,0.3773932312259023
2026-01-01 00:09:19,0,48.37018581128048,9.702355479945885,0.001138961252311267,0.10823098756807015
2026-01-01 00:09:19,1,47.80864747843771,11.97867239273317,0.0012288554953436687,0.3245960730225686
2026-01-01 00:09:19,2,11.111763413238823,15.954965033153979,0.0009415424330097104,0.44975750095361045
2026-01-01 00:09:19,3,13.534876660473588,10.791686256040128,0.00011291255134031157,0.1545708214272714
2026-01-01 00:09:20,0,7.786176469587711,6.9095436169775075,0.0009594553329907324,0.0624345502585921
2026-01-01 00:09:20,1,24.194983192024125,13.082175462711835,0.0005337295404569216,0.42358896736536267
2026-01-01 00:09:20,2,61.06703112565313,11.467855905400992,0.0003283739349924061,0.24912561376710415
2026-01-01 00:09:20,3,34.05774540489336,13.409685837948103,6.62163051297158e-05,0.35483975572452214
2026-01-01 00:09:21,0,11.466477777903757,10.62337137712401,0.00177161798505605,0.3395929073187271
2026-01-01 00:09:21,1,49.00247973096874,11.8631600741286,0.0007951256033529596,0.273455095065103
2026-01-01 00:09:21,2,15.076287531251122,10.759468188135425,0.000773905240238987,0.20041145489802992
2026-01-01 00:09:21,3,42.76596988240069,6.790093549466515,0.0025737230157817413,0.29419200767499243
2026-01-01 00:09:22,0,16.2542998735017,10.904902526867714,0.0009173175919283512,0.3734331601082535
2026-01-01 00:09:22,1,154.50111571337175,13.996456918449415,0.00011418467425218055,0.3308669519367174
2026-01-01 00:09:22,2,13.306945973967192,12.151718488085951,0.0010699022597781076,0.24090278106881569
2026-01-01 00:09:22,3,37.96632727465215,12.548117418710286,0.000361402041408034,0.3071497715099888
2026-01-01 00:09:23,0,23.03265233164922,12.025452854200177,0.0018208681031296637,0.24488076833394326
2026-01-01 00:09:23,1,21.155603353097064,10.343559866218012,0.0005294658287678327,0.18164595062217945
2026-01-01 00:09:23,2,59.26508744882892,14.376431630936796,0.0010824720898510195,0.4959426273621265
2026-01-01 00:09:23,3,55.064287722898584,13.341415445030579,0.0002854457861559448,0.40879692890924085
2026-01-01 00:09:24,0,12.17012641907159,8.546825335515484,0.0003603181661064029,0.1967031138423941
2026-01-01 00:09:24,1,46.84065482319316,7.4802122989199304,0.0003525972344282951,0.11383822546647204
2026-01-01 00:09:24,2,94.63424186793371,17.895401559101135,0.002146860828060929,0.5824407080396813
2026-01-01 00:09:24,3,48.78211494152277,16.348409935685346,3.805013570974257e-05,0.431287955611727
2026-01-01 00:09:25,0,8.340825165368638,8.791446098681774,0.002263293086963111,0.11136271342294629
2026-01-01 00:09:25,1,19.275003073910014,9.27752607036639,0.0007047613418200347,0.05360648347350543
2026-01-01 00:09:25,2,18.76935529167385,8.943411748719639,0.00010019935502546563,0.28832917443574846
2026-01-01 00:09:25,3,28.953482424512618,9.776240295309641,0.00017956210627824185,0.33770365694693805
2026-01-01 00:09:26,0,27.51883460033589,9.896393416671263,0.001461577572250827,0.16723256649796817
2026-01-01 00:09:26,1,17.84378052087618,11.621619187571088,0.0002583045467091362,0.3178951747321449
2026-01-01 00:09:26,2,59.41039519561732,13.670863119942672,0.0005174562454495814,0.41819290417384825
2026-01-01 00:09:26,3,22.222834329017605,11.83964135315091,6.288249192922214e-05,0.17276717857766685
2026-01-01 00:09:27,0,10.937825615537397,9.433042006547742,0.0018167843846179613,0.3285333951810593
2026-01-01 00:09:27,1,40.632105118812596,13.298975831024087,0.0002703847074662887,0.4884281610327391
2026-01-01 00:09:27,2,9.63776915290071,14.05650764533051,0.0009784662100765945,0.327536491613364
2026-01-01 00:09:27,3,37.53793813595001,14.014214255174094,0.0027266282970985546,0.41899029877410204
2026-01-01 00:09:28,0,45.32658031897323,9.666606970390497,0.0006408548075324691,0.10496272813277618
2026-01-01 00:09:28,1,23.593009236097373,9.579219743926837,0.0001510055585944681,0.2493309506005177
2026-01-01 00:09:28,2,33.40308706597451,13.881123684483853,6.353993670194476e-05,0.38255168618578966
2026-01-01 00:09:28,3,23.034804702767662,13.758501652445638,0.0009380946123170028,0.5122725867699215
2026-01-01 00:09:29,0,20.28048196872663,10.067368670137673,0.00025140440845649963,0.3304912712142406
2026-01-01 00:09:29,1,38.77255853975999,14.623909724584715,0.0004241315984619893,0.531547450133308
2026-01-01 00:09:29,2,9.303123468380473,17.49249010008399,0.0009164217341488072,0.21301577735725086
2026-01-01 00:09:29,3,104.66385283414573,11.653680857341666,0.0014490500568676537,0.4627893833390272
2026-01-01 00:09:30,0,70.49525211956805,15.748975444680353,0.00029985767066769277,0.3351643740916887
2026-01-01 00:09:30,1,61.271410988861135,12.124551603981516,0.0016562559098807382,0.411867042514713
2026-01-01 00:09:30,2,29.601514651449044,13.42930866630207,7.998033313821935e-05,0.4555528102046539
2026-01-01 00:09:30,3,23.833831212463004,13.098384330607548,0.001976229176746352,0.2529772183813232
2026-01-01 00:09:31,0,20.97279187858172,7.376617233038978,0.0018433532363183703,0.30468509306803787
2026-01-01 00:09:31,1,35.86567472234896,9.255566445185233,0.00017242304478917104,0.12498262586597442
2026-01-01 00:09:31,2,71.3902781521083,12.193284208708569,9.744397244570649e-05,0.5161600965527401
2026-01-01 00:09:31,3,49.9765642447146,14.976037494901846,0.00017456430417276425,0.5398429484935723
2026-01-01 00:09:32,0,16.129312936905823,7.877665588123186,0.00043102644760134324,0.26204051803516243
2026-01-01 00:09:32,1,53.54193962363209,7.088863694829615,0.0022349446429383167,0.24425412389854076
2026-01-01 00:09:32,2,73.9337525600019,10.98299748652409,0.0018669259574805755,0.36023068936207375
2026-01-01 00:09:32,3,15.126909532680237,14.309497729574726,5.355763328911121e-05,0.5331660814123582
2026-01-01 00:09:33,0,14.708185219937508,11.476982311573297,3.306170654212796e-05,0.2223033064124082
2026-01-01 00:09:33,1,7.623023921424104,6.429513833183195,0.0021521689259808275,0.22308932039809967
2026-01-01 00:09:33,2,57.499028616982834,9.891902398188735,0.0007086467177719934,0.3413090566102481
2026-01-01 00:09:33,3,24.10995871020019,6.53586103365517,3.103226235395959e-05,0.35318497568635726
2026-01-01 00:09:34,0,34.61079713939096,10.083650474554297,0.00047906038474020466,0.02
2026-01-01 00:09:34,1,35.037782744898045,11.237786145670103,0.0005723423281794378,0.3899150003804131
2026-01-01 00:09:34,2,50.459226110562206,19.25435508008224,0.0008038610214091659,0.6213088063188008
2026-01-01 00:09:34,3,18.8908616477473,13.164568780260401,0.0011170680634648475,0.23873848148811946
2026-01-01 00:09:35,0,15.434308431782702,11.791788584888076,0.0023909691935593397,0.15733023023772183
2026-01-01 00:09:35,1,34.126001453014794,12.817750583456858,0.0005938594508222196,0.40098918133996725
2026-01-01 00:09:35,2,24.337758809188433,7.443116361411768,0.00021130753399044546,0.2741764498022529
2026-01-01 00:09:35,3,68.91976800542999,15.516313434472146,0.00037540047457005834,0.4727820402210972
2026-01-01 00:09:36,0,90.62624367597878,14.912036177351212,0.00036951770635219405,0.4501070598744824
2026-01-01 00:09:36,1,16.139965354750984,10.173094057670559,0.0010545040319167736,0.10276075614307556
2026-01-01 00:09:36,2,35.7199387536423,9.807781355968967,0.001487674144558758,0.3249886384823232
2026-01-01 00:09:36,3,59.41944527791933,11.066524788518985,0.00029553070976102893,0.318615086385034
2026-01-01 00:09:37,0,81.8878702659873,14.194514014783353,9.506470716793932e-05,0.5191339834850824
2026-01-01 00:09:37,1,56.159921686931455,11.515562611821244,0.0019373776271343233,0.3567310954740526
2026-01-01 00:09:37,2,48.116280606597606,13.756637854430734,0.00022223596027544886,0.31891404924280664
2026-01-01 00:09:37,3,26.706179864875192,15.203870448428383,3.90719741836436e-05,0.34570102199763386
2026-01-01 00:09:38,0,26.142254868978917,11.981108009011734,0.0007761834428116839,0.3437321878947913
2026-01-01 00:09:38,1,27.55581522664999,10.615786326053284,0.0013003950965297477,0.41772543224529857
2026-01-01 00:09:38,2,45.48896234964254,10.318862063075798,0.0015221045604335694,0.4094038481071451
2026-01-01 00:09:38,3,87.07424429619476,15.98682480428106,0.000535207987183751,0.4582640634284369
2026-01-01 00:09:39,0,70.71807024315974,11.767083138057004,0.0026755900096029623,0.24896681383095925
2026-01-01 00:09:39,1,9.724749741757309,11.234529082800401,0.0009668090631745369,0.21627177076629112
2026-01-01 00:09:39,2,35.607193222864524,15.494644286983014,0.0008588251601741393,0.5333310048337817
2026-01-01 00:09:39,3,52.4999901796728,14.053871633602034,0.002995569668438842,0.3276195629940506
2026-01-01 00:09:40,0,127.96751500947528,11.282996095055507,0.0011271092922474305,0.3618259516558956
2026-01-01 00:09:40,1,66.03962886344598,13.08967117710996,0.00432359073123295,0.36629651263952656
2026-01-01 00:09:40,2,35.81062740782407,8.729694869576855,0.0002067181630657367,0.09719849912055457
2026-01-01 00:09:40,3,19.399196272547776,12.446597688931886,0.001148222786196964,0.21592905919017363
2026-01-01 00:09:41,0,61.192866127416615,11.154079714256664,0.00035453539311076243,0.1865114679156673
2026-01-01 00:09:41,1,43.619499818915685,14.258279269426373,0.0030999220076548557,0.4683207251628825
2026-01-01 00:09:41,2,39.2619861423811,10.860005591052404,0.0006047365040440781,0.3155840207285559
2026-01-01 00:09:41,3,27.734594206606907,10.381745262648794,0.002532254576768796,0.4658600588826419
2026-01-01 00:09:42,0,53.01131373040922,8.851354205540487,7.355125191920642e-05,0.2381730956183417
2026-01-01 00:09:42,1,14.746421391647708,12.411966871793993,0.0018541665655981369,0.0815081491604567
2026-01-01 00:09:42,2,28.373043978927928,11.748171383988046,0.0001396925639811561,0.4344601279775672
2026-01-01 00:09:42,3,65.58168988314245,15.368007964619963,0.0012029986105811395,0.39187420305825804
2026-01-01 00:09:43,0,34.38432373668078,16.849397375875448,0.00041796445770937355,0.1374683694054776
2026-01-01 00:09:43,1,20.15084648082065,15.510093792725641,0.00013795833653848017,0.44111981810500617
2026-01-01 00:09:43,2,28.395866482698178,12.344633463516171,0.0009295191422725904,0.5151625840672749
2026-01-01 00:09:43,3,29.771562918443074,10.303443871177569,0.00024688637421303603,0.17099291973789588
2026-01-01 00:09:44,0,47.238899527827456,5.127331822803673,3.3568609494582044e-05,0.13921258460508246
2026-01-01 00:09:44,1,62.84952203919819,11.822407437848257,0.0006431963080290988,0.3734422360551733
2026-01-01 00:09:44,2,62.07292807640596,11.325901827064706,0.00040609849554621835,0.49739715554385056
2026-01-01 00:09:44,3,21.14743445852188,15.150292684767035,0.0008021477909784224,0.145902182390492
2026-01-01 00:09:45,0,77.39047457620619,15.472877806104362,0.00014469434249731537,0.22402572410068364
2026-01-01 00:09:45,1,39.42343695988178,9.65062410087027,0.0001321250469579869,0.09183126069498676
2026-01-01 00:09:45,2,30.54428875670585,11.327130855861027,2.0883102796938276e-05,0.5482770042537902
2026-01-01 00:09:45,3,76.46741806227898,10.902130253612555,0.00029297697183249915,0.5317123521624139
2026-01-01 00:09:46,0,42.693259130629976,11.749863700214924,0.0005968100563305185,0.30925458665239536
2026-01-01 00:09:46,1,14.660223859786313,11.024438067467827,0.0020251146880360667,0.19462962451458535
2026-01-01 00:09:46,2,52.97521338210372,11.184425029159197,0.0005439809040514242,0.385972306005649
2026-01-01 00:09:46,3,34.12445002878554,16.4935076763277,0.0005017755367825006,0.5727353403935503
2026-01-01 00:09:47,0,46.21174088648557,9.633928786108424,0.0003758548940191357,0.1055591852601134
2026-01-01 00:09:47,1,60.18981118636156,14.463816310504296,0.0023155643217738155,0.46686047367580463
2026-01-01 00:09:47,2,38.90760909339092,11.662359872686576,0.0004785551492507057,0.28793896056131135
2026-01-01 00:09:47,3,21.82783719898011,11.732007208786346,0.0006636056291186016,0.19747101296214362
2026-01-01 00:09:48,0,43.69329418961902,15.944235276538219,0.0004475863289530573,0.3767791808808248
2026-01-01 00:09:48,1,48.46180030870943,12.136770791379263,0.00016943216484402175,0.4391237480160813
2026-01-01 00:09:48,2,25.0148915369674,13.493867493241778,0.00010399487558147101,0.24559318074508046
2026-01-01 00:09:48,3,55.63666799613543,11.314961763330176,0.0019106500146868698,0.44240261005954523
2026-01-01 00:09:49,0,19.865744988581508,6.463299881948436,0.0005458770502261194,0.16226561369786674
2026-01-01 00:09:49,1,62.61255093083099,12.429146510235835,0.0009589461178922165,0.3778983341336681
2026-01-01 00:09:49,2,10.801720556896951,9.493123998658097,0.0020848878478064584,0.0422010593003798
2026-01-01 00:09:49,3,17.490528199704737,4.977153194136967,0.000722728947893589,0.2541676868691797
2026-01-01 00:09:50,0,32.53837937958362,11.960619075574083,0.00014496878064150357,0.32340054832034604
2026-01-01 00:09:50,1,72.67762357969512,14.33551036978053,0.00042814972425705413,0.25906677915277654
2026-01-01 00:09:50,2,48.51767229744806,12.874350571375006,0.0025298432824042492,0.5817753976965909
2026-01-01 00:09:50,3,24.364910027589,11.028166628797555,0.00025813182987885475,0.2386761419297272
2026-01-01 00:09:51,0,20.125551666385874,10.061299100247714,0.0006414813129940914,0.02
2026-01-01 00:09:51,1,39.486557869938025,7.98269239110061,0.0006121235694337096,0.14277827708415533
2026-01-01 00:09:51,2,7.545042174641399,13.312508370753992,0.000219250580869393,0.02
2026-01-01 00:09:51,3,14.264050224761402,9.125301897014378,0.0010152744223135678,0.2086397244359099
2026-01-01 00:09:52,0,32.47148468137185,11.98218127845253,0.0002964971923211023,0.3217399327934691
2026-01-01 00:09:52,1,59.56230327920959,8.832574224202324,0.00020747583524970088,0.05656899882383066
2026-01-01 00:09:52,2,22.119630907935914,16.914807722581017,0.0007887396141741751,0.09172522957016872
2026-01-01 00:09:52,3,47.5142807410833,13.619849634733292,6.708913568915802e-05,0.4613600663079952
2026-01-01 00:09:53,0,23.05797223358705,6.584102710054805,0.000587476958356232,0.25018532760779116
2026-01-01 00:09:53,1,12.430025986078782,9.9755963054714,0.0008119557431771954,0.2964170518783986
2026-01-01 00:09:53,2,12.199576680278847,23.891937293257627,0.0007073049644845003,0.5382703617261242
2026-01-01 00:09:53,3,44.05330632042781,11.506057622155822,9.554275441974066e-05,0.4754791726360018
2026-01-01 00:09:54,0,18.95840041608092,8.596496360119227,1.417109022091092e-05,0.34910031240598316
2026-01-01 00:09:54,1,13.687849667479096,9.15305463728968,0.00023696161345911366,0.06211388619731543
2026-01-01 00:09:54,2,30.315630489602217,11.772570164379909,0.00033106684245761477,0.14471382153156576
2026-01-01 00:09:54,3,103.76572694446006,18.180311482082296,0.0001252609600804007,0.5590225615427353
2026-01-01 00:09:55,0,11.140227433678922,9.223619105996482,3.30309473778882e-05,0.04219191611470442
2026-01-01 00:09:55,1,28.971042309878396,11.86062384681985,0.002294121251634178,0.3003398809406913
2026-01-01 00:09:55,2,16.005718872943987,11.241616904216949,0.0006979224384972137,0.13875402189455285
2026-01-01 00:09:55,3,48.20754747908342,11.828758087908549,0.0006359544777163566,0.28648652213348014
2026-01-01 00:09:56,0,39.04504575667053,8.84215531713097,0.0042327640799258125,0.41217722538997315
2026-01-01 00:09:56,1,96.46157476568332,9.86239537046826,7.681902958883804e-05,0.1228563929216501
2026-01-01 00:09:56,2,27.37439103691448,7.67693559447081,0.0009199800865209558,0.17454927716307855
2026-01-01 00:09:56,3,23.522166728396698,16.259742882200108,0.002504472127699464,0.37798423202264114
2026-01-01 00:09:57,0,72.0402266187792,9.40967483833572,0.001562387661154538,0.3987033745831077
2026-01-01 00:09:57,1,52.2742083437282,10.137061232240704,0.00036871346357819634,0.1569379634615974
2026-01-01 00:09:57,2,31.92811168903474,9.662775263278755,0.0008593746510412801,0.14186858397170987
2026-01-01 00:09:57,3,85.39792576464073,20.66254995968276,0.0010801164199277622,0.5380240767549955
2026-01-01 00:09:58,0,49.31023885759067,7.320413739020964,0.00010370166152918828,0.24827004061508615
2026-01-01 00:09:58,1,29.68874967443291,13.458672602356048,0.0011993251340975777,0.4578291998245776
2026-01-01 00:09:58,2,74.51474690354414,18.29817863326972,0.00010523391818427155,0.4654693914963924
2026-01-01 00:09:58,3,50.492748231265736,15.124005706495213,4.275445139432879e-05,0.2626255131900662
2026-01-01 00:09:59,0,48.30989348285634,11.312840727152436,0.0005774473025134631,0.49738262124403115
2026-01-01 00:09:59,1,69.51503691553359,10.402282752337692,0.0012854675687397389,0.40382202042758086
2026-01-01 00:09:59,2,32.303766536884915,15.09687907890346,0.00014747908918603622,0.39453462001655876
2026-01-01 00:09:59,3,19.54275456808468,9.660702102875234,2.3272272337450822e-05,0.22077617155206092
2026-01-01 00:10:00,0,14.810572357906915,11.25289206347549,0.0023919565978219046,0.11093203138131437
2026-01-01 00:10:00,1,25.5682196897429,9.020894108776664,0.0007111169843734488,0.3269437814716434
2026-01-01 00:10:00,2,42.08460297009729,8.999403690126034,0.00036937508477592637,0.15819359695577384
2026-01-01 00:10:00,3,37.77044657794869,17.813476085821264,8.829336529441447e-05,0.5059469064146334
2026-01-01 00:10:01,0,17.972416608176,11.777486566471977,0.0001204918504782543,0.27005749334463747
2026-01-01 00:10:01,1,20.129061165704623,9.076425021694302,0.0002821733005769095,0.23522739814110538
2026-01-01 00:10:01,2,30.17505183981242,12.813112440412553,0.0010294747418577318,0.129422355503521
2026-01-01 00:10:01,3,10.318194549801035,14.476473187174044,0.0023791254887528548,0.10571477010594447
2026-01-01 00:10:02,0,51.25228561061051,11.99677696705641,0.00048520730527842367,0.2902940999344148
2026-01-01 00:10:02,1,53.62029471041132,10.260619685298852,0.0005972100525065403,0.12305317703322549
2026-01-01 00:10:02,2,41.48609522581948,10.406086123240092,0.0003442599881530641,0.2831048286194616
2026-01-01 00:10:02,3,19.79296012772235,9.671402993345467,0.0003412635351916761,0.20000054674077927
2026-01-01 00:10:03,0,40.982296763059374,14.171390810573254,0.0010456637432526247,0.25143110920545403
2026-01-01 00:10:03,1,7.290846210949578,7.523392537236226,0.00038034987224306303,0.28997872082801845
2026-01-01 00:10:03,2,13.477662034453763,7.7152818701243255,0.0002109161146216427,0.15468091641587817
2026-01-01 00:10:03,3,12.960730246759633,8.477640024265618,0.000446043425406159,0.2088871015390245
2026-01-01 00:10:04,0,59.82464115206264,12.48654058161095,0.0004297218455758524,0.3215843184970265
2026-01-01 00:10:04,1,22.8403051755942,10.930039366114217,0.0019153813453891809,0.30718349833637715
2026-01-01 00:10:04,2,21.83274949482919,12.232020560171161,1.7917686257207837e-05,0.35958532137499766
2026-01-01 00:10:04,3,70.54560289476728,14.340278264209408,0.0001794691549392554,0.5568610196494745
2026-01-01 00:10:05,0,58.53302441387799,18.62796419974633,1.7604988890575667e-05,0.30377170812019466
2026-01-01 00:10:05,1,40.721593110638125,7.738193497584129,0.0013194116484223706,0.3174520413301489
2026-01-01 00:10:05,2,24.008817052519568,10.10454394833509,0.0006150279684000394,0.2568507395235855
2026-01-01 00:10:05,3,18.35947885022524,22.86112156552788,0.0006078429047228423,0.37684802124446604
2026-01-01 00:10:06,0,41.517363444491515,8.256766220511697,0.00030978143873524396,0.06930306530782326
2026-01-01 00:10:06,1,14.093394719080766,9.588508120392566,0.0008343637169287427,0.2678815786903708
2026-01-01 00:10:06,2,18.36329231943555,10.618598423275657,0.0011417820653981203,0.33054642657617556
2026-01-01 00:10:06,3,75.48304378097251,12.678635786627176,0.00036766530822899326,0.4303159560876123
2026-01-01 00:10:07,0,37.98353931503675,8.094695938821955,0.0015849393222194808,0.10387082676255996
2026-01-01 00:10:07,1,50.02481189401402,9.730532246538584,0.00021439085472192736,0.32560285804139094
2026-01-01 00:10:07,2,34.73402051039599,13.941342990247982,0.00019041728234400057,0.24777022278066224
2026-01-01 00:10:07,3,57.92928136224385,15.220734466319719,0.0018605826911077213,0.27175009209582224
2026-01-01 00:10:08,0,11.420334506215623,6.902209507062237,0.00036883961308318246,0.2542909289499434
2026-01-01 00:10:08,1,19.68465423236849,11.881267997240833,0.0006178652909903276,0.39571953575491736
2026-01-01 00:10:08,2,37.11911446357581,7.895222939978428,0.0009253892732977482,0.39575320074129783
2026-01-01 00:10:08,3,33.25461499271854,19.08703712038868,6.106767963062889e-05,0.44043552370431105
2026-01-01 00:10:09,0,24.566057078045045,9.665598803391877,0.00033437013419154927,0.3459519167359603
2026-01-01 00:10:09,1,22.04059418359124,9.208339863173551,0.0011786680572681545,0.16422397836113461
2026-01-01 00:10:09,2,51.56447502899773,13.671166185492483,0.0007478745918417446,0.5232987791102495
2026-01-01 00:10:09,3,20.95516141837938,11.197096865371837,0.0007042463434955092,0.3860802392662146
2026-01-01 00:10:10,0,85.3322032383824,8.483191019578605,0.0003811769951969436,0.0857466603811703
2026-01-01 00:10:10,1,17.001985990484478,8.968240574920916,0.007525850092745858,0.28090867763182303
2026-01-01 00:10:10,2,17.885726879764796,14.737009569952246,0.00010548919744486144,0.372218729289875
2026-01-01 00:10:10,3,18.613660703058656,8.479196601362153,0.000465442786958664,0.20282626389302139
2026-01-01 00:10:11,0,24.361743780964513,9.760372968424289,0.0004255771153767727,0.28547407646923295
2026-01-01 00:10:11,1,43.64534709234389,9.554655841831828,0.0005744942575542235,0.10766736622727441
2026-01-01 00:10:11,2,36.62713875416036,10.957134594142483,0.00214840135638646,0.37861944474270925
2026-01-01 00:10:11,3,33.197038645140246,7.881600983572594,0.00027731510325010674,0.3599342902374356
2026-01-01 00:10:12,0,17.253013454378014,14.320185923847877,0.0002928239583714618,0.3615185279538247
2026-01-01 00:10:12,1,30.86132435801966,13.901907055825156,5.772459589865794e-05,0.07047168777743239
2026-01-01 00:10:12,2,13.278049537215255,7.889103495621765,0.004278971891239958,0.1450769939675616
2026-01-01 00:10:12,3,44.50820837185515,9.159961452965266,8.722482788593678e-05,0.20514506249529194
2026-01-01 00:10:13,0,130.8753601520664,11.396782873458422,0.0016183358060178467,0.10686073336957165
2026-01-01 00:10:13,1,46.99177641974908,7.629985593925367,0.0015712033992339777,0.2515313571175687
2026-01-01 00:10:13,2,76.21233273624661,9.701680578341325,0.0005727776795932748,0.31240264684600266
2026-01-01 00:10:13,3,24.934409621093817,12.382768695269538,0.0018449509455044006,0.2733081828444135
2026-01-01 00:10:14,0,25.749360664291732,10.416854732050263,0.0009087214813788418,0.15782378249534695
2026-01-01 00:10:14,1,26.145645522520983,13.75939113373336,0.0004570781042292247,0.13389616312705446
2026-01-01 00:10:14,2,38.18315981113304,13.580612586155572,0.0003684844605217353,0.46908216325978164
2026-01-01 00:10:14,3,15.33563525022282,6.911331196592275,0.0009577710516847747,0.2886900637412115
2026-01-01 00:10:15,0,48.12197755658409,10.660150341101064,0.001529823684632817,0.24736834961787746
2026-01-01 00:10:15,1,32.915726734852406,18.041918787686903,0.0007632519643947575,0.5856597458267426
2026-01-01 00:10:15,2,60.28035945422422,17.869386136868062,0.00043073704600495754,0.565319913403816
2026-01-01 00:10:15,3,52.835117173532424,17.211004244059552,0.0009370980740622097,0.5399232124110629
2026-01-01 00:10:16,0,53.09454934488242,10.036268828684715,0.0008001693401908824,0.19280026240261386
2026-01-01 00:10:16,1,35.52945468945912,17.683102676023477,0.0006841867857308589,0.5627942851609806
2026-01-01 00:10:16,2,28.778451278105393,12.725265524295613,0.0002609182096736426,0.34994542667658024
2026-01-01 00:10:16,3,38.23743531235222,11.539604758028837,0.0005105123235692566,0.23168599022159536
2026-01-01 00:10:17,0,29.55326424950124,6.10064629391863,0.0009289116350613624,0.06693553136982147
2026-01-01 00:10:17,1,33.500150706480845,13.123641442605205,0.0028698782588702097,0.16622180191863942
2026-01-01 00:10:17,2,25.136451200284224,12.489425513262487,0.0019880557977842855,0.3408232189262704
2026-01-01 00:10:17,3,79.84408202960734,14.909599191901016,0.000324780592073863,0.5332530205331975
2026-01-01 00:10:18,0,108.82649186044156,9.647042352396145,0.0005895898285810983,0.26302354725332394
2026-01-01 00:10:18,1,69.68302705504156,8.378201559586637,0.0007235913717577643,0.3554099750253534
2026-01-01 00:10:18,2,75.05318297334564,14.797869789571033,0.00040070446241402725,0.5813934371893607
2026-01-01 00:10:18,3,24.883843711536006,16.265753805013365,0.00016649508590038537,0.5614753923635839
2026-01-01 00:10:19,0,11.699055167433734,10.777985684478516,0.0011194910517724318,0.06684969154564996
2026-01-01 00:10:19,1,34.79450686382092,8.60794888505615,0.00032121762095859194,0.4038707374595105
2026-01-01 00:10:19,2,49.06214865469407,13.293594412527767,0.0009804194852164763,0.251949620959489
2026-01-01 00:10:19,3,27.9090966611926,12.921062997547153,0.0014655764151880128,0.3035225423815959
2026-01-01 00:10:20,0,35.857098942451614,10.089091863908669,0.0006113184945741475,0.35415172274443035
2026-01-01 00:10:20,1,14.761016459924708,23.616850452602954,0.0022196289006477642,0.36162302703359755
2026-01-01 00:10:20,2,17.313974396087588,13.514157514107886,5.739139316480292e-05,0.45012403344537316
2026-01-01 00:10:20,3,22.081006094947025,9.728267198474265,0.00011443647218275842,0.2863056753773825
2026-01-01 00:10:21,0,20.292306777231982,8.724387863376114,1.0296101703721004e-05,0.20508778637979633
2026-01-01 00:10:21,1,33.03406488355215,7.630277114095842,0.000758108343656485,0.2462021541972782
2026-01-01 00:10:21,2,24.129137529106547,13.22914528136225,0.0005748902852238052,0.11291294213324114
2026-01-01 00:10:21,3,20.04247824490222,10.735234629692268,0.0006882028389650477,0.424684582050715
2026-01-01 00:10:22,0,8.678543476301343,10.681036706676673,0.000524176174761329,0.0967331895753771
2026-01-01 00:10:22,1,52.37643521551519,9.997956244063126,0.00020235066725513576,0.18644933913075323
2026-01-01 00:10:22,2,46.448191318955324,8.25946750534275,0.0008734978159460246,0.16122592468699054
2026-01-01 00:10:22,3,77.10622807781789,8.742284055316219,0.0009675598057580528,0.2199882239708068
2026-01-01 00:10:23,0,5.058790457865032,25.64717058651363,0.0011416939004351442,0.23890043668070982
2026-01-01 00:10:23,1,82.92295576379959,12.489858516224821,0.002037313094909528,0.3843674331027697
2026-01-01 00:10:23,2,52.199773105944445,11.045515877902591,0.000742128037154512,0.3117853702541469
2026-01-01 00:10:23,3,23.775752858762754,21.091701072046952,0.0004308241431533468,0.6643176442394202
2026-01-01 00:10:24,0,34.64890663857862,10.994585992587027,0.0002382534025663782,0.3698008928806516
2026-01-01 00:10:24,1,34.45285542896552,8.586639436600265,0.0003603372769910595,0.20247902560851977
2026-01-01 00:10:24,2,29.72946521176664,7.6967723640951835,2.090377679651964e-05,0.28295007412325657
2026-01-01 00:10:24,3,39.48567465780944,8.633147172968457,0.0005220869498722269,0.18611493314392574
2026-01-01 00:10:25,0,14.539550395266257,9.323438436030656,0.0009951764536549465,0.3088107233083937
2026-01-01 00:10:25,1,57.25139383909598,9.15665174142095,0.0015880229531062067,0.12196176094249346
2026-01-01 00:10:25,2,75.79885734799892,15.185204373849,0.0007492668419548083,0.5884398869065757
2026-01-01 00:10:25,3,27.422801744870835,18.33192916573573,0.00032475048016168136,0.3868411415533307
2026-01-01 00:10:26,0,30.1953564655586,9.972877617103405,0.00018077743394736656,0.2806237493280886
2026-01-01 00:10:26,1,119.70576200585543,12.61721206563482,0.0020628331773947,0.36296479273187615
2026-01-01 00:10:26,2,30.60072906663047,14.570738657014067,3.9012964052767234e-05,0.4306045986049485
2026-01-01 00:10:26,3,60.94498487775389,14.368008459973995,0.00036568033500442384,0.5355927203334937
2026-01-01 00:10:27,0,58.30875723076867,8.764608724131003,0.0015071728187811054,0.41498140389941957
2026-01-01 00:10:27,1,18.149359587885584,21.556683900540005,0.0005019115098929747,0.1635044860415309
2026-01-01 00:10:27,2,31.374504943164602,11.39892034166957,0.00014609205534825016,0.04664320976264814
2026-01-01 00:10:27,3,44.91908462829344,9.928377971348866,7.766531719164709e-05,0.25127703665906015
2026-01-01 00:10:28,0,59.93568309236768,10.262514300922307,0.0006437844233836493,0.14916674398408028
2026-01-01 00:10:28,1,69.81968444498104,14.073198925912624,0.0007616264659696986,0.5297582782241457
2026-01-01 00:10:28,2,14.026377241597764,13.206821599798161,0.0003546724980603532,0.0716498521287788
2026-01-01 00:10:28,3,79.45823224668476,11.989288404440712,0.002203160594457118,0.5144429288622135
2026-01-01 00:10:29,0,74.45620603359082,11.030230215637388,0.0002357518775921463,0.2656172781594797
2026-01-01 00:10:29,1,64.80882212769171,23.336628964406447,0.000181589623496659,0.5147073644100165
2026-01-01 00:10:29,2,12.182614722224345,10.320761804657234,0.0010583442295743048,0.17600627699398586
2026-01-01 00:10:29,3,18.659204930918424,21.937581505172126,0.0002714278370536331,0.5461385403679774
2026-01-01 00:10:30,0,23.350715502081552,10.2448920830963,0.001057040506603721,0.36359696903751304
2026-01-01 00:10:30,1,55.26623941634057,11.071988280775681,0.0004608479027401936,0.2596175385737065
2026-01-01 00:10:30,2,18.134248673730568,12.09487902269939,0.0019470580671628408,0.5150482212946385
2026-01-01 00:10:30,3,90.17624886211041,7.608353514353154,0.0022961335834711144,0.43165242008651733
2026-01-01 00:10:31,0,37.654207249746754,9.446756158265597,0.0017994136867245175,0.31386363914520465
2026-01-01 00:10:31,1,34.15168535843095,13.594142385757403,0.0007834308522082345,0.4586757687332701
2026-01-01 00:10:31,2,17.80389578075527,13.412189426307076,0.00187271477337233,0.16558621437430365
2026-01-01 00:10:31,3,101.44695896067843,12.334136700746578,0.0011936424916978122,0.5436132354940766
2026-01-01 00:10:32,0,28.12858668802313,12.797831077177145,1.589033874615043e-05,0.3248754636991782
2026-01-01 00:10:32,1,10.837279549886212,8.866832455480973,0.0025754859544383666,0.10047854596412577
2026-01-01 00:10:32,2,29.938165700808497,8.576175866504848,0.0025613218601086584,0.23784264602436467
2026-01-01 00:10:32,3,30.731734043226634,13.358124766986082,0.0010079625503014579,0.2959658025347799
2026-01-01 00:10:33,0,25.435017232229033,8.863886632078906,0.0019349407981526035,0.25327576584393463
2026-01-01 00:10:33,1,12.111002797385227,10.076403708028783,0.0005225039537312424,0.06800688507062595
2026-01-01 00:10:33,2,34.37844425663521,9.828044007290131,0.0006199240556066213,0.28330557698429126
2026-01-01 00:10:33,3,31.195635968985794,8.208882679359247,0.001038609039081967,0.19716345202269364
2026-01-01 00:10:34,0,62.76997461382046,11.749411072279454,0.0018425093885248605,0.4967220591785222
2026-01-01 00:10:34,1,45.18591815432711,8.10412803752631,0.0037923594020186613,0.28357012661750347
2026-01-01 00:10:34,2,29.73819078999779,10.772901366174276,0.0002453623876944105,0.4270214735230689
2026-01-01 00:10:34,3,21.796822151317176,16.63658260238573,0.0008623132193334149,0.5907673830229966
2026-01-01 00:10:35,0,43.222630689782214,11.659149838342714,6.0342762868463366e-05,0.19082229604931303
2026-01-01 00:10:35,1,55.61287736564895,8.386163199349046,0.0012238596884404282,0.36535594452283965
2026-01-01 00:10:35,2,76.07860337417232,17.928000085862916,0.0004935676472189963,0.5788178441962489
2026-01-01 00:10:35,3,19.905582738237154,14.713128373068004,0.001275569047778997,0.43137158112825064
2026-01-01 00:10:36,0,169.26337902801885,8.888713967902522,0.0026692500100117876,0.24401894265439775
2026-01-01 00:10:36,1,12.983267365359083,13.235317930304507,0.001068809293607524,0.2278566195256478
2026-01-01 00:10:36,2,12.03679958004194,11.809305319436143,0.002742689411498925,0.19240703355191902
2026-01-01 00:10:36,3,30.005034927239905,15.49226477856194,0.0006349102528484337,0.5872591981973916
2026-01-01 00:10:37,0,37.01538766830566,13.680910367274873,0.00028642127711174303,0.3756407710696845
2026-01-01 00:10:37,1,10.956058971567542,12.871884689978936,0.00029581826044963874,0.4594006550595234
2026-01-01 00:10:37,2,36.13544350939884,8.445842035600784,0.0010858295717751858,0.3602057215225294
2026-01-01 00:10:37,3,18.62928412412885,9.899770535496224,0.001648491351916231,0.09430907664661131
2026-01-01 00:10:38,0,42.042989063107726,11.606052391812165,0.00045510418114473865,0.11480823526882669
2026-01-01 00:10:38,1,125.10991228800357,13.659766126326662,0.0001880191805980918,0.5121505668515293
2026-01-01 00:10:38,2,15.201762411964902,9.884566368506363,0.0006782260917667525,0.1723625974729177
2026-01-01 00:10:38,3,49.87216039697014,14.902616941374376,0.0015157986964645916,0.4570158955659712
2026-01-01 00:10:39,0,92.7835968200403,15.549356902182206,0.002353458193047172,0.2690515813178188
2026-01-01 00:10:39,1,20.900707846363886,9.225826402461406,0.0008598598154049812,0.31252761925932154
2026-01-01 00:10:39,2,19.85992847961837,10.000917722761685,0.0013933945557602007,0.26118314419707395
2026-01-01 00:10:39,3,58.11686274746222,15.629983055883908,0.0009081347080359883,0.4639199047542411
2026-01-01 00:10:40,0,55.09263655298019,12.918153274685618,0.00021429945184189172,0.4322391795724474
2026-01-01 00:10:40,1,32.013140058504305,8.683140700825557,0.00030778855821931314,0.41139848450743416
2026-01-01 00:10:40,2,19.7260889043454,11.070333991702089,0.0022873175271991408,0.04706834836437157
2026-01-01 00:10:40,3,28.659231137404408,17.003162115597263,0.0008905838822463005,0.48415963636678244
2026-01-01 00:10:41,0,15.367380846998659,9.721671838291979,1.6983044517928162e-05,0.2937602965625158
2026-01-01 00:10:41,1,25.56765061807642,12.120344177269091,0.001299610971976357,0.26964008680013274
2026-01-01 00:10:41,2,19.1958643755839,12.245522400992284,0.00037986855769118626,0.3761212873647783
2026-01-01 00:10:41,3,17.05061415697298,16.08259440117172,0.0006163650647849296,0.41906320420781884
2026-01-01 00:10:42,0,44.399541469057624,11.751280066822128,0.0002483447791960755,0.29982767633676843
2026-01-01 00:10:42,1,20.17690797367055,10.55889369793492,0.0012386742633672865,0.21647236065538103
2026-01-01 00:10:42,2,33.73905635997206,11.70988245554859,0.002079692500213654,0.45668616765340886
2026-01-01 00:10:42,3,42.28265157068014,15.051957822617785,0.0001272774926003492,0.5713460554429698
2026-01-01 00:10:43,0,50.736813854577484,10.391687232982452,0.0015965667839148287,0.2779818678194049
2026-01-01 00:10:43,1,40.48548945176767,11.889016174850358,0.0015626497345556174,0.4303901010176141
2026-01-01 00:10:43,2,72.9266994401248,10.378225401997376,0.00045748912925790803,0.3517299143454903
2026-01-01 00:10:43,3,57.62793320225189,12.030790260734138,0.0009435807315065566,0.3480693808906802
2026-01-01 00:10:44,0,12.753508054254697,10.808789130584588,7.620353584120424e-05,0.24980831592111125
2026-01-01 00:10:44,1,43.13305402758156,10.387994590472216,0.000641783332380907,0.2848809800853528
2026-01-01 00:10:44,2,29.269578022641273,16.397175337001404,0.00023895283064335665,0.5470357916828581
2026-01-01 00:10:44,3,41.454009100202256,11.26506214954708,4.3584847680030075e-06,0.2669519590979784
2026-01-01 00:10:45,0,60.44045658342805,14.076338373113877,0.0018427604066944317,0.11579361030166103
2026-01-01 00:10:45,1,18.715179854210955,10.198638695108038,0.0003025445975947172,0.46333728991746215
2026-01-01 00:10:45,2,23.60066614849858,11.017105719425006,8.976378290171943e-05,0.34432949529069745
2026-01-01 00:10:45,3,74.80784270942308,8.626682507332623,0.0006104436751499044,0.4274944291063279
2026-01-01 00:10:46,0,54.7990790853167,8.919665008946858,0.00036636799007193425,0.1481661436588997
2026-01-01 00:10:46,1,19.421255935290738,12.366107593574483,0.00030623828249018437,0.47849767589096037
2026-01-01 00:10:46,2,14.62337017226305,11.08337087905997,0.001987244936076235,0.17359515398793837
2026-01-01 00:10:46,3,44.18226847086815,7.077501935594288,0.0017537733144884964,0.25899977018016823
2026-01-01 00:10:47,0,46.910782290714984,8.798190430455152,0.0005356594138739788,0.32687490279252895
2026-01-01 00:10:47,1,54.75377522181728,7.330035253837802,8.37558934108696e-05,0.13400199366494825
2026-01-01 00:10:47,2,46.32700228494258,16.542628665115963,0.00043627549505857353,0.4200413701224425
2026-01-01 00:10:47,3,14.204607563065071,17.359262155703085,0.0022025864280012164,0.5720980961466109
2026-01-01 00:10:48,0,28.586879295385373,10.735470777586775,0.00053219951354832,0.499754370031166
2026-01-01 00:10:48,1,15.799856906510962,9.201926578749815,0.0001744063818695216,0.14108266583206439
2026-01-01 00:10:48,2,230.74534346295684,9.789060169588904,0.0004255077285046705,0.28327964876647227
2026-01-01 00:10:48,3,35.22279548665279,13.666788713731922,0.001384544414786573,0.17792449057954907
2026-01-01 00:10:49,0,29.048330408760368,10.612943843612827,0.0008601048929433542,0.257921113750989
2026-01-01 00:10:49,1,106.56705591520723,13.47516524979196,0.0001955553535568956,0.5625831291458867
2026-01-01 00:10:49,2,121.16461210738323,8.783582868221556,0.000963215735740628,0.09679482219235944
2026-01-01 00:10:49,3,38.663474144288536,10.857933302014033,8.187892909654799e-05,0.41063952761788153
2026-01-01 00:10:50,0,29.144500353083565,13.257408272779259,0.00025013259377568647,0.2858051037683475
2026-01-01 00:10:50,1,16.092864966771952,11.389676255601367,0.0036497530611957632,0.37550923726452146
2026-01-01 00:10:50,2,90.92072354689242,10.55503202865025,0.002917342257282564,0.38883563033047863
2026-01-01 00:10:50,3,103.50160458841249,10.097115269133267,0.0008513082126418112,0.21740444268252057
2026-01-01 00:10:51,0,30.66826374351642,7.338797011323811,0.000852150853702247,0.16073207360125413
2026-01-01 00:10:51,1,15.360273590192872,8.791365152782161,0.0016165428411670658,0.21533548719754764
2026-01-01 00:10:51,2,33.654734013550474,14.560429914212659,0.00016677574512887874,0.43338626421158244
2026-01-01 00:10:51,3,94.66153503140431,16.552571912001476,4.1519956656213055e-05,0.33733984118491367
2026-01-01 00:10:52,0,50.24425590849367,13.838048178116532,0.00021594820381811718,0.44638812308863507
2026-01-01 00:10:52,1,77.25972323285221,8.564744998725581,0.00012455082898788983,0.09639636831587978
2026-01-01 00:10:52,2,26.704026636072886,10.136945499678617,0.00023342457041510014,0.4881034070489507
2026-01-01 00:10:52,3,54.91778625569372,14.452617597105865,0.00018086145330677492,0.33631001059873433
2026-01-01 00:10:53,0,13.21656088824126,6.206070729911766,0.00037905808757367345,0.02
2026-01-01 00:10:53,1,23.167710646784816,9.576235247332356,0.00031180671227746306,0.1841377357174926
2026-01-01 00:10:53,2,39.80733769998971,9.451679007807586,0.0007709657710053216,0.26323227068855976
2026-01-01 00:10:53,3,12.082490522641496,16.294656561683713,0.00035535045760164244,0.5993787579845802
2026-01-01 00:10:54,0,40.290239914528605,9.607536975336314,0.00020742437864111008,0.37844206842092676
2026-01-01 00:10:54,1,27.645250121426347,10.154335804314663,0.00016035590450845643,0.13244169565023034
2026-01-01 00:10:54,2,124.00694029944053,14.368785180640012,0.0016164336626900465,0.2301138657943506
2026-01-01 00:10:54,3,22.57412243811985,13.567333581556273,7.832680737340879e-05,0.37248738206886806
2026-01-01 00:10:55,0,18.859478002281282,9.036602580225901,0.0012855439078604336,0.3574361003609286
2026-01-01 00:10:55,1,19.67717654739624,9.838131570177776,0.0010788871441504916,0.24765260517133814
2026-01-01 00:10:55,2,17.06335584021752,9.161149722583957,0.0006997436280858089,0.2825396926995465
2026-01-01 00:10:55,3,17.764732909467682,10.423546446372287,0.001076873914585598,0.11564823678966414
2026-01-01 00:10:56,0,17.542027686556082,14.218874854051371,0.0001585127202623069,0.02
2026-01-01 00:10:56,1,16.957650695811417,8.964192105154154,0.0014083081276078703,0.27621409154501464
2026-01-01 00:10:56,2,45.5636073174059,11.310499762091139,0.00045255687647992283,0.32785034688208403
2026-01-01 00:10:56,3,23.680852463781466,14.007398816696933,0.0007796579070663312,0.39367387028559503
2026-01-01 00:10:57,0,42.45449744742698,9.879432733897735,7.213015282115814e-05,0.21300725735564136
2026-01-01 00:10:57,1,19.57609410149289,9.346130764542538,0.000818943068318937,0.2892390777822721
2026-01-01 00:10:57,2,33.46239710670612,11.697836180633463,0.0005521312232017628,0.30713595634066027
2026-01-01 00:10:57,3,121.15714008758673,12.095531283668379,0.001249448300978876,0.3059880343446152
2026-01-01 00:10:58,0,11.978374534389044,10.718069740872604,4.009183625577765e-06,0.381282866953186
2026-01-01 00:10:58,1,33.82024791756743,10.413396334394854,0.00012125896115312018,0.3983705216506169
2026-01-01 00:10:58,2,27.167350897091364,10.572532172862672,0.00015525312611431363,0.3035911109113983
2026-01-01 00:10:58,3,89.90557671685721,15.269205265864375,4.8755116472217094e-05,0.35397076454337495
2026-01-01 00:10:59,0,44.64469129364568,8.382844677787078,0.00011981565905448638,0.12096969431246857
2026-01-01 00:10:59,1,21.63959095195947,13.342504502667422,0.0002594218365200529,0.5140620006420901
2026-01-01 00:10:59,2,57.30264970819866,11.049914058149753,0.0019181050402239652,0.43920901712235466
2026-01-01 00:10:59,3,69.39340943640221,12.692770571566449,2.5009832973418303e-05,0.42201619262264245
2026-01-01 00:11:00,0,23.83401233051164,8.188820842397313,0.0015275289268422822,0.10822608517826988
2026-01-01 00:11:00,1,28.26080307151457,11.712856484611335,0.0011547743404850116,0.303257919333282
2026-01-01 00:11:00,2,55.62471935306562,13.496273708380954,0.00010922784591990556,0.5376119921440929
2026-01-01 00:11:00,3,49.7016157720078,13.645795695335872,0.0011296175622789485,0.4631844999396462
2026-01-01 00:11:01,0,27.70079310866519,10.919547992012147,0.0004980109787909348,0.25556835568122427
2026-01-01 00:11:01,1,16.73035022230509,15.991350581275984,9.195706177421018e-05,0.4125662806184665
2026-01-01 00:11:01,2,46.41065751155829,14.508815321237567,0.00035439900794828,0.33818769227477774
2026-01-01 00:11:01,3,20.88679040225925,14.286002936684826,9.103961675140153e-05,0.4216554240087637
2026-01-01 00:11:02,0,79.9429065906279,8.224612563899958,0.00208156754002137,0.1881814263207671
2026-01-01 00:11:02,1,67.83899127251796,16.606996965263367,0.0009521725844826161,0.4768080006863295
2026-01-01 00:11:02,2,7.028979367965284,12.078434136277165,0.0014129357012159806,0.16875406504310225
2026-01-01 00:11:02,3,31.70297328050242,14.70067140747742,0.00019669850926952058,0.38410816818768867
2026-01-01 00:11:03,0,54.89046848765035,12.353920853084027,0.0009803607168069157,0.3073930666574587
2026-01-01 00:11:03,1,76.33758932524418,16.14348581653396,0.0007732728252424234,0.4452875452445227
2026-01-01 00:11:03,2,18.84665073218877,9.047879063203036,0.0007081240362416686,0.1431542100387832
2026-01-01 00:11:03,3,31.448697846028296,7.547623843688611,0.0001714128724862005,0.11942083202747064
2026-01-01 00:11:04,0,23.357742478153426,7.756128644387348,0.00041523649023108677,0.08935090381143249
2026-01-01 00:11:04,1,29.84175451605754,9.42575497997076,2.2189774595333003e-06,0.07898521866427244
2026-01-01 00:11:04,2,22.399204691649572,11.306229211975426,0.00034967772047482477,0.25894183272192717
2026-01-01 00:11:04,3,35.942472839784315,11.458196935542402,2.6004890844415807e-05,0.3934585290056697
2026-01-01 00:11:05,0,13.964094348739852,15.050611830726872,0.000704415660583061,0.44337804361287503
2026-01-01 00:11:05,1,46.84632631046293,10.25724369436059,9.025001793720376e-05,0.26368371686023306
2026-01-01 00:11:05,2,110.00507509314427,12.076837609837355,0.0005791898455131594,0.361335670206683
2026-01-01 00:11:05,3,146.49179892461908,10.877743848652738,0.000966601559297823,0.3768849956539179
2026-01-01 00:11:06,0,67.20643325591979,9.80285171428908,0.0004287284627865496,0.2663123764194536
2026-01-01 00:11:06,1,39.274209139067636,12.522085932857959,0.0015276132446421565,0.4203766867924868
2026-01-01 00:11:06,2,65.92071134440044,11.558508265278553,0.0005611296888396739,0.3477444827717586
2026-01-01 00:11:06,3,12.518399253647924,9.02142915791344,5.182046249814974e-05,0.3020760157791946
2026-01-01 00:11:07,0,21.667473921742953,14.184177994714082,0.0019297412664288382,0.1272433458773231
2026-01-01 00:11:07,1,21.84717625065501,9.094738443464042,0.002556897998155034,0.16662193024779545
2026-01-01 00:11:07,2,56.385088191533754,18.3162881149783,0.001473911537503129,0.4041711823961219
2026-01-01 00:11:07,3,20.521543225507948,12.748396702372078,0.0012160609097243906,0.49374081769629674
2026-01-01 00:11:08,0,46.86111543982609,12.049078254189423,0.00045904416466849626,0.41385666926125925
2026-01-01 00:11:08,1,33.0223187235461,10.905713698298877,0.0005156539005706562,0.07771202391850464
2026-01-01 00:11:08,2,195.6762944270629,8.936009168157675,0.0006358942143441366,0.2098533069661366
2026-01-01 00:11:08,3,19.2527940424919,13.301014288625115,0.0017196844592123309,0.5145971033545451
2026-01-01 00:11:09,0,36.10678993325589,8.468501540056353,0.00030823927984304693,0.14291330728367024
2026-01-01 00:11:09,1,10.762916879187992,12.323947713492606,0.00020512557743997866,0.4040736026296001
2026-01-01 00:11:09,2,27.674817830629443,9.618723799589375,0.001117768703472862,0.04473767341828157
2026-01-01 00:11:09,3,23.64531237187196,9.91145731192578,0.00017867760553444667,0.46627785815186334
2026-01-01 00:11:10,0,20.454759557812835,11.030917501683458,0.00013381001092350293,0.16035654507334482
2026-01-01 00:11:10,1,33.052670925110604,14.838332868656973,0.0006399686510784817,0.30817388260641826
2026-01-01 00:11:10,2,26.577255269985557,8.147574633529329,0.0008475964376558688,0.35534987116228944
2026-01-01 00:11:10,3,8.120292264706382,11.88219924001734,0.0009155490686080932,0.45886473175218684
2026-01-01 00:11:11,0,23.033342053465205,14.741096863058889,0.0013256209362357916,0.34127104497350536
2026-01-01 00:11:11,1,51.696620900199775,14.190910190204757,0.0005903494207140872,0.40484059789329796
2026-01-01 00:11:11,2,42.49454503462489,12.26385669884894,0.0004622571680234538,0.4010410312230032
2026-01-01 00:11:11,3,84.78928177140111,7.2089420371021316,0.0004733903916394627,0.17158886131816914
2026-01-01 00:11:12,0,35.98181646086132,16.250157605693765,0.0006054454593855636,0.5157352154413647
2026-01-01 00:11:12,1,82.53402042578192,16.267995378729644,0.00033123160817004815,0.39027774723218633
2026-01-01 00:11:12,2,17.421728565765065,12.437781999295701,0.00013540568528423892,0.22033315132928694
2026-01-01 00:11:12,3,17.86129327076467,7.569921146438148,8.635945299230811e-05,0.025276150423520424
2026-01-01 00:11:13,0,77.00531947731082,13.189803832326628,0.0009469361729660426,0.16257783287155825
2026-01-01 00:11:13,1,29.90187725787142,6.123078270266174,0.0014068180625555573,0.14461214391039662
2026-01-01 00:11:13,2,45.935317965717964,12.364013686895637,0.0004743173613458255,0.27901474777755364
2026-01-01 00:11:13,3,22.528546839124257,17.103323709589255,9.110124869895486e-05,0.6040045395421371
2026-01-01 00:11:14,0,78.99551139702486,8.910996576534108,0.002011985894477325,0.1921814089920384
2026-01-01 00:11:14,1,56.71423394830218,17.94798360139459,0.0001470479905859594,0.18100713820786876
2026-01-01 00:11:14,2,7.665848382038929,9.310272873980352,0.0012328709282736258,0.1504595809673415
2026-01-01 00:11:14,3,43.91763545492575,8.859997565970875,0.00047428459717520024,0.3543469124672391
2026-01-01 00:11:15,0,26.471598635828588,13.787047449054993,5.208476405886649e-05,0.20734744313185483
2026-01-01 00:11:15,1,27.812164040409076,10.038709812281459,0.0006773848835885973,0.2549245664413127
2026-01-01 00:11:15,2,38.14228766217105,15.418199671042615,0.0003125023320468496,0.45843378745561614
2026-01-01 00:11:15,3,38.334995723598844,10.955302523300576,8.74267475670629e-06,0.3300139550370524
2026-01-01 00:11:16,0,22.175315628400124,10.186151584674954,0.0003096920214422106,0.274902874324763
2026-01-01 00:11:16,1,12.640813262846642,9.6201084247846,0.0019385841925996623,0.21544401586858306
2026-01-01 00:11:16,2,58.56954988214076,12.073477046005653,0.0005824877908554806,0.34762600014376305
2026-01-01 00:11:16,3,44.781898804569124,13.103965825804485,0.00010375432534750993,0.2080609522139424
2026-01-01 00:11:17,0,30.652851877203496,9.263946589167098,0.0003351262666145001,0.2117709892550217
2026-01-01 00:11:17,1,23.881666446074174,9.499864521190124,0.002006493799267488,0.08559951659477777
2026-01-01 00:11:17,2,69.64228399185717,10.981134584868757,0.000880414280020776,0.32056595321150977
2026-01-01 00:11:17,3,44.269617659716,12.001689798935178,0.0008106467893461624,0.21303682712446553
2026-01-01 00:11:18,0,8.86179605034324,8.180585570438584,0.0012557840444642246,0.26009638472353547
2026-01-01 00:11:18,1,42.94832579287208,9.23896959339622,0.0003958422400698702,0.2762788883893366
2026-01-01 00:11:18,2,17.14983044391605,16.345384707610158,0.0002754061697266666,0.09150932492218772
2026-01-01 00:11:18,3,18.12356479491932,9.49029536678456,0.0016757836761449305,0.4007955591367863
2026-01-01 00:11:19,0,74.01048134069855,19.195103891509433,0.0006819922105599733,0.2450912538923317
2026-01-01 00:11:19,1,59.72280081946674,14.656018349654254,0.00040466445566623337,0.49119658681666123
2026-01-01 00:11:19,2,118.73297513313146,19.364383508854935,0.0005804561405064162,0.578382312762476
2026-01-01 00:11:19,3,25.09144578637226,9.309835779867939,0.0001731367047866395,0.42947611209538916
2026-01-01 00:11:20,0,32.36448836328341,6.745423717230593,0.0005171138102249983,0.1851680161532411
2026-01-01 00:11:20,1,9.405730946100187,6.8044624270861975,0.002274936781715797,0.2508881000146587
2026-01-01 00:11:20,2,67.2911413781581,12.88373984192315,0.00017976477979905742,0.48559329526559175
2026-01-01 00:11:20,3,58.84542659350088,12.098760489357842,3.78461354070959e-05,0.300636443613716
2026-01-01 00:11:21,0,50.15509128396356,8.771424866138213,0.0002639703295298166,0.3390876465246961
2026-01-01 00:11:21,1,36.319613014011566,11.21888988047159,0.0003120830100222918,0.21468583040255854
2026-01-01 00:11:21,2,12.066189040803463,12.412015534862796,0.0006964990827720146,0.42159215384380955
2026-01-01 00:11:21,3,94.70454465510043,11.729474913900525,0.0005672599180793308,0.4376558785101191
2026-01-01 00:11:22,0,53.92368640221202,12.88773806559497,0.00035040753656968393,0.39107645845869476
2026-01-01 00:11:22,1,166.6946845777486,24.081167009679376,0.0024420762413936456,0.41793908248577694
2026-01-01 00:11:22,2,17.74295654132468,6.746242754615287,0.0008681332862220837,0.14103124935868902
2026-01-01 00:11:22,3,33.595362411185604,14.078231357167326,0.0011693560855908101,0.4565974361636127
2026-01-01 00:11:23,0,44.803080739328976,16.406862872959607,4.4462219464841024e-05,0.41698190914052313
2026-01-01 00:11:23,1,24.852948076180905,8.160710080666082,0.0005246701995751288,0.18058997508737437
2026-01-01 00:11:23,2,42.766717079324515,14.61510771631513,0.002710362656516049,0.3768628543806557
2026-01-01 00:11:23,3,65.26452950835349,14.348826785579565,0.001486518068668715,0.4140683568194063
2026-01-01 00:11:24,0,41.01059543638656,6.413886782671256,0.000365868000069742,0.21319154059155726
2026-01-01 00:11:24,1,16.586295193379108,7.2526329120475745,0.00012580926973465201,0.22788608768083848
2026-01-01 00:11:24,2,14.362321811204797,8.264036464848612,1.0360217650624256e-05,0.1910806023889318
2026-01-01 00:11:24,3,18.710315525486894,11.711253292652511,0.0006951830518775452,0.4073472058868775
2026-01-01 00:11:25,0,32.194409742011615,11.941893822879578,0.0014424832616564255,0.314037957991018
2026-01-01 00:11:25,1,57.5711834572253,10.130166583110983,0.0004581697526691999,0.40244365916996944
2026-01-01 00:11:25,2,23.870051215372428,11.740442527800063,0.001991177310337852,0.2613738525327634
2026-01-01 00:11:25,3,90.16725101863342,7.478839791173943,0.0013765940078561238,0.1242301235527415
2026-01-01 00:11:26,0,50.66938332626166,12.95844954978983,0.00022749509603377352,0.23099394297628095
2026-01-01 00:11:26,1,116.5854526640651,9.772668937504088,0.00020281492652471998,0.29928456750455357
2026-01-01 00:11:26,2,22.584174394190086,12.08368683573147,0.00035481615900912606,0.25736090928406036
2026-01-01 00:11:26,3,12.590934021439084,9.258087252701502,0.0002768523131545818,0.02
2026-01-01 00:11:27,0,28.642374070587127,7.643509449769031,0.0013487089787022446,0.15231219410373795
2026-01-01 00:11:27,1,10.261404073291837,15.726620476626575,0.0008389220511924137,0.05745962177292659
2026-01-01 00:11:27,2,63.35290854164305,12.834942756176723,0.00022877252123276458,0.5118281840928443
2026-01-01 00:11:27,3,111.88280210788876,11.759127910541674,0.0006234785730649654,0.3635861609669361
2026-01-01 00:11:28,0,102.69773858910928,8.795199608197947,0.0024798512024976085,0.02
2026-01-01 00:11:28,1,37.280678334889004,14.100418682883056,0.00013281931958279393,0.3963301984961127
2026-01-01 00:11:28,2,41.21784587912775,17.160489533337998,5.0816275062838937e-05,0.44497606133535555
2026-01-01 00:11:28,3,36.22767100674035,10.078211071344734,0.0017752002698400396,0.234532668758027
2026-01-01 00:11:29,0,37.140600202587535,10.901763222454194,0.00047573025607621156,0.2791919267157045
2026-01-01 00:11:29,1,51.59312770498303,14.909260070752486,9.136625724536095e-05,0.5734496572217102
2026-01-01 00:11:29,2,7.411896920577048,11.29916086252827,0.00047946994230756775,0.22719588445782785
2026-01-01 00:11:29,3,48.30466787151863,10.523017687989746,0.0004779291853284051,0.2484411846601405
2026-01-01 00:11:30,0,21.13834406226753,10.05083612217145,0.0009164462871833695,0.13990266962754508
2026-01-01 00:11:30,1,62.05402997806051,9.111550902460477,0.000116644052037498,0.25642780619244
2026-01-01 00:11:30,2,29.373254898971332,8.245516852477028,0.000229910030878828,0.361314082850675
2026-01-01 00:11:30,3,27.951095859767296,9.647215040735214,0.0010638657645029152,0.23653147258540688
2026-01-01 00:11:31,0,8.930875228985341,7.863466860261421,0.00013107828449119424,0.0933703683462496
2026-01-01 00:11:31,1,17.881841363299163,13.240374994112752,0.0005653558549613097,0.36365628022516083
2026-01-01 00:11:31,2,54.00694360599389,9.414396955991519,0.00021126203690426958,0.4030326994264407
2026-01-01 00:11:31,3,37.40012312797708,10.61917970578536,8.900416802502612e-05,0.36154052595679276
2026-01-01 00:11:32,0,11.800392447072,12.204786627056187,0.00010042481413466065,0.19244018894438367
2026-01-01 00:11:32,1,22.629619331521447,9.07421082875877,0.0005550455508056212,0.17771681108870277
2026-01-01 00:11:32,2,17.651713510193133,6.503226905721917,0.0004173663447573415,0.20137753436054895
2026-01-01 00:11:32,3,72.0602153578063,5.9258505294286685,0.0003541751084970047,0.2912629253797119
2026-01-01 00:11:33,0,8.525486676438586,9.517553511428206,0.0010464554991650818,0.08149704356882188
2026-01-01 00:11:33,1,28.925765821177187,6.5971442802892035,0.000995690429791585,0.1227321921886303
2026-01-01 00:11:33,2,95.70771760353836,13.440745196934385,0.003214170733684661,0.22108803408379563
2026-01-01 00:11:33,3,17.859663121935547,6.722193406066864,0.000560290170670786,0.10652220577977854
2026-01-01 00:11:34,0,38.174747633363026,10.074590873473305,0.000146550943162809,0.25109467504216404
2026-01-01 00:11:34,1,46.39874340454964,11.151161774647676,0.000767539868600069,0.2789135578895249
2026-01-01 00:11:34,2,36.0340114645888,10.714334922396677,0.0009937535526240505,0.034309898877576246
2026-01-01 00:11:34,3,14.945691414140812,9.472844490705835,0.000275518416533431,0.3908750888743132
2026-01-01 00:11:35,0,89.65202643810511,17.646434127794535,0.0006477303376945766,0.3189645597061247
2026-01-01 00:11:35,1,77.02219589530962,17.077523681504566,0.00019979975749092054,0.542231179810998
2026-01-01 00:11:35,2,51.71439849205972,11.65792484727302,0.0008241196880438875,0.2903940360679972
2026-01-01 00:11:35,3,33.54065816307638,10.377282736305084,0.0002562028214544691,0.37159903971879554
2026-01-01 00:11:36,0,25.8491426878984,12.53126898737914,9.409927762343675e-05,0.2405205659613566
2026-01-01 00:11:36,1,17.801934500395628,5.650334781356058,1.399895924602135e-05,0.13462328240190452
2026-01-01 00:11:36,2,31.40242245347751,11.319597750125965,5.3525914022208005e-05,0.059951435318131484
2026-01-01 00:11:36,3,23.774886202139633,17.531474212534135,0.00017948679937371576,0.6046063366128552
2026-01-01 00:11:37,0,43.43400621674885,6.0177789931288315,0.000491182660692371,0.1283757829296947
2026-01-01 00:11:37,1,27.386555039482378,11.892197465425365,0.0014490891455855757,0.36773511590405566
2026-01-01 00:11:37,2,33.087167775034736,9.463096268698635,0.002714570556591245,0.27073321060342326
2026-01-01 00:11:37,3,21.495750048780764,8.757829747707534,0.002116594714742391,0.2008002669450064
2026-01-01 00:11:38,0,36.00423059534181,12.322900716141586,0.0014317269317925209,0.4387286546516814
2026-01-01 00:11:38,1,189.10658018759963,10.54269057438352,0.0003361192396273337,0.2196926365712221
2026-01-01 00:11:38,2,30.284675632152076,11.789057354729948,0.0001223176814842683,0.5299279852155239
2026-01-01 00:11:38,3,74.48113697768295,8.171678775968271,0.0012210406103066375,0.2335585348047755
2026-01-01 00:11:39,0,29.70918300165141,14.686649750851975,0.0001436557984133693,0.18170014757168657
2026-01-01 00:11:39,1,52.751353900508995,13.984270669090009,0.0014665375655686156,0.38878207344402504
2026-01-01 00:11:39,2,19.95825711160066,10.093076294517372,0.0004554553369655966,0.1596117428395819
2026-01-01 00:11:39,3,26.89676279181032,11.501133924223845,0.0011914131241049363,0.20501766210498962
2026-01-01 00:11:40,0,22.449209390887273,15.852863055001288,0.0008378533468492473,0.3840071862553178
2026-01-01 00:11:40,1,8.012388226631469,8.879396071688515,0.00020751863218556414,0.37106680886309257
2026-01-01 00:11:40,2,12.154522316594282,16.37228351434926,0.0009981505657075667,0.5411912052224731
2026-01-01 00:11:40,3,18.51522262495071,9.656275159340693,0.00040728955692770255,0.27621308641918313
2026-01-01 00:11:41,0,45.14051969501238,10.936201088625657,4.2067589618619414e-05,0.40413902960217785
2026-01-01 00:11:41,1,154.23924044417052,8.319765726313362,3.9399527416352616e-05,0.2637296233417827
2026-01-01 00:11:41,2,35.775530306145555,10.384526088363566,0.002230113483208867,0.3647995217488157
2026-01-01 00:11:41,3,48.25727236942279,18.051155574692032,0.00032461860605858595,0.5857552523494353
2026-01-01 00:11:42,0,74.44021637078077,16.714063537239408,0.001095140227942408,0.2428928855571316
2026-01-01 00:11:42,1,20.72655909922244,10.475357772754599,0.0006758490030682966,0.25559110428804727
2026-01-01 00:11:42,2,90.35108343768036,13.932114996465454,0.0004776249813989186,0.37200467214187477
2026-01-01 00:11:42,3,16.47696100816345,11.993827099603964,0.0011390918042394694,0.3280012948874112
2026-01-01 00:11:43,0,48.72026159767598,13.734053886397419,0.0006690674835145524,0.3174517225364142
2026-01-01 00:11:43,1,46.76219918275954,13.532226995833359,0.0001660612299725586,0.43643762355204874
2026-01-01 00:11:43,2,22.88941243795165,8.292651124930819,0.002345781783440193,0.07339570454011339
2026-01-01 00:11:43,3,7.26998607486589,7.66622335451397,0.00037667821227602914,0.11835982924007733
2026-01-01 00:11:44,0,29.567431014188596,11.105434303844934,8.33064457654549e-05,0.338900761958351
2026-01-01 00:11:44,1,80.40818533869553,14.454077895038173,0.001510263482281691,0.3290955214671365
2026-01-01 00:11:44,2,70.2886250779653,14.550945447044144,0.0022322602741849974,0.5714792008404445
2026-01-01 00:11:44,3,10.388181979312355,14.960510649589274,0.0005162021558876708,0.44924178592679526
2026-01-01 00:11:45,0,33.507360363375895,9.7685481047784,0.0005706945723474885,0.06128997193535133
2026-01-01 00:11:45,1,31.495214755501824,7.364415727496715,0.0008221991808625136,0.02225855177905467
2026-01-01 00:11:45,2,23.469677033694893,13.736410813349616,0.00129479296301658,0.4171650147878303
2026-01-01 00:11:45,3,80.38558863856713,9.88043309209702,0.00032006444841013406,0.27437448769281325
2026-01-01 00:11:46,0,34.84028525232712,11.761191003450842,0.0013378121340324994,0.06656813461305323
2026-01-01 00:11:46,1,156.51901190221787,17.626416194295505,0.00013637977998084286,0.5197589418624684
2026-01-01 00:11:46,2,48.07796877407395,9.67300943483379,0.00012411973069623703,0.2472486005185896
2026-01-01 00:11:46,3,21.594544252976334,12.10121608693223,9.593726110198095e-05,0.542854526591097
2026-01-01 00:11:47,0,48.746838304999464,11.043111565249179,0.0012959077214505052,0.13045077695148774
2026-01-01 00:11:47,1,18.827844076906292,6.848229561282069,0.00014727350838916614,0.11196513407013065
2026-01-01 00:11:47,2,25.21717943829392,16.079904048941025,0.0001658430331831016,0.5303057513271114
2026-01-01 00:11:47,3,24.888936505249866,9.463865431663669,0.001749185665638341,0.26374988322584775
2026-01-01 00:11:48,0,30.63345902672279,13.852991287710198,0.0007693457750719705,0.3409125058680321
2026-01-01 00:11:48,1,16.192643087765724,12.24272049920318,0.003763301288079176,0.41756831309942577
2026-01-01 00:11:48,2,30.543420222132085,5.842896123314979,0.0001644029079292281,0.21218119835604698
2026-01-01 00:11:48,3,40.27999570094789,12.547728561647144,0.0001629740457607964,0.3272639464047431
2026-01-01 00:11:49,0,96.86062631937315,14.046471643615991,0.0006429680944352992,0.4052836093484631
2026-01-01 00:11:49,1,23.56999951176794,11.648144336200787,0.0004117264678900542,0.24416962040905713
2026-01-01 00:11:49,2,21.9552505228742,11.233182088627846,0.0017026762483773748,0.304361752209261
2026-01-01 00:11:49,3,47.11095420049191,10.21536238450279,0.00034375067175942763,0.25024607959933076
2026-01-01 00:11:50,0,16.883953228122106,9.704906865398772,0.0008717146811334022,0.18783608608070987
2026-01-01 00:11:50,1,29.390391993755795,10.829354732554837,5.0308459564965794e-05,0.17242798327942516
2026-01-01 00:11:50,2,15.217272128598793,13.104794973185049,0.0005388545964485611,0.3445286170686973
2026-01-01 00:11:50,3,31.241398912917735,13.89913180588724,0.00047446127512546535,0.058906505279085
2026-01-01 00:11:51,0,33.274775164973484,12.0938627880762,3.0340153482322105e-05,0.273286204856069
2026-01-01 00:11:51,1,77.98131411915112,11.596695343198567,0.0003669031024943481,0.2775560768364252
2026-01-01 00:11:51,2,67.43086229170262,11.183937025670451,5.235756682633018e-05,0.37779594425402185
2026-01-01 00:11:51,3,34.4245066666603,8.470130852797901,7.165746614578637e-05,0.10730274817791266
2026-01-01 00:11:52,0,158.7899127287573,14.367298599815706,0.0002941484338228551,0.14587368032641435
2026-01-01 00:11:52,1,22.805863881034956,9.438788263494724,0.00035338733519479936,0.3121551895028534
2026-01-01 00:11:52,2,40.88536177659119,17.460866526762235,0.0006548849861754412,0.6523932230617463
2026-01-01 00:11:52,3,28.471928736980182,9.974229622387833,0.002604874034790252,0.3675983725801178
2026-01-01 00:11:53,0,61.58752639661144,6.975275682203392,0.0016314351825242742,0.20477193448829983
2026-01-01 00:11:53,1,60.02589099898099,11.535514572343649,0.0003748223433952614,0.1559773416093717
2026-01-01 00:11:53,2,51.74843069986788,12.965593412274526,6.4122701930828764e-06,0.4318075964355563
2026-01-01 00:11:53,3,36.271530447347665,9.053269078051287,0.0007632450924525881,0.2869183963935333
2026-01-01 00:11:54,0,26.53355661852877,13.571315944691442,0.0016715933790928522,0.42081350285573826
2026-01-01 00:11:54,1,40.35364199555619,11.05712272847067,0.0015025666983737047,0.380225602173378
2026-01-01 00:11:54,2,73.07253740486063,9.403356389703088,0.00018514714897899977,0.06258370132870968
2026-01-01 00:11:54,3,39.15617486198781,10.544233625361846,0.00016737915278220054,0.2811875547926378
2026-01-01 00:11:55,0,42.45411744086804,10.592304994925417,0.0007523444690675932,0.15363532512010802
2026-01-01 00:11:55,1,36.213204640331774,10.505785834921387,0.0019966457632613938,0.19731036522526157
2026-01-01 00:11:55,2,57.17760581211332,15.425746285305976,0.0003855555085224678,0.6109182644136445
2026-01-01 00:11:55,3,76.88631890140158,12.163146419645262,0.0025635254037629017,0.5079886481093211
2026-01-01 00:11:56,0,146.66976229460843,11.587354137756959,1.0696415008935184e-05,0.191001325995557
2026-01-01 00:11:56,1,22.118299196098,10.091464481946476,0.0011110109416125854,0.2918027887171145
2026-01-01 00:11:56,2,30.18426599768418,8.087035543919166,0.00033030791431725576,0.4862376639299134
2026-01-01 00:11:56,3,21.62684152498362,17.148970733368703,0.000537030250211089,0.37962390279261654
2026-01-01 00:11:57,0,26.727653461256907,9.712925815357357,0.0012272938798683149,0.23231129922907923
2026-01-01 00:11:57,1,35.59918341479814,12.595063449120143,0.0005515305629034143,0.40038535114157703
2026-01-01 00:11:57,2,24.347990549777084,9.490992245986037,0.00043344068039601606,0.2808768348491396
2026-01-01 00:11:57,3,9.074954205551306,15.228939659495111,2.617062155586964e-05,0.30962580592664807
2026-01-01 00:11:58,0,164.2001093056839,9.948199154125227,0.0008455914505332745,0.33334587489830064
2026-01-01 00:11:58,1,44.23230177096729,12.596193656966634,0.0004583583260069234,0.257337548411246
2026-01-01 00:11:58,2,12.700263060584774,17.57089766192319,0.00029853146003627166,0.5884978096803557
2026-01-01 00:11:58,3,28.440085903829488,15.531257165088915,0.00039015426078936415,0.5123351817175746
2026-01-01 00:11:59,0,12.056650718631031,8.634209284018972,0.002127816041969825,0.19928747010375006
2026-01-01 00:11:59,1,70.84309720941486,12.447940083730554,0.001550822144599766,0.4942160973474427
2026-01-01 00:11:59,2,55.886452961634646,9.731838132370967,0.00029292753312291534,0.2548249534453153
2026-01-01 00:11:59,3,12.603357188371167,8.58544581341657,0.0007574987122792649,0.2735180087197145
2026-01-01 00:12:00,0,14.493189891883528,13.969533477831241,0.0011130827958702146,0.07248540318365393
2026-01-01 00:12:00,1,10.85362925471371,8.482368354092706,0.00010593177822698261,0.3140059228577276
2026-01-01 00:12:00,2,98.5414532398199,13.570199040229905,0.0006117520555353848,0.4348308419244669
2026-01-01 00:12:00,3,113.7207011400689,13.131584202716418,0.0005609363327543521,0.45777289662257276
2026-01-01 00:12:01,0,66.24288722516333,11.907509160541146,0.0018400074730872738,0.2660800440696113
2026-01-01 00:12:01,1,33.03209879788632,14.135322713391577,0.0012252861438219425,0.3741664982786807
2026-01-01 00:12:01,2,13.22221074189762,10.466948309408238,0.0003010296035876932,0.29017683112099724
2026-01-01 00:12:01,3,18.4043073842416,12.07021999060113,0.00031772572249705224,0.2721113933372009
2026-01-01 00:12:02,0,50.34084731548039,9.91510013566494,0.000717745220794673,0.1010314272591073
2026-01-01 00:12:02,1,85.57491901534357,8.143901904467747,0.0017585951928593916,0.37971947045090637
2026-01-01 00:12:02,2,58.2722970232408,7.828637184424731,0.0007911085313197419,0.2872604123491448
2026-01-01 00:12:02,3,42.7058624542694,14.408226530988197,0.0010751157888140566,0.5049787136234711
2026-01-01 00:12:03,0,55.46935101140985,10.924107912114259,0.0004155498174182751,0.2615300409483579
2026-01-01 00:12:03,1,21.295559772720242,12.46120245621909,0.0005464357311689537,0.5228896551019817
2026-01-01 00:12:03,2,32.995450861973715,7.631805159700608,0.0002948308313305745,0.14659225583879268
2026-01-01 00:12:03,3,46.65425620246483,16.506987168037135,0.0004200098664915316,0.23541934972450135
2026-01-01 00:12:04,0,32.55324901675583,8.241164029798941,0.0016278905036003193,0.02
2026-01-01 00:12:04,1,22.807825998150694,7.766594005505421,0.0005316877523441376,0.2551640720085398
2026-01-01 00:12:04,2,47.94736804164626,11.5549572073143,7.612246430102585e-05,0.31092404307283816
2026-01-01 00:12:04,3,20.46601427035918,11.14491892969165,0.0005426143191026909,0.2516182175863099
2026-01-01 00:12:05,0,15.22038396192736,8.680307858184266,0.00020910751488442263,0.02
2026-01-01 00:12:05,1,42.65723788716485,11.498864119087251,1.1704841856689564e-05,0.2414721435274984
2026-01-01 00:12:05,2,19.763721165067597,16.246181418266037,0.0015804184808671008,0.34174446041543793
2026-01-01 00:12:05,3,20.758177747440357,5.636216402655207,0.0008556183319104058,0.15710293272825238
2026-01-01 00:12:06,0,62.40947560836583,12.135789417100424,0.00032539405415265725,0.18883855182709164
2026-01-01 00:12:06,1,45.64451625922109,8.796473170064752,0.00050777816468299,0.3421669050712279
2026-01-01 00:12:06,2,11.836037367302412,10.106097207522017,0.0010665908383552009,0.06989710412205384
2026-01-01 00:12:06,3,27.445146309931484,9.535721980091838,0.000998109150518466,0.18625454415639725
2026-01-01 00:12:07,0,33.88001158386633,8.584631927296662,0.0019353991274822006,0.16389584644401364
2026-01-01 00:12:07,1,34.12224020274647,15.686623122596778,0.001480175714276801,0.4014681290645015
2026-01-01 00:12:07,2,21.87052182219947,10.720412751891422,0.0008075220603713411,0.2759053596414497
2026-01-01 00:12:07,3,36.63238574056643,6.304616755064681,4.058923214831967e-05,0.2713043425011222
2026-01-01 00:12:08,0,130.9637871223772,20.588523140470986,0.0006328140269645907,0.40346093957623497
2026-01-01 00:12:08,1,65.08914728879493,8.37675467303099,0.0008745130363639545,0.3335531465642364
2026-01-01 00:12:08,2,30.156937111485824,10.709774748484984,0.0006978516540813294,0.22186616850114624
2026-01-01 00:12:08,3,31.723220677985026,18.610087380536644,0.0014674882659708986,0.6089344803440536
2026-01-01 00:12:09,0,101.73240945167306,12.596066147236078,0.0007078101636936412,0.44649283789103783
2026-01-01 00:12:09,1,44.90337683732298,12.807853599685682,0.00024724208798775825,0.38600211991291605
2026-01-01 00:12:09,2,48.86814339253861,10.777865980360662,0.00016596670829754966,0.14022396055730862
2026-01-01 00:12:09,3,16.959927823924325,15.529756911359536,0.001071821951229596,0.5224048634114091
2026-01-01 00:12:10,0,28.75293020236837,10.592531256726836,0.0015764374029772887,0.23441812890291303
2026-01-01 00:12:10,1,36.81475668034459,9.820265129477326,0.0023732730343771734,0.3492204093357582
2026-01-01 00:12:10,2,22.696352362851595,10.446314250962054,0.0005741240663433014,0.26935606080167
2026-01-01 00:12:10,3,52.49633177202114,13.993300108012905,0.00031761554539713174,0.22828445583906076
2026-01-01 00:12:11,0,20.380308502711852,16.98545470212647,0.0006176681026791644,0.16672240027838808
2026-01-01 00:12:11,1,123.99375934454335,13.650842462367073,0.0016040716081646995,0.4495647517319801
2026-01-01 00:12:11,2,33.743293789310265,10.232579271035416,0.00042607060814735736,0.32707067513784005
2026-01-01 00:12:11,3,146.47136959310183,15.389595026186255,0.0010641528968042746,0.5851425459536876
2026-01-01 00:12:12,0,23.365704159814978,10.295144947892524,0.0012735471225845587,0.20268157697787276
2026-01-01 00:12:12,1,61.901024429035026,10.045177333155408,0.0005062668238118807,0.21250791903098898
2026-01-01 00:12:12,2,62.356425710084814,16.438077452509823,0.0006027118276341597,0.39022053974400833
2026-01-01 00:12:12,3,28.4767793759844,15.293145845134852,0.0010913676706781207,0.5002870575361014
2026-01-01 00:12:13,0,22.481866286521896,9.59472111306156,0.0007539855696740744,0.34429763346133263
2026-01-01 00:12:13,1,8.704527147435439,11.212937843236936,0.0007131920253091947,0.3104587567017936
2026-01-01 00:12:13,2,22.014035414660036,10.533573311597419,0.0008264775411061562,0.32700164036130663
2026-01-01 00:12:13,3,10.742049544314426,13.330709976962222,0.0002101553016542856,0.43249667569131484
2026-01-01 00:12:14,0,44.26854558032329,8.533937799320716,0.002258084712002116,0.0727513270176694
2026-01-01 00:12:14,1,32.14954065855727,16.025857743873416,0.0003996050210656699,0.45781737446217685
2026-01-01 00:12:14,2,35.297822517802764,9.52872365262391,0.0008347963177190419,0.35827319682571845
2026-01-01 00:12:14,3,116.87163985081706,7.473311585559588,0.0006671500121446064,0.1762292700674293
2026-01-01 00:12:15,0,12.29129826149217,11.365020070336115,0.00021739697875007154,0.3303739224837393
2026-01-01 00:12:15,1,39.95709586096117,8.446513731401186,0.0005829216248875665,0.14996736884026038
2026-01-01 00:12:15,2,25.51551889894273,11.906640336360066,0.0001127145884077026,0.3608167296087561
2026-01-01 00:12:15,3,8.217398341661015,16.655018188043517,0.0001341444279166409,0.1005296139480229
2026-01-01 00:12:16,0,25.641915629036955,12.60793804687232,0.001329337486071397,0.412652536702553
2026-01-01 00:12:16,1,9.777413843731418,8.291676376707986,0.00039241978260762744,0.19010706321267845
2026-01-01 00:12:16,2,14.358897165060668,9.350480153818541,0.00020131306588344413,0.24866206234141144
2026-01-01 00:12:16,3,51.60451931713946,13.829461196244386,0.0007703667345551128,0.5849245954008522
2026-01-01 00:12:17,0,10.194225913300977,9.545867594420242,0.00046315472817784925,0.1985911642705125
2026-01-01 00:12:17,1,19.155251904834294,13.108593949237793,0.0025732950017214066,0.30565593514664335
2026-01-01 00:12:17,2,53.55226561837702,9.70141443603191,0.00028345772876046786,0.3049116988180649
2026-01-01 00:12:17,3,68.51113735977869,11.027969742787677,0.0002683910181057123,0.37477204342422765
2026-01-01 00:12:18,0,18.300748090055635,8.319511948181463,0.0014685147773938936,0.11122675822555801
2026-01-01 00:12:18,1,20.814383542964865,12.987911027120182,0.00013809789237639487,0.38449052035713377
2026-01-01 00:12:18,2,27.154355995733894,14.69420148353008,0.0009264310032945789,0.3732570288774109
2026-01-01 00:12:18,3,33.804227180999284,9.262636029696184,5.0332320743240946e-05,0.17115174712208134
2026-01-01 00:12:19,0,82.06392653854599,13.6357918323417,0.0008512526615127644,0.42807218025142196
2026-01-01 00:12:19,1,129.7376450940027,10.283754553184396,0.00027102995252594874,0.36754149546198106
2026-01-01 00:12:19,2,24.96272062685738,8.066890212963962,0.00044845770821663137,0.3384082608635883
2026-01-01 00:12:19,3,18.971524040828804,14.537328086069069,0.002320914989264332,0.2012804419603005
2026-01-01 00:12:20,0,31.527577264875465,12.115161383743901,0.0008353043826582422,0.4378205466492445
2026-01-01 00:12:20,1,93.83142881668445,11.405078524050168,0.0006525774883775285,0.3057188875840789
2026-01-01 00:12:20,2,22.23059899037731,13.09386089334581,0.00025715948624856623,0.504252549975521
2026-01-01 00:12:20,3,41.32428003655814,12.80267247244785,0.0006530774636851985,0.48850580740893734
2026-01-01 00:12:21,0,8.937215566167525,6.449943609532518,0.000843428063404064,0.11486302257289033
2026-01-01 00:12:21,1,16.466156483644326,13.415320031739627,0.001676036677287862,0.13127543204448333
2026-01-01 00:12:21,2,53.44314846769001,5.716239464513633,0.0006393344223752948,0.35792460320959907
2026-01-01 00:12:21,3,26.500118959019645,11.021179363141352,0.0002826589262879203,0.29840145457313594
2026-01-01 00:12:22,0,26.73319274055754,10.94071333649659,0.00023626296593989347,0.27099283790368023
2026-01-01 00:12:22,1,34.431935616443006,12.435959466945159,0.00031914225622360853,0.2721858090216927
2026-01-01 00:12:22,2,19.275821366213055,12.003149962233504,0.0019259479918438268,0.10321080353734333
2026-01-01 00:12:22,3,23.089716097578485,12.233943370144742,0.0004839362752750293,0.39927023292351405
2026-01-01 00:12:23,0,9.571943601346272,12.900395459632666,0.004035260780422421,0.239691446342132
2026-01-01 00:12:23,1,23.150555040326577,9.272888342000744,0.0012057723528994756,0.36030591864866485
2026-01-01 00:12:23,2,11.562367426529939,15.724026072297441,0.001487885978424571,0.12504071143127393
2026-01-01 00:12:23,3,190.38536146497643,14.597529070165642,0.0009778187143798718,0.49742777531964055
2026-01-01 00:12:24,0,34.85899640060307,12.65751041436393,0.0010993383351619438,0.44863877979944544
2026-01-01 00:12:24,1,60.32049068451074,12.992523293786437,8.42487034910583e-05,0.2904098686845965
2026-01-01 00:12:24,2,40.504140744253206,12.161650282736877,0.0015956102768579076,0.3307948531357184
2026-01-01 00:12:24,3,7.537296154374903,13.061505945793384,0.000276773798089467,0.18373389902544646
2026-01-01 00:12:25,0,175.52932857739572,9.003669671390776,0.00016480181948248083,0.26492999581166554
2026-01-01 00:12:25,1,39.82856538841892,11.150820600816619,0.000244613896472002,0.18020719370957586
2026-01-01 00:12:25,2,18.733429463457245,11.491206455735984,0.0005874141267702193,0.21653832728106015
2026-01-01 00:12:25,3,57.407906363140185,9.340809754680143,0.0003788307105077018,0.34138423293125686
2026-01-01 00:12:26,0,19.866553795078396,8.88479315845175,0.0004750160882506215,0.08183959953793221
2026-01-01 00:12:26,1,22.866801937266224,6.74409119906186,0.0004297116492025889,0.08015763895725575
2026-01-01 00:12:26,2,202.35619343845548,13.644696721705895,0.0002404291352367245,0.271377147829725
2026-01-01 00:12:26,3,21.11604415978187,14.419366767739463,0.0002046568751824163,0.4489105647294884
2026-01-01 00:12:27,0,49.90207985944965,10.69240255885161,0.0004442852963130216,0.27051962642063565
2026-01-01 00:12:27,1,55.55085730922041,9.221327520361989,0.004888775498536672,0.15748166301932956
2026-01-01 00:12:27,2,178.93910103659974,15.522301764093333,0.0003613113006017274,0.519219062800956
2026-01-01 00:12:27,3,10.372495538988348,21.11353713948316,0.0010854820254102822,0.6148220004795283
2026-01-01 00:12:28,0,35.401656798272064,8.612003558648485,0.0013658702211751849,0.22893285432199706
2026-01-01 00:12:28,1,50.146037696672416,13.485868582045608,0.00037669903175444194,0.22647038694869961
2026-01-01 00:12:28,2,23.820812475857526,11.069580763801017,0.000384384904549924,0.18060380570438753
2026-01-01 00:12:28,3,29.797593667878413,8.15130432201058,0.0004598923751329859,0.16764706959003398
2026-01-01 00:12:29,0,48.01722393585389,10.985493841182182,0.00024723014685446406,0.2705808695794963
2026-01-01 00:12:29,1,65.37674138938733,9.106273621448292,0.00014354442470747736,0.22243129912793835
2026-01-01 00:12:29,2,11.876897607891292,8.827124489075183,0.0002613586258114566,0.24995387209548187
2026-01-01 00:12:29,3,90.19058626252506,10.8690098134698,0.0007688617338153585,0.2857120067793346
2026-01-01 00:12:30,0,49.66039339055335,8.362586209138003,0.0009250477710656588,0.11648020317817036
2026-01-01 00:12:30,1,12.444475232949351,11.41276163727946,0.0003016719696011441,0.10377568587305638
2026-01-01 00:12:30,2,66.59587332375357,9.83221098149214,0.00013351384101707337,0.14714176948550722
2026-01-01 00:12:30,3,84.25858891850187,17.442176309907435,7.373840208001528e-05,0.6497109087343282
2026-01-01 00:12:31,0,17.05692137085281,9.005196366672624,0.0003723283147711487,0.388243028808382
2026-01-01 00:12:31,1,48.605872560724414,7.860889692978989,0.0001310797958340926,0.4395741542321436
2026-01-01 00:12:31,2,62.58909894964105,9.28826234225722,0.0003551606980163137,0.08724602836680904
2026-01-01 00:12:31,3,44.85026572154519,16.803804329833874,0.0001470185270414756,0.6457187656681256
2026-01-01 00:12:32,0,7.445288502457076,14.897802362741087,0.00010875920276501788,0.19719036632362658
2026-01-01 00:12:32,1,19.057242504072025,13.19597717369298,0.0017801388129629193,0.30736715658203295
2026-01-01 00:12:32,2,55.9213468872951,8.622031512642419,0.00010999658300751974,0.3615017491058172
2026-01-01 00:12:32,3,53.012001746355224,7.8844149300873365,0.0002711309991023469,0.34314066762587675
2026-01-01 00:12:33,0,32.091343206361195,14.602253876081207,0.0008309666807696872,0.3230892242603935
2026-01-01 00:12:33,1,36.528291159235046,9.592110059370183,0.0005104636767608037,0.37210122234806486
2026-01-01 00:12:33,2,40.9179676984468,11.260143398677517,0.0005720311976595046,0.2259692870690544
2026-01-01 00:12:33,3,21.336442695769925,15.431067915705174,0.0003477980254517624,0.5465876494696441
2026-01-01 00:12:34,0,56.65571597516446,12.501344886659565,0.0004542870790342378,0.31277495051047743
2026-01-01 00:12:34,1,24.03923428001862,14.536390828342071,8.683857246107961e-05,0.43356987848367445
2026-01-01 00:12:34,2,27.643479691812203,8.742872770023933,0.00038697040825105735,0.2656872030323151
2026-01-01 00:12:34,3,19.37929162026781,8.651047945381947,0.002472071447843899,0.3598867112104098
2026-01-01 00:12:35,0,40.10443214321486,9.504496769094684,0.00042915713514613815,0.2680443952455277
2026-01-01 00:12:35,1,29.797819491309383,7.513272501733554,0.0011964464715542233,0.11964642265222818
2026-01-01 00:12:35,2,87.09679142635387,11.506485043434147,0.00039225190829116877,0.35143588749349414
2026-01-01 00:12:35,3,81.41088984713429,16.507916941707837,0.00010802335904592676,0.5756843397563438
2026-01-01 00:12:36,0,32.1885306858566,4.71914327145064,0.0005122819679485963,0.12126917474376103
2026-01-01 00:12:36,1,57.66667208439621,13.667082261563143,0.0009295160450986737,0.2562922305277025
2026-01-01 00:12:36,2,57.49462262177429,18.036980169770548,0.00011788677808065873,0.6752765126117712
2026-01-01 00:12:36,3,37.459427651164056,9.225891787428301,2.0631523305996507e-05,0.15458611694365057
2026-01-01 00:12:37,0,23.896762625642463,14.36856030274063,0.0008276300400966924,0.4195645238072543
2026-01-01 00:12:37,1,29.235027307369865,14.743647334054026,0.0008562195350460327,0.48049709970312704
2026-01-01 00:12:37,2,25.833207730387713,11.094182634567655,0.000307160079229125,0.36863227453814335
2026-01-01 00:12:37,3,28.39911879490463,12.006896558808936,0.00024735628851862854,0.31058512604025945
2026-01-01 00:12:38,0,58.010602414924776,10.65500073841742,0.0028067412000519574,0.36705217257009665
2026-01-01 00:12:38,1,27.965282107938084,10.634037508268502,0.0012698596674841126,0.1617544441973851
2026-01-01 00:12:38,2,141.8029819796649,15.422888362768266,0.0004893006383963742,0.5217399351532657
2026-01-01 00:12:38,3,56.84540803149063,13.06365744569244,0.001182721783972876,0.4204771687143462
2026-01-01 00:12:39,0,53.31308478579475,12.028602814776612,0.00014029060544791582,0.33610678769921565
2026-01-01 00:12:39,1,52.563213925272144,8.951365711097576,0.0020586531160622468,0.2864563248527828
2026-01-01 00:12:39,2,18.742571530477466,8.044724517793405,0.00030853718307152984,0.34199961684187746
2026-01-01 00:12:39,3,15.017610909202606,10.472915963195266,0.0018736658170361747,0.293637487005845
2026-01-01 00:12:40,0,6.1720078147799455,11.732161880481707,0.0009775087532776655,0.3791278979318588
2026-01-01 00:12:40,1,50.994071604402436,17.702691381358626,0.0008768365684394019,0.20706621832226013
2026-01-01 00:12:40,2,14.043117125636648,13.187037289588986,0.0006733623930278968,0.2332728843859801
2026-01-01 00:12:40,3,70.23252467873459,8.066871451505312,0.00048096814789912374,0.16566107195792396
2026-01-01 00:12:41,0,30.53760718380887,9.089473971378366,0.0005392132360624929,0.1257292996642861
2026-01-01 00:12:41,1,14.071426765308855,9.401410210769624,0.001174952146851717,0.0672327133977481
2026-01-01 00:12:41,2,20.04305111080595,8.743864260455826,0.0005828775964725972,0.23706729023349388
2026-01-01 00:12:41,3,29.24523005569965,20.522746693095073,0.0006021749913214062,0.642498964103874
2026-01-01 00:12:42,0,18.530612868189422,10.968620117329555,0.00011625182410652257,0.27750171779929017
2026-01-01 00:12:42,1,77.86168551048817,13.53750005474831,3.205571712855474e-05,0.07094529437790646
2026-01-01 00:12:42,2,35.6962912230041,11.501215176893727,0.0016937441487387265,0.13997087817755566
2026-01-01 00:12:42,3,26.623876102930364,11.832774911871358,0.004828951971122971,0.31801820922034385
2026-01-01 00:12:43,0,14.572720419629166,9.43117709282922,0.00016566355652858293,0.2428190731884174
2026-01-01 00:12:43,1,67.49314928128742,14.856597814784742,0.0002801766471682649,0.29854994621087105
2026-01-01 00:12:43,2,55.64784950069659,17.242284357716432,0.0003668384254339407,0.5722666821298751
2026-01-01 00:12:43,3,29.411280360968238,11.288230124570385,0.0004334934099234423,0.4443256663116115
2026-01-01 00:12:44,0,28.112513754309113,11.216301592435478,0.0006655754172538611,0.12568890966140855
2026-01-01 00:12:44,1,15.574855913703923,11.29188921500975,6.33187184944617e-05,0.02495264570527883
2026-01-01 00:12:44,2,24.64142608776589,8.115419924515285,0.0005275777119951279,0.3073191880833861
2026-01-01 00:12:44,3,54.64952622009366,17.05363161069876,0.00015778066619410037,0.6066590251990011
2026-01-01 00:12:45,0,64.73290881407829,10.170985097032025,0.001636823841381644,0.28575593325657034
2026-01-01 00:12:45,1,5.0,9.062091372776797,0.0007817521393354117,0.08443694104163241
2026-01-01 00:12:45,2,46.65463123327981,11.020404350590544,0.001760967400229584,0.3824037052343296
2026-01-01 00:12:45,3,59.76440561042841,7.762545480064467,6.225284654697985e-05,0.16591006727455157
2026-01-01 00:12:46,0,35.180072832935615,12.107841244725666,0.0003269948102006507,0.1279192237246618
2026-01-01 00:12:46,1,20.422072244333233,10.665941744269713,0.0003568218665781231,0.218257112583609
2026-01-01 00:12:46,2,37.893258833464884,11.969507701594823,0.00034093032003473583,0.2530284443315774
2026-01-01 00:12:46,3,40.2252581788652,11.438686968418578,0.00035336745107256585,0.4110931711723776
2026-01-01 00:12:47,0,74.16514564906694,7.792349234353806,0.0006075885323498083,0.07660852761061898
2026-01-01 00:12:47,1,22.13772881969765,9.75345391223894,6.561095052452733e-06,0.1294325387204044
2026-01-01 00:12:47,2,73.84206052180056,14.71216236692158,0.0006361128853371911,0.1750266793444957
2026-01-01 00:12:47,3,101.91620055884819,9.7685851587086,0.0010257371659903856,0.40936157834987547
2026-01-01 00:12:48,0,23.04973664104196,10.010068704793886,0.00027575116215594457,0.16050500792161276
2026-01-01 00:12:48,1,38.33775026178542,12.29609805691674,0.0017254246093869332,0.18354718300154738
2026-01-01 00:12:48,2,31.752600552090765,9.81133167719486,0.0023501812132017217,0.18806726588053047
2026-01-01 00:12:48,3,18.42124521534841,8.668807345069634,0.0005952171311161531,0.26552418244868126
2026-01-01 00:12:49,0,29.115040184142043,11.558913299263414,0.00022198929514671985,0.43112869430106443
2026-01-01 00:12:49,1,16.54424878433781,12.241673712835224,0.0007562825342332718,0.38233342562149136
2026-01-01 00:12:49,2,15.163624023374885,6.516736386700787,0.0015432255024473648,0.20096672340968003
2026-01-01 00:12:49,3,57.56681958709034,13.181040588699293,0.0011467507629726096,0.4870665349887814
2026-01-01 00:12:50,0,21.75580635118101,7.066464968313596,0.0014467871766368557,0.10525091397288076
2026-01-01 00:12:50,1,12.049152828892284,9.501233847717337,0.0005777340204003422,0.09644725947007594
2026-01-01 00:12:50,2,31.803402631105296,6.958254510656219,0.0016798352025228624,0.22356446063280142
2026-01-01 00:12:50,3,76.56223151368468,12.195596213754044,0.0008468762065742222,0.4878987845047685
2026-01-01 00:12:51,0,132.4290230425301,13.224983424627037,0.00030993167355293163,0.2876411140633589
2026-01-01 00:12:51,1,34.12470460712055,10.554418982108853,0.0015713033180824155,0.25169324740974075
2026-01-01 00:12:51,2,16.29525017969511,12.819822259208705,0.0004530713410673048,0.4065200894304809
2026-01-01 00:12:51,3,51.13623112671234,13.519506299119126,3.005536673659622e-05,0.40390089228364656
2026-01-01 00:12:52,0,37.87255845924975,14.51278035984432,0.0011841625516597412,0.13956932228947583
2026-01-01 00:12:52,1,74.5734261267806,7.429740549999472,0.0001720117650815019,0.3056922461392418
2026-01-01 00:12:52,2,23.368356248395514,13.283809106342732,0.0019995193941772355,0.5313809484610923
2026-01-01 00:12:52,3,44.65590399294897,9.382968662920128,0.001455533959645867,0.2388819090403699
2026-01-01 00:12:53,0,42.10363325816192,18.014531955740452,0.0035795713363759585,0.172590749909527
2026-01-01 00:12:53,1,34.24812923881532,12.453350936826212,0.0007962734859519438,0.367010990172153
2026-01-01 00:12:53,2,96.53104681910293,11.633860355294448,0.0002828913965426536,0.28438352511602866
2026-01-01 00:12:53,3,37.50888823145095,10.167603469828508,0.00017014441784301204,0.32024178782242957
2026-01-01 00:12:54,0,26.726841599955478,10.55624333276296,8.31135848638809e-05,0.2315720494431728
2026-01-01 00:12:54,1,55.852640696170575,11.5487283730561,0.0005506180926061581,0.20028287599997724
2026-01-01 00:12:54,2,5.80623949686626,19.50642298679452,0.0002606985604647283,0.0763202351273237
2026-01-01 00:12:54,3,21.421041611074095,11.344295289715129,0.00013088246477370306,0.3121333596951924
2026-01-01 00:12:55,0,22.487299362495566,9.826146947157307,7.846530930950516e-05,0.23425732416260198
2026-01-01 00:12:55,1,28.799896442824323,10.062896705940982,0.0004994161165595431,0.3890353262003383
2026-01-01 00:12:55,2,37.578038696885585,10.459870139811088,0.001661578468888293,0.2926313541919202
2026-01-01 00:12:55,3,27.635784744550023,14.587609009747302,0.0005630865614564734,0.422981181247182
2026-01-01 00:12:56,0,15.919548513042654,10.838832214392683,0.0004837261175800613,0.2750530451756556
2026-01-01 00:12:56,1,217.9330346325117,9.996382306157846,0.0012434513635456313,0.43107780000545914
2026-01-01 00:12:56,2,21.34365887013035,6.818263337590849,0.0007282564928037315,0.24243356059418314
2026-01-01 00:12:56,3,27.43508998500555,14.473960733860784,0.0016417864995349983,0.45770029993655353
2026-01-01 00:12:57,0,34.14397240122905,14.13296856415716,0.0008189701262399775,0.3924267837093401
2026-01-01 00:12:57,1,19.8646834062181,9.497153220719989,0.0015434634693727938,0.3250398594460542
2026-01-01 00:12:57,2,17.960111111480437,8.424168019789489,0.0001863478146944876,0.18307341132812902
2026-01-01 00:12:57,3,131.11562364418918,10.554916048181015,5.201849110434642e-05,0.4840245649793965
2026-01-01 00:12:58,0,17.123102879088417,7.881499695939349,0.00041514975105189794,0.06969248858546716
2026-01-01 00:12:58,1,15.281830145031561,10.756069077405309,0.0001929695962182209,0.4414875363105429
2026-01-01 00:12:58,2,67.02319088269206,9.192661970676957,0.0015325817548136648,0.3318795650274636
2026-01-01 00:12:58,3,25.53385315902763,10.90021898452756,6.24461326903008e-05,0.3897453097021092
2026-01-01 00:12:59,0,13.63777971371733,10.185357893908721,1.8982804018058415e-05,0.391907610482504
2026-01-01 00:12:59,1,76.68249965470181,16.234605748646494,8.2040292960441e-05,0.398435307672614
2026-01-01 00:12:59,2,27.005035632122038,12.226422226410035,9.35698977778668e-05,0.21181470183595041
2026-01-01 00:12:59,3,23.684767354541908,10.581681223919652,0.0020807264772758553,0.3613162761902146
2026-01-01 00:13:00,0,50.37145886131632,14.567353285775527,0.0010063286083321697,0.35190512094897103
2026-01-01 00:13:00,1,35.10205159536205,15.586219650220215,0.00012570610880409378,0.12013682302266573
2026-01-01 00:13:00,2,39.889495709157345,10.974978642633602,0.0001525270095729217,0.41224270812882385
2026-01-01 00:13:00,3,50.275681536066145,11.370859584780295,0.0019501681669538283,0.4825962051193766
2026-01-01 00:13:01,0,17.414346106566406,13.741162320067481,0.00011545929181763345,0.3145891173008648
2026-01-01 00:13:01,1,12.473208780707829,15.615467556899706,0.0002947057055810567,0.12268270557060135
2026-01-01 00:13:01,2,12.591905652249736,9.56432105704483,0.0007256324759224176,0.17986958114878296
2026-01-01 00:13:01,3,51.96462023060703,12.060243228324738,0.0006285767115048686,0.25516405106829754
2026-01-01 00:13:02,0,44.56550158676332,10.843708862440906,0.0005670996365175241,0.2525932858244002
2026-01-01 00:13:02,1,42.68147349024606,10.210273488932502,0.0021850702296797074,0.3025803011682581
2026-01-01 00:13:02,2,40.8904259142189,10.60256013587131,7.261864395452497e-05,0.45569430432768526
2026-01-01 00:13:02,3,9.511587306046582,9.835609318117076,0.001079564890860114,0.15003085644980058
2026-01-01 00:13:03,0,52.24437525166659,14.387193813755875,5.854494517305593e-05,0.2861023698571895
2026-01-01 00:13:03,1,21.183177413493546,11.45643445754724,0.000345253984325343,0.14028072907887257
2026-01-01 00:13:03,2,14.894857871909418,7.811793659302149,0.00029980586482053256,0.0765173512742269
2026-01-01 00:13:03,3,47.320367226680986,13.104965241583175,0.0008392559248910457,0.5011483899548254
2026-01-01 00:13:04,0,17.965287429479588,9.183155064808341,0.0003564799705964009,0.19600775515177676
2026-01-01 00:13:04,1,19.56720148403111,10.983919026457668,0.0006874039557189732,0.3744034127251527
2026-01-01 00:13:04,2,25.797992626715196,18.234707446654546,6.001466468450351e-05,0.5807192748289576
2026-01-01 00:13:04,3,14.153794828456602,11.72700353405477,0.0010490829656521513,0.2342718095013466
2026-01-01 00:13:05,0,6.834692982648531,9.08102465839977,0.00149329193195276,0.05934666721796036
2026-01-01 00:13:05,1,15.985735247583076,7.643525082849778,0.0007086575550541824,0.044439977467820635
2026-01-01 00:13:05,2,28.39339296127053,16.779902879737314,0.0008262140159877482,0.5044028738809443
2026-01-01 00:13:05,3,166.81957273982766,14.822439141835556,0.0005340352949923082,0.5582960139946233
2026-01-01 00:13:06,0,28.73309191574296,10.076404518666804,0.0006466814525706034,0.13281735545095646
2026-01-01 00:13:06,1,47.96385458373291,14.811114610935817,0.00025826233293420526,0.3705313624559357
2026-01-01 00:13:06,2,22.03881660219259,10.432604537478959,0.00021709595623513388,0.22046461490351538
2026-01-01 00:13:06,3,71.58146640806947,13.58348217020053,4.536701239434096e-05,0.5474785753022023
2026-01-01 00:13:07,0,40.58135739751851,10.885850753205984,5.434847291006658e-06,0.0787438869437816
2026-01-01 00:13:07,1,29.71065861730692,13.607051289849746,8.708518256808269e-05,0.377039637407723
2026-01-01 00:13:07,2,41.48219422909802,11.483669077746695,0.0009533480797910591,0.3210123874070361
2026-01-01 00:13:07,3,14.446141600980638,9.16198353151448,0.00040419806326269205,0.2540470327708341
2026-01-01 00:13:08,0,25.60571425271625,8.996989182275135,0.0018844575382747305,0.20162797588977135
2026-01-01 00:13:08,1,24.602139201143235,6.983399571469601,0.0018382846121408063,0.15237433498874686
2026-01-01 00:13:08,2,13.474195162068476,8.981147935985057,0.0002195223222088141,0.02
2026-01-01 00:13:08,3,18.414890083151388,10.44061512755476,0.0002415225012665684,0.19997402581596396
2026-01-01 00:13:09,0,9.138209124491201,10.703250839120862,0.0007452717242698812,0.12859421647695224
2026-01-01 00:13:09,1,25.14200531490077,9.192204138958772,0.0003757498222046069,0.3290111891929858
2026-01-01 00:13:09,2,124.69653581469282,15.690885638443188,0.0004631247485779432,0.5478943283240333
2026-01-01 00:13:09,3,22.481697955356296,5.2673247241366035,5.0689702578520503e-05,0.24502427896556653
2026-01-01 00:13:10,0,12.433681735664326,8.904820601933292,0.0013727405533172491,0.14360372864787918
2026-01-01 00:13:10,1,12.125552272288534,10.807927386929133,0.0003358697753210289,0.20529696683893478
2026-01-01 00:13:10,2,37.09912103993058,11.799000535778672,0.00045873066379476315,0.36857105685289393
2026-01-01 00:13:10,3,48.83956501322036,8.020108906645474,0.0037784508227608174,0.23012924416614297
2026-01-01 00:13:11,0,13.614211622870302,8.158148859916643,0.0009341902869689077,0.27376531256308867
2026-01-01 00:13:11,1,27.220837139806537,9.40927583660741,0.00042067544353241595,0.28174588273610823
2026-01-01 00:13:11,2,31.34457799795051,26.974004813270632,3.30666456036564e-05,0.6250315266020515
2026-01-01 00:13:11,3,61.41909432461954,18.071634673619652,0.000967233110357268,0.5136987912858784
2026-01-01 00:13:12,0,77.23073474194676,8.520360008858292,0.00047215784054204803,0.21004083148659014
2026-01-01 00:13:12,1,10.361313376325752,12.583573285402439,0.00035565302021706553,0.33560620739154756
2026-01-01 00:13:12,2,18.991091761648068,18.5611095891319,0.0017887230860594155,0.23220265860732445
2026-01-01 00:13:12,3,39.352792000016464,10.786159429112843,0.00040466217059363435,0.16911888377894102
2026-01-01 00:13:13,0,25.119443824899744,8.367087997815931,2.7677548071213484e-05,0.20637154410270642
2026-01-01 00:13:13,1,55.75620126687567,10.311323698430495,0.001844434506455913,0.1748385406858406
2026-01-01 00:13:13,2,25.776246572622473,12.243714143896181,0.0009107518632262813,0.4867424360548356
2026-01-01 00:13:13,3,10.436035537930826,14.24234829390054,9.232659865161485e-05,0.14398427525442767
2026-01-01 00:13:14,0,20.999176071942518,9.252721792503106,0.00037440760954672136,0.02746365468251047
2026-01-01 00:13:14,1,28.343834101483726,13.660061299322296,0.0005257472901643885,0.36246240235801674
2026-01-01 00:13:14,2,20.446135923558696,10.771976959996238,0.004611408203542839,0.24680934474188168
2026-01-01 00:13:14,3,77.69510908735677,12.12320054679167,0.0011260189763866648,0.35451489859789026
2026-01-01 00:13:15,0,57.95905215448156,11.125742861890705,0.0010391732730539282,0.3134449470263268
2026-01-01 00:13:15,1,25.596249782535843,8.451340186142255,0.0015928241786070765,0.1338979486419716
2026-01-01 00:13:15,2,28.856830677801355,8.408986264724192,2.340307204909256e-05,0.34599691717322445
2026-01-01 00:13:15,3,37.596162171661774,14.734212189442177,4.8847597285082553e-05,0.5047704258981331
2026-01-01 00:13:16,0,57.76951020738934,17.622831740103358,0.0002361078550342081,0.2670784557625366
2026-01-01 00:13:16,1,17.424432049560888,10.640315627084426,0.00014502525731264142,0.21943933761942508
2026-01-01 00:13:16,2,82.84205080689487,9.859714243730819,0.001214069949849279,0.2814615488929966
2026-01-01 00:13:16,3,48.931136063960125,20.831618924096098,0.0012365992963487636,0.5339962573532262
2026-01-01 00:13:17,0,97.36575726683516,12.308079998979881,0.0012804640872252188,0.4390660454727321
2026-01-01 00:13:17,1,24.1426221030685,10.795763809762859,0.00015095200785724352,0.32843402181488807
2026-01-01 00:13:17,2,83.24468338458583,5.049035218230243,7.616234658509063e-05,0.21426214287622247
2026-01-01 00:13:17,3,25.92626601575132,14.79309489780728,0.0009797709058495204,0.5440163635837916
2026-01-01 00:13:18,0,10.649865852018781,11.541580334989542,0.00024636395834821284,0.02
2026-01-01 00:13:18,1,21.599708826041145,11.146571961417798,0.0001997063504714855,0.30170114146214594
2026-01-01 00:13:18,2,23.774310651741438,11.456482840887976,0.00017306480027759027,0.2929963332782019
2026-01-01 00:13:18,3,46.0560814206548,12.79908015104602,0.0003109162229657012,0.426710110904354
2026-01-01 00:13:19,0,57.90213004267492,11.139981641096462,0.00026358436459068726,0.20504946751019815
2026-01-01 00:13:19,1,26.43518690843703,13.17660517530835,0.0016891625793727888,0.5134706051629178
2026-01-01 00:13:19,2,94.41543131291392,14.197739080375264,5.593208279884845e-05,0.44074851562626716
2026-01-01 00:13:19,3,60.79406656980432,11.863146337247343,9.705774028881257e-05,0.3315378257766262
2026-01-01 00:13:20,0,15.883839556580734,13.308402914468306,0.0005693131822379811,0.28511206947196294
2026-01-01 00:13:20,1,10.295089468101708,15.658736089429286,2.6959434256935333e-05,0.3991935921759412
2026-01-01 00:13:20,2,15.901487135322236,10.862806755426195,0.00046603833926651045,0.2723048058292474
2026-01-01 00:13:20,3,12.733762214463319,10.966746502890942,0.0012172380286582108,0.1859311411060592
2026-01-01 00:13:21,0,17.20040815654415,9.457301178774424,0.00024413974505524405,0.04556110420847112
2026-01-01 00:13:21,1,78.71837948005177,10.559274718958855,0.0003713019118537223,0.23260750338299171
2026-01-01 00:13:21,2,30.375399223071927,12.474610576539693,0.0001850103008214342,0.2116738266249449
2026-01-01 00:13:21,3,68.53742252652675,9.03181881477471,0.0002810508628816632,0.16456682154133323
2026-01-01 00:13:22,0,37.86664935131058,9.83329380223171,0.0005261138260260385,0.3505000306214468
2026-01-01 00:13:22,1,109.71752586136823,12.357085376162983,0.0021732852988513044,0.46994745186165254
2026-01-01 00:13:22,2,18.57443376817857,16.224978324523885,1.8951483609431315e-05,0.2801454975108834
2026-01-01 00:13:22,3,47.833537050161155,14.220080828389143,0.003178099597775979,0.4031634323181212
2026-01-01 00:13:23,0,34.242225327428635,14.45229003205021,0.0030728153904453514,0.39916751697176633
2026-01-01 00:13:23,1,19.0969547707866,11.674646187317437,0.0006912258896938819,0.42875083601367076
2026-01-01 00:13:23,2,38.98770429219299,9.909625479845921,0.00019077274635071395,0.37028378199613204
2026-01-01 00:13:23,3,28.382802880613443,21.217549829503007,0.0011202676439266879,0.6892624201611136
2026-01-01 00:13:24,0,39.788355332469195,7.621223623121745,0.0006976468073157672,0.1563524956800374
2026-01-01 00:13:24,1,26.060661284216735,8.107524146384774,0.00022267053112476438,0.2981595469484306
2026-01-01 00:13:24,2,14.26089543520888,10.41475670337994,0.00022960887434134644,0.2620855270637243
2026-01-01 00:13:24,3,44.92549144586928,18.27671699938827,0.00012414512930332685,0.4379210173167635
2026-01-01 00:13:25,0,29.750844596571884,9.571358477533632,0.0032549670708032553,0.22292232660445277
2026-01-01 00:13:25,1,26.507329358631203,11.568064102340497,0.0025799754643181447,0.1696685420988427
2026-01-01 00:13:25,2,90.57579822106784,11.163767679032478,0.0001038707632885809,0.30484524105579053
2026-01-01 00:13:25,3,86.97297041703807,15.53368686364568,0.0007304799410124932,0.3719309136933847
2026-01-01 00:13:26,0,29.439348651771773,14.839268076631246,0.00045506361618054074,0.42086979079585646
2026-01-01 00:13:26,1,87.34809757767451,12.33596277587212,0.0019839211156753335,0.46120843032387737
2026-01-01 00:13:26,2,13.267282037345991,11.08813545560095,0.0007899837536713372,0.3962747114918117
2026-01-01 00:13:26,3,37.50575790802677,11.62216869607942,0.00016309654914557634,0.2639568200317115
2026-01-01 00:13:27,0,73.3635173565743,13.791098814673838,0.000721072057327667,0.30535677940589695
2026-01-01 00:13:27,1,18.735357906606747,8.788223310138688,0.0002268410217276523,0.1954371606842804
2026-01-01 00:13:27,2,24.238209291654794,11.84754480711186,0.001046074295612068,0.28081089361967404
2026-01-01 00:13:27,3,26.256084762016812,8.57784988634685,0.0008656221158730381,0.18048335758455908
2026-01-01 00:13:28,0,20.324988660362248,7.478368311293451,1.3656644185340034e-05,0.2911277422895514
2026-01-01 00:13:28,1,43.8188642807556,12.251871295262083,0.0027808801167935383,0.1701254958045306
2026-01-01 00:13:28,2,19.119346047859416,14.899515941059578,0.0031518858335324324,0.3578095165756711
2026-01-01 00:13:28,3,15.741689072806972,24.386315992154458,0.004242381622525748,0.5493951611586855
2026-01-01 00:13:29,0,33.63814730574763,11.593419048835328,0.002395218815908893,0.08423776109592673
2026-01-01 00:13:29,1,5.8320867173569315,7.945634003755507,0.0002788163367300726,0.2560009369837295
2026-01-01 00:13:29,2,16.171989407683615,10.386235928600628,0.00061969128974732,0.21422415856045002
2026-01-01 00:13:29,3,18.17023853449375,20.79402854615448,0.0009275888940131166,0.38101003569516567
2026-01-01 00:13:30,0,60.305124901183206,8.149115652750488,0.0015979841506253711,0.12726917277506272
2026-01-01 00:13:30,1,74.47438442330622,14.753207711454952,0.0012228677429413147,0.26984800981851625
2026-01-01 00:13:30,2,28.485037789183377,21.327596069689577,0.0005717540569206556,0.5870141713823642
2026-01-01 00:13:30,3,73.40937242596587,11.149003532392252,0.00029937022719657875,0.5266655171908117
2026-01-01 00:13:31,0,45.80271487819921,12.313981115433426,0.000530368929148955,0.3518742548057834
2026-01-01 00:13:31,1,10.161413850460196,11.062967472308785,0.0009787229823118616,0.22549372462273085
2026-01-01 00:13:31,2,49.7135797924788,11.504215438269531,0.000871345727184081,0.22121108877995577
2026-01-01 00:13:31,3,16.729021005902727,9.519322101174367,0.0013843404798694068,0.2553399430796426
2026-01-01 00:13:32,0,91.35892885959777,8.816060800261667,0.0009675418711183728,0.4365590054074693
2026-01-01 00:13:32,1,32.50829249161802,9.965864798975964,0.0019307220673528368,0.09350086047413186
2026-01-01 00:13:32,2,12.29494652039601,9.543245126665628,3.999192496532917e-05,0.28248193889043494
2026-01-01 00:13:32,3,64.64838832554645,8.251938915896334,0.0007076168849008389,0.07131749501885881
2026-01-01 00:13:33,0,7.692936635928583,12.94377046110566,0.0001286624129410477,0.3277408953844947
2026-01-01 00:13:33,1,119.38542721845084,11.012325787279131,0.0015228060539643057,0.24723659355306782
2026-01-01 00:13:33,2,71.04089175587545,12.01768940982428,8.463435019377408e-07,0.48152552920238095
2026-01-01 00:13:33,3,29.13771651819102,23.37469132224213,0.0002791738816962578,0.658044488217874
2026-01-01 00:13:34,0,48.17216869371729,12.408038046029366,0.00012815812352015793,0.2766281703349707
2026-01-01 00:13:34,1,13.026909336592077,9.729218055165205,0.00035436465605565324,0.21869817740234876
2026-01-01 00:13:34,2,29.20806318149274,11.24683785538703,0.000499188601171586,0.19603949512162466
2026-01-01 00:13:34,3,10.738607238243315,12.663105616685485,3.0034978981098245e-06,0.41951183372837286
2026-01-01 00:13:35,0,21.41339375714181,7.086754833251668,0.0009006136108673256,0.09089938980302174
2026-01-01 00:13:35,1,14.569568524802172,11.40161537529327,0.00012729318887543388,0.24313207693155253
2026-01-01 00:13:35,2,22.19224853090723,9.683439570982822,0.001522752820071232,0.1499060993129836
2026-01-01 00:13:35,3,52.05140868361714,12.24584303879635,0.00018492350044588705,0.5042329099411025
2026-01-01 00:13:36,0,52.23256506896326,7.582299906894277,9.451087570311231e-05,0.30442786818446227
2026-01-01 00:13:36,1,28.638844295372973,7.913431439958125,0.0013177725431509988,0.28264397900928334
2026-01-01 00:13:36,2,22.17974805754877,12.349891094807719,0.0011032684478625677,0.02
2026-01-01 00:13:36,3,103.6828838558734,16.610992320164254,0.0010040016774071094,0.47321100708329783
2026-01-01 00:13:37,0,84.82584485888148,13.639594773247282,9.747708130165537e-05,0.520877963537979
2026-01-01 00:13:37,1,25.308612286370238,20.369163972617482,0.00043004241948990494,0.5588021288180711
2026-01-01 00:13:37,2,31.789025090016725,11.285805826506657,4.8561771756144835e-06,0.1980557865393779
2026-01-01 00:13:37,3,112.5717728450633,13.631775783122094,0.00010000616566023457,0.5343448193959887
2026-01-01 00:13:38,0,52.387916562349346,10.641974437558703,0.00021349740186412994,0.16771320462927802
2026-01-01 00:13:38,1,40.65136252287108,8.925427135107421,0.00014503504982887696,0.21385569342110436
2026-01-01 00:13:38,2,27.60962152138852,9.035695540301402,0.0029505047519457353,0.19938355164685012
2026-01-01 00:13:38,3,65.7884806008916,6.648771852230841,0.001383855662146099,0.14693942355612666
2026-01-01 00:13:39,0,14.605547322785705,16.359839310228452,0.0009238494158409386,0.5614925919213469
2026-01-01 00:13:39,1,17.381659170375116,9.01309207313362,0.0003754076552738009,0.05822599130455831
2026-01-01 00:13:39,2,49.38293929811255,9.698888967241878,0.000898873315628129,0.3002768322437241
2026-01-01 00:13:39,3,37.20532251177132,12.92736181100635,0.0005380061779230798,0.35521746031792606
2026-01-01 00:13:40,0,35.595888311579714,8.137117213999606,0.00014427550111587207,0.08410588445550833
2026-01-01 00:13:40,1,24.381673909491678,9.32451363543081,0.00043626028003633,0.2739573294623364
2026-01-01 00:13:40,2,28.704317400363106,7.837757488287682,0.00037113253608785627,0.23958951486676042
2026-01-01 00:13:40,3,9.566614031368795,18.365786370734405,0.0003058786200027415,0.2756592289974728
2026-01-01 00:13:41,0,55.47254181930169,9.899675077751375,0.0006889652742335839,0.13063564148785028
2026-01-01 00:13:41,1,45.86015923239956,12.461441959737645,0.0008375812523020267,0.26601020840340356
2026-01-01 00:13:41,2,22.99899890053116,10.478752223501075,0.0013578485008715984,0.14669211363957593
2026-01-01 00:13:41,3,26.414108715188185,11.969658765761764,0.0014909548219339528,0.5332360230162083
2026-01-01 00:13:42,0,17.742991834554662,12.544641432701738,0.0007213518911109539,0.2876966223060506
2026-01-01 00:13:42,1,150.46476961376578,10.543337708196404,0.00033518844592183124,0.43465562555897347
2026-01-01 00:13:42,2,16.124260904903633,8.474754366085966,0.00018484626549922296,0.1996892780346007
2026-01-01 00:13:42,3,20.066752290477794,14.876800709207686,0.0002481412923287478,0.24009773908085572
2026-01-01 00:13:43,0,33.772909308501745,11.751766311929286,6.644644174466523e-05,0.3958519803191416
2026-01-01 00:13:43,1,12.924417891201943,11.5821335592285,0.0003476854825645885,0.0726412511071492
2026-01-01 00:13:43,2,88.22702592664571,12.472225344695833,0.001089096233705182,0.35031368286289183
2026-01-01 00:13:43,3,12.45105183629427,12.312225391225274,0.0026299213228024782,0.22016162915278392
2026-01-01 00:13:44,0,16.686959176239604,11.504370411713085,0.00021291541489575799,0.4206742390369708
2026-01-01 00:13:44,1,6.872617027934966,7.417098358467436,0.0007520702173286171,0.10358490078072201
2026-01-01 00:13:44,2,56.54102242153227,11.590172864282781,0.0008030116681013796,0.4670815233670226
2026-01-01 00:13:44,3,30.335863939122433,11.528100661429884,0.0005519100186141796,0.3003280762976958
2026-01-01 00:13:45,0,75.97746430242452,9.656236829926808,0.000728120287793326,0.14054221257883415
2026-01-01 00:13:45,1,53.61784223566537,10.0349897859477,0.0004993575812486392,0.23455628378051296
2026-01-01 00:13:45,2,20.061821493657163,10.892018943649102,0.0022588385431113137,0.22636892501707911
2026-01-01 00:13:45,3,38.49410532522674,9.675693485415918,0.0010761622029361014,0.3991667010943495
2026-01-01 00:13:46,0,13.83512182696001,9.69474227728006,0.000627917229500657,0.02
2026-01-01 00:13:46,1,28.38843958459219,12.631986058329057,0.00019720110327644267,0.1637795116225239
2026-01-01 00:13:46,2,35.96131267230764,11.56038655881832,0.00022844799241004328,0.2951887562179718
2026-01-01 00:13:46,3,43.73860168896557,20.223920450733768,7.160910209154951e-05,0.6295650502038029
2026-01-01 00:13:47,0,23.5080281428532,10.539270336307856,0.003961853909953452,0.02
2026-01-01 00:13:47,1,19.383958341489983,8.4329706026507,0.0010110106871456567,0.27898531899553175
2026-01-01 00:13:47,2,6.940208322951007,6.235116747660529,0.0015975721510291766,0.2281176178304274
2026-01-01 00:13:47,3,13.495225455470326,9.32654182078985,9.863175577768688e-05,0.3190960909666219
2026-01-01 00:13:48,0,49.213388624961475,10.381517519826888,0.0026057750219475742,0.398672165701807
2026-01-01 00:13:48,1,31.365708567301485,7.164160574846684,0.0005833978152802684,0.05618377228269838
2026-01-01 00:13:48,2,53.874795110307154,10.406195327534157,0.0017662411773579304,0.25287275846647383
2026-01-01 00:13:48,3,21.2985590478628,13.934421424574381,0.0012395156260179869,0.08448610296522707
2026-01-01 00:13:49,0,26.045465064182295,8.859374252759876,0.00024093418805391342,0.0793456417016514
2026-01-01 00:13:49,1,74.51203160668267,11.227088338120026,0.00034170473805274963,0.26233608015839366
2026-01-01 00:13:49,2,87.55288131614877,6.397417143732848,0.000449843977581146,0.1470706914040005
2026-01-01 00:13:49,3,99.54780655385038,22.04416622454703,0.0009089022512318573,0.6986454092055664
2026-01-01 00:13:50,0,44.88584861312422,12.651710289206028,0.0010923710334895882,0.32190675666544666
2026-01-01 00:13:50,1,17.598861696499807,4.68973386382171,0.0013972023127605789,0.1804493570396615
2026-01-01 00:13:50,2,29.283248723433363,8.264689194904168,0.002301759046368667,0.11047551012845769
2026-01-01 00:13:50,3,152.26117501122266,13.428146403345382,0.00271396362972401,0.4059054666911218
2026-01-01 00:13:51,0,103.59966360982718,12.03742507204915,0.0002839386857190008,0.38173386094888073
2026-01-01 00:13:51,1,52.43100070158887,11.225545422220044,0.0033113372668449664,0.0377767873979897
2026-01-01 00:13:51,2,36.42600448915646,14.618794817414859,0.00031359825064992725,0.29976591292639143
2026-01-01 00:13:51,3,75.17608389445036,9.262686777299919,3.266003997329616e-05,0.4960323986782516
2026-01-01 00:13:52,0,46.239258050525436,11.396720447337545,0.0006665352341732914,0.24311568943879147
2026-01-01 00:13:52,1,125.39958500273477,11.788280475720642,0.0006256009566524712,0.4333646832922944
2026-01-01 00:13:52,2,27.627017757649625,10.123929727853364,0.00020696252191622168,0.47725736797476054
2026-01-01 00:13:52,3,26.440016387422215,11.327472182853398,7.26676249088492e-06,0.3497101413520935
2026-01-01 00:13:53,0,32.60526046538791,12.830555683808594,0.000679470642020014,0.10911744223953151
2026-01-01 00:13:53,1,29.9917714970656,12.43474080868969,0.0008056102258528565,0.24849221463779622
2026-01-01 00:13:53,2,74.80656596990673,7.826228214602973,0.00029569578113001186,0.20162626404006037
2026-01-01 00:13:53,3,28.472056481370206,12.94985400395154,0.0009732466635284502,0.1867964476591764
2026-01-01 00:13:54,0,24.930352382314275,8.84938560007549,4.3509147189509405e-06,0.09673442339829605
2026-01-01 00:13:54,1,28.106404301890525,14.10044182873043,6.997765577125957e-05,0.3588558825603434
2026-01-01 00:13:54,2,48.1673640797645,10.012055783719699,6.377672166129436e-05,0.43600360706130376
2026-01-01 00:13:54,3,35.26860986074584,9.164049513221428,0.0015869912997224967,0.28972668167442844
2026-01-01 00:13:55,0,17.593407960599862,12.481681941570514,0.0007674960928336672,0.3186494465745609
2026-01-01 00:13:55,1,141.89991310224252,16.369201274973744,0.0004418859321824921,0.5752182200459836
2026-01-01 00:13:55,2,74.7181299069092,14.405267973913254,0.000413158168059747,0.4081470141825103
2026-01-01 00:13:55,3,35.17109091643736,11.276978856963169,0.0003992039750635966,0.2908109582901823
2026-01-01 00:13:56,0,28.06710707054863,12.788479335092216,0.0011192718005872079,0.37317046406539023
2026-01-01 00:13:56,1,52.668030385639135,13.883814788383988,0.0009712908525336668,0.48670167113448076
2026-01-01 00:13:56,2,114.1828565461671,11.123242646835653,0.00011210157159913646,0.27005764448892156
2026-01-01 00:13:56,3,50.062938970591794,10.141564978000762,0.00031688927805340023,0.17015170352311554
2026-01-01 00:13:57,0,24.707217357898866,15.36595508299074,0.0007352125906121085,0.5173143738770877
2026-01-01 00:13:57,1,82.19768404523384,9.085974476706212,3.772163312967497e-05,0.1887677505674085
2026-01-01 00:13:57,2,27.626971902157504,12.754056856132582,0.0006203952893141629,0.37493659572028015
2026-01-01 00:13:57,3,26.2363699334221,9.232364488494351,0.0006062821231822251,0.13553951766481215
2026-01-01 00:13:58,0,68.59322208714808,10.448236536834246,8.579175111332681e-05,0.2117723567567431
2026-01-01 00:13:58,1,42.56077981862878,15.115356087790415,0.0002827382536442651,0.3526575137959589
2026-01-01 00:13:58,2,82.89641225812366,7.998907386095049,8.870393435943595e-05,0.22397729232094565
2026-01-01 00:13:58,3,19.926682266112888,23.711298198799753,0.0003565639184501202,0.6652502228351465
2026-01-01 00:13:59,0,45.76597578580979,11.193648712480153,4.6700952927604985e-05,0.22978162893293755
2026-01-01 00:13:59,1,17.593389555114385,13.14811866748723,0.002108594129254889,0.44486619769831176
2026-01-01 00:13:59,2,251.38806068270446,8.769791522642157,0.0006597413285744615,0.28447257617052857
2026-01-01 00:13:59,3,34.03556649342997,13.076833096864384,0.002350105521938921,0.5394250330674123
2026-01-01 00:14:00,0,29.7522804474826,16.885023101343194,0.0020809981402545303,0.3295015820976243
2026-01-01 00:14:00,1,253.94360297689565,10.929789957516935,0.0004402905974483768,0.3476703325001124
2026-01-01 00:14:00,2,9.93677462373139,19.537326982265217,0.0006090496519353308,0.2780129605085069
2026-01-01 00:14:00,3,25.091454116783336,8.225040005456957,0.00018439360895828187,0.08701616161757504
2026-01-01 00:14:01,0,26.688960096339787,9.146445770709427,0.001165385239683918,0.04157644427031203
2026-01-01 00:14:01,1,81.09004017988372,13.034525083641988,0.0032921022340637557,0.2718162115904613
2026-01-01 00:14:01,2,8.18123232467122,10.190756558112996,0.00014465911654653997,0.2952969206827328
2026-01-01 00:14:01,3,43.52635006788582,8.359141880728066,0.0007330984200475708,0.33675187906239584
2026-01-01 00:14:02,0,52.04389017319804,12.036333629650168,0.0008631876347540365,0.15920774876249594
2026-01-01 00:14:02,1,68.68091734021404,10.278885114393113,0.00010793485884772887,0.21066764756547346
2026-01-01 00:14:02,2,20.227728022205564,9.293951768680326,0.0017804454225605075,0.0862125241735033
2026-01-01 00:14:02,3,45.817222800471306,8.092949944330373,0.0013192506882182473,0.300756539872076
2026-01-01 00:14:03,0,45.40653942233676,10.395734411937747,0.0006821533850476769,0.4147648670388651
2026-01-01 00:14:03,1,16.20325317203507,9.932361313363327,0.0005543991327148616,0.17016678150648878
2026-01-01 00:14:03,2,38.33149071462002,15.56268589369179,0.0003996039752303277,0.4298159320555327
2026-01-01 00:14:03,3,17.574500409744854,11.609852642415593,0.001659071177630752,0.2776469723127259
2026-01-01 00:14:04,0,89.31602963651731,12.008039819581803,0.0006098956735902144,0.3333703636414818
2026-01-01 00:14:04,1,52.853982399421376,10.245386224555293,0.0032639503129884753,0.28957471240842014
2026-01-01 00:14:04,2,157.67643769097796,12.507481939552473,0.0006075981776965908,0.3226797786131458
2026-01-01 00:14:04,3,72.03967226283059,10.209524565444488,0.0002029361969336582,0.2765189006537512
2026-01-01 00:14:05,0,21.408789509365153,8.70252448156565,0.002740004486960866,0.2497859985077896
2026-01-01 00:14:05,1,27.872053828302914,10.493927971754665,0.00042636994191128726,0.14569101344273866
2026-01-01 00:14:05,2,14.980787510695084,8.322245840567044,0.00034820811170616095,0.27770140606453264
2026-01-01 00:14:05,3,49.429286197364966,17.129656688371075,0.0019176560915619906,0.5359114165278964
2026-01-01 00:14:06,0,156.2219060316751,9.218622638549597,0.0013807272952504272,0.14988871197259873
2026-01-01 00:14:06,1,23.20936029967912,13.767412939208176,0.0008519630341868115,0.47617470759720365
2026-01-01 00:14:06,2,17.54732230725593,9.939806162457367,0.0023789620851867865,0.337706688472635
2026-01-01 00:14:06,3,49.972350392734384,16.792168998542873,0.0012197914063168563,0.6087805710642238
2026-01-01 00:14:07,0,67.06254820071037,10.554850310412856,0.0004909766362571496,0.5430976750563931
2026-01-01 00:14:07,1,37.27644254647537,12.136023313429796,0.0003704906104186933,0.29027653134296827
2026-01-01 00:14:07,2,51.27951125263423,9.079023582611631,0.0030588079409571717,0.17125289329242113
2026-01-01 00:14:07,3,38.29716692774212,10.577997758604933,0.0015650005648586568,0.31232659873906476
2026-01-01 00:14:08,0,50.17257510415911,10.358579848382824,0.001283903756691549,0.15032671094531494
2026-01-01 00:14:08,1,26.40870935972685,10.105875122382985,5.7286079957714244e-05,0.14760026402035353
2026-01-01 00:14:08,2,30.98305291997497,9.964602799111102,0.00023659617625617827,0.24736272260077263
2026-01-01 00:14:08,3,12.771420819108979,6.218889709026046,0.00021017944628764793,0.22813073175553444
2026-01-01 00:14:09,0,60.680657059196825,14.125738648520318,0.00034536542483913467,0.38642302476331575
2026-01-01 00:14:09,1,19.45484899323173,9.310549198992106,0.0011249780516721446,0.337732550121275
2026-01-01 00:14:09,2,27.044162244762685,9.590509530625065,0.00019321855028505246,0.23906062247697446
2026-01-01 00:14:09,3,32.25963510804143,14.09736013520319,0.001839536277751599,0.5857011170240339
2026-01-01 00:14:10,0,58.79792686253094,9.329806067145299,7.73618741562889e-06,0.22838249685626444
2026-01-01 00:14:10,1,74.45678979678794,11.234675311192808,0.0009173912435275578,0.379223591172953
2026-01-01 00:14:10,2,33.225476775916434,13.959441815434285,0.0001352897264120787,0.05896402149843158
2026-01-01 00:14:10,3,39.35276387534471,11.145798013868198,5.848318863428583e-05,0.08150542539913802
2026-01-01 00:14:11,0,47.93821800854693,11.179292078755338,0.00046744210159419756,0.3392347870315632
2026-01-01 00:14:11,1,94.52791807565306,11.398536790619566,0.0014175452991557688,0.10516192218526185
2026-01-01 00:14:11,2,30.318052820771623,8.445449386731653,0.001506310415497641,0.087966263651645
2026-01-01 00:14:11,3,45.88381720838803,13.995599036780048,0.002625728759147376,0.3653976608928129
2026-01-01 00:14:12,0,48.90931357214262,10.006226109260743,0.0005630718955789192,0.2144774241379288
2026-01-01 00:14:12,1,17.634900531913374,10.664314169312076,0.0003079792890005968,0.311892942675427
2026-01-01 00:14:12,2,28.21063507941737,6.203297763448464,0.0013654002043941406,0.24144828884647782
2026-01-01 00:14:12,3,25.73741778639959,7.527887290404175,0.00012735957683513002,0.24771465553019378
2026-01-01 00:14:13,0,11.74133895581818,10.003903815814702,0.0003800677938882138,0.180993934390717
2026-01-01 00:14:13,1,119.9016394081663,13.105029130820771,0.0014168807786181558,0.3668986414269787
2026-01-01 00:14:13,2,40.93303124008179,13.575486165234718,8.481779056145118e-05,0.3330342912731983
2026-01-01 00:14:13,3,49.643090777644105,9.747431367661639,0.0019571582908954593,0.3854209784523428
2026-01-01 00:14:14,0,85.166463423937,11.55508094472108,0.00022676773427423251,0.31107518754692925
2026-01-01 00:14:14,1,28.35369268092148,16.582634161976323,0.00021951269567743354,0.5642470155858076
2026-01-01 00:14:14,2,44.19633886928333,11.764006212277542,5.569704384772542e-06,0.23016234344554326
2026-01-01 00:14:14,3,88.14938829493055,14.559108881194131,0.0018732354984497368,0.5089763678299284
2026-01-01 00:14:15,0,22.63634182053726,8.88763429781623,0.002255822508781329,0.06688816163339129
2026-01-01 00:14:15,1,11.067816168490378,8.689109719188192,0.0008203451677497055,0.2500199086109129
2026-01-01 00:14:15,2,49.869264363114105,10.743767165894537,2.0657742919484034e-05,0.07781605418369501
2026-01-01 00:14:15,3,43.84140772541563,8.079355771200683,0.00034065280900091876,0.3098513845049178
2026-01-01 00:14:16,0,18.78633274343096,12.680407223108709,0.00029370383948838915,0.3759158805125941
2026-01-01 00:14:16,1,40.32346970230131,12.894899790344295,0.0012560034307049033,0.4852562028640601
2026-01-01 00:14:16,2,43.69595347582792,9.355432350767854,0.0008559249617407593,0.05303015492498419
2026-01-01 00:14:16,3,32.12692446588685,11.402727696858951,0.00017459748761799226,0.5019989521859649
2026-01-01 00:14:17,0,10.225756852221792,8.148451329604374,0.001317792835225376,0.2347049494630949
2026-01-01 00:14:17,1,73.88409791631425,10.043317396036933,0.0006394647678996538,0.3466682361440444
2026-01-01 00:14:17,2,93.7645648716835,18.66268571788361,0.0001856193471518649,0.6966689355989057
2026-01-01 00:14:17,3,17.804541408466616,12.002982493185112,0.0011137015425441358,0.4782523595612095
2026-01-01 00:14:18,0,46.13276752978618,9.170547441774351,0.0019003304236226146,0.18793712163755072
2026-01-01 00:14:18,1,114.5836325256779,14.013332835738586,6.081015488381097e-07,0.4599461836146302
2026-01-01 00:14:18,2,37.56219469880018,9.386190678485093,0.000301043512746778,0.4860403720935691
2026-01-01 00:14:18,3,19.517082864263358,11.661468104833382,0.0012925675666836886,0.40517113807073574
2026-01-01 00:14:19,0,44.112088724483066,10.173923463705611,0.0006151813501739825,0.24589273590749583
2026-01-01 00:14:19,1,16.05278391909573,9.223243488469603,0.00023244738501339618,0.3429600047554955
2026-01-01 00:14:19,2,25.697832788228386,12.947811524644322,0.00013960713288909166,0.42579074767439196
2026-01-01 00:14:19,3,30.36179477459133,11.535504258568526,6.520838371575768e-05,0.23192320720585322
2026-01-01 00:14:20,0,65.60577081929084,12.035364667300751,0.0005735839761018759,0.22003740918151554
2026-01-01 00:14:20,1,28.7146466599622,8.531622013378112,0.0009968265749376272,0.02
2026-01-01 00:14:20,2,60.46634487486788,10.972392659969254,0.0002015104806297074,0.3972132769469876
2026-01-01 00:14:20,3,19.363459506631653,13.811827758772528,0.0015948345246079858,0.3942421405580195
2026-01-01 00:14:21,0,24.901019756570896,13.015496280888705,9.710324875179765e-05,0.42508369548300956
2026-01-01 00:14:21,1,8.738215600228848,9.409977686465808,0.0004611892724044704,0.19558273585723945
2026-01-01 00:14:21,2,49.83909559925887,11.54493730886577,0.00019676262855478947,0.43611567705357346
2026-01-01 00:14:21,3,94.96876214880793,9.80900099072888,0.0009928499873487274,0.354736820552796
2026-01-01 00:14:22,0,20.860883445307365,13.505417164765339,0.003032689562201111,0.2216002014380018
2026-01-01 00:14:22,1,26.35541746621781,6.281143229757233,0.000250590704400917,0.26583560977433296
2026-01-01 00:14:22,2,11.743198314404589,10.37680390175524,0.000780836382059923,0.06625479207360413
2026-01-01 00:14:22,3,80.33199760504144,9.996268084876053,0.0008978784283820917,0.39564093762453395
2026-01-01 00:14:23,0,28.74664968877175,9.602762873865192,0.0008746160330673071,0.14759461223055081
2026-01-01 00:14:23,1,26.430604754352984,12.024946135198242,0.0008879385341944351,0.28667449322779837
2026-01-01 00:14:23,2,83.38595023889566,9.54778259543889,7.443321891662307e-06,0.3611999445337774
2026-01-01 00:14:23,3,61.307706800719636,20.45772394442291,0.00033867281439602575,0.3247316065581948
2026-01-01 00:14:24,0,19.830588287513223,7.744024299415702,0.0014619296971590836,0.2524564054146546
2026-01-01 00:14:24,1,47.32995178205079,9.43748865243986,0.0017122348306442107,0.3878594366961413
2026-01-01 00:14:24,2,10.527985218571978,15.676031032559644,3.9732734521265824e-05,0.30867319704008866
2026-01-01 00:14:24,3,32.31154885234642,7.155517879924204,0.000402652834207939,0.17736401177578723
2026-01-01 00:14:25,0,31.962437868936636,16.884016021829098,0.0007611405369245046,0.5325981058944309
2026-01-01 00:14:25,1,69.12034871966424,13.024978219578975,0.0016168423711166828,0.24154278868236911
2026-01-01 00:14:25,2,84.10604819738973,14.030339400396867,0.0011744742596665628,0.46279691060617445
2026-01-01 00:14:25,3,39.5299541995825,14.52718437684678,0.00031025929575681407,0.4091208713635144
2026-01-01 00:14:26,0,15.589170406117827,12.82017413438383,0.0006642188169955467,0.13265992299303464
2026-01-01 00:14:26,1,28.2859053789267,8.954943072612371,0.0028178041861761753,0.2074121632609305
2026-01-01 00:14:26,2,74.79705595411704,15.498847921864593,0.000918298706438632,0.47524361683005173
2026-01-01 00:14:26,3,23.613150066551686,13.015742690553134,0.0016840390461950836,0.46518338483589083
2026-01-01 00:14:27,0,33.85941843417448,8.812631168808528,0.000764666038455422,0.3766323274143635
2026-01-01 00:14:27,1,82.23332164446651,20.536984008376386,0.003401453667571913,0.5904824533123195
2026-01-01 00:14:27,2,46.276910039812435,9.18335448599248,3.085164211588572e-05,0.22519794002598179
2026-01-01 00:14:27,3,55.29071435149288,20.161711605390774,0.001177003970378392,0.7016299190657106
2026-01-01 00:14:28,0,37.32496186386707,14.917974725997269,0.00019138740221573327,0.2498948953663674
2026-01-01 00:14:28,1,40.77451507747098,11.372425779864669,0.0015974818705653182,0.5276411817592729
2026-01-01 00:14:28,2,31.433917618804006,14.200096598370934,0.0003478302702750186,0.2537643991066005
2026-01-01 00:14:28,3,25.077270746665707,6.442200828343614,0.0002536729895246053,0.10940186091237157
2026-01-01 00:14:29,0,42.27964712892367,9.061224377577025,0.00018592582421462576,0.2305713858169418
2026-01-01 00:14:29,1,26.669650420229043,9.863311909437918,0.0011351400709233366,0.14828028864665133
2026-01-01 00:14:29,2,16.049861304952415,10.145545205046602,0.0012908964239323223,0.21239947041754823
2026-01-01 00:14:29,3,34.489717265320635,17.689136499285834,0.00045383895349408477,0.6148718340955389
2026-01-01 00:14:30,0,48.260881118768324,8.527653867593443,0.0009473105996379337,0.030493044012033517
2026-01-01 00:14:30,1,85.13636489294214,14.60194946434807,5.255762121596334e-05,0.5123437291089948
2026-01-01 00:14:30,2,25.681045196978634,11.648538965709724,0.0005537485977463702,0.11955544534387991
2026-01-01 00:14:30,3,17.414631169573347,11.523320876667894,0.00016276389994532975,0.0894783449792209
2026-01-01 00:14:31,0,46.43286323733515,10.619956857872422,0.0005364383343671036,0.3223463596135401
2026-01-01 00:14:31,1,47.484860635363624,16.05884878675571,0.0003677880269082518,0.3868462622122678
2026-01-01 00:14:31,2,36.11005565248289,8.56520212926394,0.0003754800719567798,0.36700428363715304
2026-01-01 00:14:31,3,19.340846741662965,7.71364410276507,0.000551470792934392,0.24591486226290274
2026-01-01 00:14:32,0,70.99537381884832,7.3459839903990325,4.636267882172507e-05,0.2555325261155411
2026-01-01 00:14:32,1,27.77773849612964,8.991732391113816,0.000613818724276077,0.40504020450546135
2026-01-01 00:14:32,2,43.55343926717987,11.010563571927433,7.0329899747717365e-06,0.3594209199625634
2026-01-01 00:14:32,3,59.48109484283915,12.161306475343315,0.000502576605537523,0.30190411727151545
2026-01-01 00:14:33,0,27.22432153751126,9.570887932779575,0.0006376601304728685,0.13516906736554474
2026-01-01 00:14:33,1,65.64212332298769,17.189771252861327,0.00012716009527070804,0.40746752590057067
2026-01-01 00:14:33,2,73.08341381615853,13.557802946059853,0.0007743859586604713,0.14229351814887126
2026-01-01 00:14:33,3,73.66589171445129,15.113165167631243,8.851705571837359e-05,0.517809672626909
2026-01-01 00:14:34,0,27.070403698631612,10.552693445645346,0.0003139725095343599,0.35655482498347224
2026-01-01 00:14:34,1,15.57798901371661,12.101905918104,0.0015808822445032699,0.33420785136619535
2026-01-01 00:14:34,2,104.65672963384431,14.724585122362411,0.0006507037428654347,0.34336442751984075
2026-01-01 00:14:34,3,33.47052692998961,11.569053458364388,0.0032992640909222937,0.46516595693026985
2026-01-01 00:14:35,0,54.24470594395771,13.018107928239303,9.830851640572101e-05,0.48559190208363784
2026-01-01 00:14:35,1,10.897960581778335,9.613871468730956,0.00029126503645719834,0.07863679087866965
2026-01-01 00:14:35,2,23.919711891043015,9.458127611214003,0.0008014247122602217,0.3524532113981878
2026-01-01 00:14:35,3,38.02078709594038,13.146868875351355,0.00035695418990144254,0.29855402282276905
2026-01-01 00:14:36,0,34.16622354143489,11.954151199855325,0.00011360052376167521,0.1691520512251913
2026-01-01 00:14:36,1,54.48108450284896,11.048752455906884,0.00017358165326130808,0.3816205270274881
2026-01-01 00:14:36,2,25.67839204873916,13.710298761862251,0.0007668379238736678,0.4350726215271794
2026-01-01 00:14:36,3,42.90804422869286,9.259834714759123,0.00030633757424586414,0.21996256850209736
2026-01-01 00:14:37,0,54.705949032035285,13.697637055677735,0.0016256268654195418,0.3875696292469387
2026-01-01 00:14:37,1,34.91893615564013,13.593222530460972,0.0014713617398731242,0.1005313610033483
2026-01-01 00:14:37,2,33.75190188572568,10.069436879019731,0.0007226771957544002,0.3219131895512439
2026-01-01 00:14:37,3,15.27092024379706,17.688340653253398,1.2196985305027748e-05,0.21571511801963272
2026-01-01 00:14:38,0,34.84875979990599,13.267565559050063,5.86259101185913e-05,0.4545260880024886
2026-01-01 00:14:38,1,17.109241095548544,11.758247373143746,0.0004236367899414261,0.3595933994737504
2026-01-01 00:14:38,2,70.91663994405803,8.376549977712372,3.4846566438169134e-05,0.19241638314356027
2026-01-01 00:14:38,3,21.661747776582946,12.41725372765199,0.0020338275445929864,0.24997094923416413
2026-01-01 00:14:39,0,116.67647012504487,10.824295845645842,0.0004539826020532539,0.41230637116496405
2026-01-01 00:14:39,1,10.565160129204207,7.097263458576704,0.0010739130141176583,0.08100816206738419
2026-01-01 00:14:39,2,43.14328079349434,17.388382577699815,0.0005879765522070252,0.4299422612629003
2026-01-01 00:14:39,3,17.367039013723904,9.206232770483467,0.00035952788928380057,0.3095524563461417
2026-01-01 00:14:40,0,53.66316977473586,21.905968029037027,0.003018606615207555,0.5603337731433438
2026-01-01 00:14:40,1,23.371086323516508,8.861400443700035,2.1232406694636843e-05,0.02
2026-01-01 00:14:40,2,52.59604700390128,4.889584838888502,0.0013658837866068467,0.1900246844017342
2026-01-01 00:14:40,3,30.564717532911924,13.040296107440687,0.00017417612583746426,0.4401932710322351
2026-01-01 00:14:41,0,32.061411911193325,10.554941207782104,0.00024912614662028364,0.3668553049350436
2026-01-01 00:14:41,1,6.385610806755618,7.744903461917271,0.001156684325017227,0.21874750680478433
2026-01-01 00:14:41,2,30.648473575995645,13.024660536074748,0.0006544670006708234,0.43556385958362454
2026-01-01 00:14:41,3,49.497539843418494,9.981387658904273,0.0008249217024367283,0.34303665994022653
2026-01-01 00:14:42,0,95.7232515660659,7.436329307611068,4.653405008953397e-05,0.3201959613182219
2026-01-01 00:14:42,1,103.11686662941312,9.48490376872429,1.8109385569195524e-05,0.3577421786529328
2026-01-01 00:14:42,2,22.301949477261264,13.154150231429007,0.0010514800813257493,0.45073705358345134
2026-01-01 00:14:42,3,86.36326486612248,11.393465140952399,0.0014432306570500908,0.3417615548393339
2026-01-01 00:14:43,0,9.467569552656304,11.656711560104107,0.0009686288528124597,0.2490229027957972
2026-01-01 00:14:43,1,32.165986402309244,3.6205974668662155,0.0004214984348143396,0.24706115668136802
2026-01-01 00:14:43,2,49.82564469449287,10.270729051947662,0.0017063723157206038,0.35497396502224815
2026-01-01 00:14:43,3,30.02084522783856,10.819903489691011,0.0006054932388170457,0.31718563705492175
2026-01-01 00:14:44,0,39.94506675273446,10.871864266249016,0.0011646699724808226,0.24970275747946422
2026-01-01 00:14:44,1,34.5788651645271,9.042541780544672,6.63037640000903e-05,0.27325490829819465
2026-01-01 00:14:44,2,61.615513552365485,15.539089436798545,0.0005699855327047877,0.5142884212683705
2026-01-01 00:14:44,3,19.219900181570562,14.936518766694455,0.0016707294693626552,0.550586145263585
2026-01-01 00:14:45,0,27.859864757068326,8.867880964241628,0.0038407294103669333,0.1869871468583771
2026-01-01 00:14:45,1,47.24861139141239,10.154450151850696,0.0005214043763219199,0.13674012660505794
2026-01-01 00:14:45,2,26.490891490453855,7.535016830055174,0.00027423805410177373,0.15017828927795826
2026-01-01 00:14:45,3,15.624327176196045,13.50823090972705,0.0023836836834106347,0.5299832574139939
2026-01-01 00:14:46,0,17.974228863295536,16.606673838133773,0.0007391132821635203,0.1449979265188938
2026-01-01 00:14:46,1,13.545038756579364,12.362354351715805,0.0011704569547127213,0.08546726183011795
2026-01-01 00:14:46,2,9.888754832831701,9.738723317452006,0.00011192822489763173,0.33419212367916457
2026-01-01 00:14:46,3,158.3081043046043,18.02504970449133,0.0007005022728954506,0.5485097250935561
2026-01-01 00:14:47,0,18.048880875762112,9.037971105331101,0.0009944393882228776,0.4786527287146869
2026-01-01 00:14:47,1,50.98971238341757,13.402939408611564,0.00014451635599004243,0.32209134445630977
2026-01-01 00:14:47,2,97.0463566718146,11.00429663163866,0.0003607217217191932,0.3899835084995104
2026-01-01 00:14:47,3,27.875417949957875,8.63006077047384,0.00025096926450339724,0.266301901986244
2026-01-01 00:14:48,0,50.423235395847314,4.758470536537592,0.0010620985882575811,0.15690882104477977
2026-01-01 00:14:48,1,99.34464952470807,20.503403450466095,8.044617719884068e-05,0.49712101685212057
2026-01-01 00:14:48,2,12.36663910612754,10.751493298326595,0.0007659625704986921,0.25939184286324424
2026-01-01 00:14:48,3,54.018443036982305,15.128206914976545,0.0007487481675423525,0.5420324165636431
2026-01-01 00:14:49,0,23.211519379510246,10.352745341043574,0.0005088203561739191,0.46041659586466904
2026-01-01 00:14:49,1,19.677886548981757,12.993262607405683,0.0007434151838581853,0.1611477456557384
2026-01-01 00:14:49,2,33.88252217936598,19.76089312646753,0.0004883577453712939,0.17177706353780522
2026-01-01 00:14:49,3,119.38176092827395,14.55366219671595,0.00023837320790987668,0.43069890366443814
2026-01-01 00:14:50,0,17.170446762753233,11.401486246255661,0.0002494690700328573,0.23957923955008395
2026-01-01 00:14:50,1,25.24284467771829,9.622787840030743,0.00262981473376625,0.4104049617843006
2026-01-01 00:14:50,2,34.864405786174046,7.52879912743291,0.0013102938210463489,0.15188915607931935
2026-01-01 00:14:50,3,24.41145100332,9.839663716693694,0.0006966732509699556,0.43237876648510354
2026-01-01 00:14:51,0,24.431838240249203,11.771088083047454,0.0015738756665633511,0.323199200784289
2026-01-01 00:14:51,1,20.83985818572913,7.812984001082507,0.0007372600589566144,0.06992580918440737
2026-01-01 00:14:51,2,52.3538877666079,7.896233019795723,0.0007037905820638411,0.09537896816866291
2026-01-01 00:14:51,3,80.03711029466687,12.962280100501074,0.0014974614840854812,0.3193568521759036
2026-01-01 00:14:52,0,18.77000009584342,7.057531398210832,0.002171169431834927,0.41936840285272836
2026-01-01 00:14:52,1,21.57288630434346,7.384178988644986,0.0002023800034265711,0.14585789133824043
2026-01-01 00:14:52,2,27.544961329839076,9.9247577435313,0.00012559007394862416,0.2997668013598083
2026-01-01 00:14:52,3,13.473628365413651,9.188680110189003,0.0003015297940775053,0.08909912046028522
2026-01-01 00:14:53,0,9.497263999391944,10.099642648342765,0.0010909816198494972,0.2029086467313514
2026-01-01 00:14:53,1,12.030231994812628,14.568082901728143,0.0007447206218696266,0.46060351407706107
2026-01-01 00:14:53,2,55.379093336185015,19.000389062218968,0.0009511819822605983,0.03098832190835249
2026-01-01 00:14:53,3,53.90883657878865,14.362901129398633,0.0007429893478867694,0.488473403431547
2026-01-01 00:14:54,0,29.856698492284192,15.776547903705984,0.0008619050779932433,0.38292309050125417
2026-01-01 00:14:54,1,14.282272832271493,9.19237560782706,0.0010630658796865493,0.0929204443116983
2026-01-01 00:14:54,2,17.43718820008331,8.895460993630424,0.000645164782830056,0.3849448590545205
2026-01-01 00:14:54,3,32.942890265406845,11.763073756478471,0.0008833826113466492,0.31183945012138176
2026-01-01 00:14:55,0,26.9943565191992,14.896372968557984,0.00022000936418812764,0.40981603821367796
2026-01-01 00:14:55,1,23.556360729398314,10.343230738663832,0.0004613445066981793,0.24562484028104623
2026-01-01 00:14:55,2,35.643843276270424,9.187222376906627,0.000756487057855108,0.10553071442139761
2026-01-01 00:14:55,3,33.2133357207346,9.28791902181413,0.0011725829042323515,0.3249507835502413
2026-01-01 00:14:56,0,23.75200353541961,12.026796046836932,0.0009486942068427851,0.40126857191075105
2026-01-01 00:14:56,1,15.717559929356145,9.573362980524497,0.00041648952216927546,0.37439499602866066
2026-01-01 00:14:56,2,70.69222944448914,12.428884281211952,0.0003607559562019465,0.46629127885134536
2026-01-01 00:14:56,3,19.81700541956189,10.251623761970713,0.003643817619459094,0.2968498223148423
2026-01-01 00:14:57,0,24.52550126532787,12.502532908272944,0.0010888862738234713,0.26451458007837036
2026-01-01 00:14:57,1,36.871135828265906,9.310076180819806,0.0008057069799169275,0.38048581331942266
2026-01-01 00:14:57,2,19.793973331421203,7.056148493440314,0.001459413050911463,0.12732404490318477
2026-01-01 00:14:57,3,38.30661130880314,17.257342878765666,0.0003782319804598183,0.4858553187675898
2026-01-01 00:14:58,0,60.59919794156701,14.276683995099642,2.5461628183493074e-06,0.11454430576451415
2026-01-01 00:14:58,1,35.118065316349295,13.442181437604896,0.0015823630787507573,0.4686968215056304
2026-01-01 00:14:58,2,21.17738381111939,21.10958533031824,0.000535004507352341,0.5529369714549515
2026-01-01 00:14:58,3,29.24597926690607,10.105068851318448,0.0002852189889779565,0.3284130977666611
2026-01-01 00:14:59,0,72.70638577332258,14.133164570798167,0.00034458773296776134,0.47928253113158104
2026-01-01 00:14:59,1,39.30473201541668,10.929327332195417,0.00035172448545865514,0.3310457344309718
2026-01-01 00:14:59,2,26.84342176048664,15.5779605590701,0.00010435061111236742,0.4909611524603916
2026-01-01 00:14:59,3,72.67878982385587,9.54068623658933,0.000502993383631271,0.20519116929359124
2026-01-01 00:15:00,0,64.97187319598913,7.656272517667764,7.68062774050999e-05,0.18330513144605123
2026-01-01 00:15:00,1,107.23900846972808,12.18186766700553,5.319622308946869e-05,0.4062085535904943
2026-01-01 00:15:00,2,52.325851689133685,11.081460783999365,6.157293034179114e-05,0.41530371955541506
2026-01-01 00:15:00,3,38.618526919926715,9.056411653891145,0.0013077815434992708,0.2613624738201729
2026-01-01 00:15:01,0,26.31979431501025,10.889512142205593,0.0005474421633588656,0.2557562398709273
2026-01-01 00:15:01,1,21.08992910942554,9.821235091789564,0.0006470483979785875,0.14616186959501234
2026-01-01 00:15:01,2,17.879139311451734,9.86171050351638,0.0006563431320575598,0.40366908134255286
2026-01-01 00:15:01,3,79.92521888308073,14.457335179195555,0.0007607502919878988,0.04834776664964455
2026-01-01 00:15:02,0,76.69441372874115,14.30856343837759,0.0007735567984330195,0.4975802415273674
2026-01-01 00:15:02,1,13.454723629198172,14.068856314505842,0.0005519238502705258,0.372203517389616
2026-01-01 00:15:02,2,60.087392499214744,9.039727422404338,0.00013593425699508633,0.22718508236506907
2026-01-01 00:15:02,3,62.51701473135192,11.543784953027576,0.0010340629617583488,0.2551721959423868
2026-01-01 00:15:03,0,20.070476978501564,9.276235346657488,6.575292641142224e-05,0.3663346959002373
2026-01-01 00:15:03,1,68.30108802818407,10.222552410470202,0.0005261863187079813,0.40874397168464566
2026-01-01 00:15:03,2,50.73452319539,22.525486528229717,0.00011928514758753604,0.6609955153304908
2026-01-01 00:15:03,3,30.897071108923924,11.703654034260982,0.002050275864931654,0.3042954817611259
2026-01-01 00:15:04,0,51.31258971881034,9.115876020294257,0.0002632029444989533,0.10247598662746565
2026-01-01 00:15:04,1,33.60855517079233,10.461802063985981,0.0018121697257147695,0.2699994866797895
2026-01-01 00:15:04,2,33.70504577878617,7.9921856310181205,0.00028873421214674035,0.1790412909360201
2026-01-01 00:15:04,3,45.94574292037545,6.860587413670915,0.0025513866058010457,0.30012435915065194
2026-01-01 00:15:05,0,12.129716826581316,11.524591149505493,0.0006830732378959654,0.3872553336702687
2026-01-01 00:15:05,1,29.124693694714928,11.03813390369454,0.0006421070615733333,0.35317735248007803
2026-01-01 00:15:05,2,48.97642945172781,14.000587250466557,5.6897476651502855e-05,0.4253816717964079
2026-01-01 00:15:05,3,24.6996603582339,10.94434540332807,0.0022215727869735074,0.4338963968139068
2026-01-01 00:15:06,0,59.77460099892092,7.712671529995071,2.8340055176029835e-05,0.17397656186608654
2026-01-01 00:15:06,1,40.87933138317204,11.85346531227811,0.00042407993302482743,0.27366209872033637
2026-01-01 00:15:06,2,87.61424399639742,12.613467376655473,0.0003367214528283197,0.4659962308773865
2026-01-01 00:15:06,3,38.65661115953655,13.63869106499755,0.00191576452442635,0.5466074310598654
2026-01-01 00:15:07,0,12.557867401902675,8.564443225929995,0.0005686276695629334,0.2065873047460804
2026-01-01 00:15:07,1,62.39024908669532,9.503467307979841,0.00021454003940395283,0.30596358161353154
2026-01-01 00:15:07,2,46.09773478654305,18.670529317058577,5.045497203510986e-05,0.5199430889771116
2026-01-01 00:15:07,3,78.58668794502364,16.281295325602727,0.0004806181192344915,0.6208612780345414
2026-01-01 00:15:08,0,9.126252370105213,9.39947285084327,0.0010776564148356781,0.3652569729003963
2026-01-01 00:15:08,1,78.47589919277048,9.556477212426413,0.0008856875861487869,0.3809222739731395
2026-01-01 00:15:08,2,43.04150126352628,9.78378241022776,0.0008758729097071511,0.3596145397242233
2026-01-01 00:15:08,3,8.69309294949966,8.862823440291336,0.0005749698200437896,0.08963140725866126
2026-01-01 00:15:09,0,22.464499239083597,10.161118184837544,0.00048204438537046936,0.07864112297871653
2026-01-01 00:15:09,1,37.33548921532473,12.152128758140766,0.000659798806716064,0.41484571883208066
2026-01-01 00:15:09,2,19.17217099598937,10.074113609803364,0.0005043126692347714,0.13658006595749156
2026-01-01 00:15:09,3,84.380976855094,20.857714781822683,0.002385330423656078,0.538613912747639
2026-01-01 00:15:10,0,11.73883930360275,7.614024847609166,0.00047461004973229574,0.04322302743623885
2026-01-01 00:15:10,1,20.38270698813529,8.928727325809572,2.4624579627377695e-07,0.20504370547712303
2026-01-01 00:15:10,2,121.84784760934501,23.658321386657917,0.0008867315491991044,0.5168793418098552
2026-01-01 00:15:10,3,44.746149446413185,14.077054709054352,0.00026863272581007484,0.4541823569699434
2026-01-01 00:15:11,0,37.068004431472936,13.485283896730405,1.424661743733815e-05,0.36703680612822354
2026-01-01 00:15:11,1,13.953174403797918,10.889241525870965,0.0015628395337326615,0.42743203551582043
2026-01-01 00:15:11,2,31.16601101535815,16.24595599580981,0.0007942115574156368,0.5620752466487906
2026-01-01 00:15:11,3,101.7992316180918,14.64367568047849,0.000240273555601418,0.4249904917158689
2026-01-01 00:15:12,0,24.264172794629854,10.847305014684327,0.0014299649964301204,0.2392038028570178
2026-01-01 00:15:12,1,37.84427653225664,10.427740601974106,0.0006198394354797303,0.3107671324531686
2026-01-01 00:15:12,2,16.292413580452877,11.48857121069189,0.004897885465455146,0.3328603187636245
2026-01-01 00:15:12,3,22.027148000667193,11.83819735063571,0.0007858325753284629,0.2994877412788665
2026-01-01 00:15:13,0,27.62687652663649,13.205045524848412,0.00042500661298987253,0.3719371919840613
2026-01-01 00:15:13,1,29.24850879123272,10.010343016761986,0.001626965380068198,0.39903425354829625
2026-01-01 00:15:13,2,22.687806640932884,15.532496205748927,0.0006961258273760242,0.4108463550790608
2026-01-01 00:15:13,3,47.2327660022706,19.512069504148016,0.0010897478521287288,0.5497082466048278
2026-01-01 00:15:14,0,70.30890341572731,11.659205593365028,0.00088044224818301,0.10850648702565008
2026-01-01 00:15:14,1,70.89652580797788,11.75815226835881,0.0003073920743847967,0.13025807907829312
2026-01-01 00:15:14,2,18.112053709054265,14.205254071849954,0.0010295218108912452,0.3879980784660021
2026-01-01 00:15:14,3,16.730824124713877,13.092033585148311,0.00017630710392775573,0.4995741863531343
2026-01-01 00:15:15,0,23.51644269685237,8.69006424091717,0.0008397300291948414,0.35589419260568417
2026-01-01 00:15:15,1,37.89409057684128,10.761137370827221,0.00023347015125604146,0.4208813943225183
2026-01-01 00:15:15,2,16.546671671606163,17.2997573930446,0.0019211762680327949,0.4374649259282588
2026-01-01 00:15:15,3,70.94016934834477,7.745547862575295,0.00041111204819720685,0.3039213564430354
2026-01-01 00:15:16,0,18.268917318024467,11.369511004571605,9.990727747327819e-05,0.1780438503289984
2026-01-01 00:15:16,1,31.16007458687061,11.229782856468852,0.00014959245261427528,0.15659840493113067
2026-01-01 00:15:16,2,59.815050951748226,8.333131350245948,0.0015310824303740832,0.043959242164761325
2026-01-01 00:15:16,3,65.20565192002755,20.55294384224836,2.7602040934262928e-05,0.707518491155904
2026-01-01 00:15:17,0,99.79566472443175,15.174895762298732,0.0005424422003939711,0.4758163921314289
2026-01-01 00:15:17,1,29.713758302515963,11.43232579512879,0.0006435933893924236,0.44590168206547154
2026-01-01 00:15:17,2,19.496862155320578,12.395659141792164,0.00033979843423190807,0.356501769479481
2026-01-01 00:15:17,3,16.391232047640962,12.431929338621774,0.0009139551383207971,0.14881048233806585
2026-01-01 00:15:18,0,75.00312179183386,9.671537515754563,0.001152242206598534,0.19246650984386207
2026-01-01 00:15:18,1,42.12637372965025,15.441848012606588,0.0010360250388207455,0.3863153995674621
2026-01-01 00:15:18,2,40.048541154270566,8.801495983139514,0.001910161381235872,0.29002424546767136
2026-01-01 00:15:18,3,86.04907850791514,10.297678222177552,0.00027603106318889844,0.3491960979968604
2026-01-01 00:15:19,0,31.600530448853853,11.434121045538287,0.0004268845311952811,0.4076167154868288
2026-01-01 00:15:19,1,41.989901032472595,12.244993743258268,0.0004412460796862862,0.3959886772104801
2026-01-01 00:15:19,2,75.41209967248213,15.604382794225538,0.0009092240745083819,0.470103244419584
2026-01-01 00:15:19,3,23.82117012068755,9.597169595336018,0.0005702935600035586,0.3738800069896786
2026-01-01 00:15:20,0,15.299835299290663,12.143256971588537,0.0002690320262754518,0.46862737316236636
2026-01-01 00:15:20,1,10.725250123547035,8.209246831833228,0.0030266723463280316,0.22755783129197935
2026-01-01 00:15:20,2,19.21964639729878,10.597063555484597,0.0009991668756534114,0.2105858995677526
2026-01-01 00:15:20,3,29.93519567585097,8.976144127420572,0.002012690329472981,0.22581375185431185
2026-01-01 00:15:21,0,65.9261056546024,13.844473881063045,0.00039689829920441636,0.36022642298701957
2026-01-01 00:15:21,1,38.986967146782064,6.634513769070066,0.0009036961382518984,0.08198842199042522
2026-01-01 00:15:21,2,74.29207579459491,8.584653298834015,0.0001773157679586375,0.12337245557216099
2026-01-01 00:15:21,3,68.03287626810881,11.338944920667862,0.00027579093817144563,0.3027345095598917
2026-01-01 00:15:22,0,8.913688153114633,7.515155370828447,0.00034651521885447045,0.2135070327694818
2026-01-01 00:15:22,1,16.214558046942788,14.620520869076232,0.00013740215490842993,0.4737796060280119
2026-01-01 00:15:22,2,46.655032990840105,9.177634783269266,0.00015237229574294571,0.24591528159501724
2026-01-01 00:15:22,3,102.28848938805453,14.596836842232118,0.0002520812308637909,0.4532123002748668
2026-01-01 00:15:23,0,18.892219033118536,6.515520180052346,0.0030631841454030633,0.2246212650180325
2026-01-01 00:15:23,1,13.202915563804572,9.353319756621486,0.00012382339399781857,0.3127397333925972
2026-01-01 00:15:23,2,37.40503879695222,13.618450492892643,7.069680632008511e-05,0.46765346835951055
2026-01-01 00:15:23,3,23.989778512388806,13.685653767412367,2.117008023613908e-05,0.4488337376910482
2026-01-01 00:15:24,0,68.00590249954652,10.382104966507328,6.034234727617264e-05,0.31634777706377276
2026-01-01 00:15:24,1,35.264990623621514,14.452301598168436,0.00023060092014952433,0.49813421675453007
2026-01-01 00:15:24,2,29.735761826769703,15.88507314427751,0.00032255396215530817,0.4823736549045124
2026-01-01 00:15:24,3,76.70950685110064,7.451273664203265,0.000723629684746543,0.226636588152352
2026-01-01 00:15:25,0,34.77230326544937,7.943469758319244,0.0011529876830697785,0.32551135254845887
2026-01-01 00:15:25,1,22.634275167097087,16.443306428858467,0.00039177668595729995,0.3825439331018501
2026-01-01 00:15:25,2,23.953340031872138,13.43729053752411,0.0015309458299563735,0.4368797565329091
2026-01-01 00:15:25,3,51.845814925412235,8.251716969922045,0.0001806908552831823,0.14434573299414014
2026-01-01 00:15:26,0,30.170873726660076,9.974315305227965,6.325512841701952e-06,0.17464141500042585
2026-01-01 00:15:26,1,16.562503562291898,13.209359819553816,0.000812842575759697,0.08520606280334012
2026-01-01 00:15:26,2,44.31180218823695,11.90575900579372,0.002019018600709528,0.2030758534558515
2026-01-01 00:15:26,3,18.959535056212644,8.037827201768154,0.0005865505301687667,0.03349897000564546
2026-01-01 00:15:27,0,16.41522046285839,12.368414450347878,0.0004667955505193879,0.18990971220786979
2026-01-01 00:15:27,1,21.432086523501926,8.87536957280038,0.002244989959096276,0.02
2026-01-01 00:15:27,2,59.29457791489461,16.90454875843133,0.0005834138453563241,0.5033078294149678
2026-01-01 00:15:27,3,10.233435941337204,12.793045531408795,0.0021495571503537345,0.3261700442558519
2026-01-01 00:15:28,0,25.578556157984973,12.669117084515158,0.0021158349180633476,0.13737985344928041
2026-01-01 00:15:28,1,24.0916649994917,8.14848411006545,0.0003324887714225154,0.11032015355531498
2026-01-01 00:15:28,2,19.771313301031633,10.762931965513102,0.0003482541584196636,0.282752816475508
2026-01-01 00:15:28,3,31.681031386731988,9.786484782892428,0.00020976981192664772,0.14144333432675607
2026-01-01 00:15:29,0,56.131267078755705,13.200813561261706,0.001085032008252514,0.4408530470568567
2026-01-01 00:15:29,1,7.426683493741961,11.13873678445311,0.001052242048344382,0.21582475039157853
2026-01-01 00:15:29,2,21.908218932634515,11.038979395311479,0.00010369913379088176,0.23545897353282355
2026-01-01 00:15:29,3,112.54992090230988,16.75862947681121,6.010808334582551e-05,0.46324655633054823
2026-01-01 00:15:30,0,17.12847555792565,7.350918001227962,0.0011172063167130023,0.32871514125991774
2026-01-01 00:15:30,1,30.12111572778714,12.380959662966923,0.002192438797981991,0.1907852209862355
2026-01-01 00:15:30,2,58.49911209868734,11.534991290049987,0.0015878242640684072,0.27611577060177367
2026-01-01 00:15:30,3,39.540841512835634,9.131359535116191,0.0020774308716411316,0.2589288329509559
2026-01-01 00:15:31,0,59.31309656395785,11.42483682043828,0.0003598214501345556,0.3802887558258395
2026-01-01 00:15:31,1,136.9810671508592,16.526398416555146,0.00012541814137593244,0.583758676338742
2026-01-01 00:15:31,2,133.04985259775657,13.04760189530393,0.00033640307564675984,0.4523468064656508
2026-01-01 00:15:31,3,42.47008271575818,12.983691095749347,0.0002730291838241602,0.2983861495441553
2026-01-01 00:15:32,0,28.581798144418592,14.65660019928272,0.000137874552446784,0.26959204489270266
2026-01-01 00:15:32,1,29.93282522585606,8.432646198509705,0.0002280202874321428,0.12851829115246974
2026-01-01 00:15:32,2,21.85576969650357,16.153103242605013,0.00024328140358492522,0.4862321767907299
2026-01-01 00:15:32,3,80.97542520625359,8.547143888446865,0.0008910301191543648,0.19825619985679793
2026-01-01 00:15:33,0,33.11691598253396,9.682946780611992,0.0002786734546756628,0.43888767190726324
2026-01-01 00:15:33,1,33.47933202599382,12.902734279181173,0.00014125852146669687,0.3327029940368992
2026-01-01 00:15:33,2,20.832864871194808,10.396380003409421,5.7261353393570435e-05,0.17479713011885978
2026-01-01 00:15:33,3,45.53959851299936,8.02062018348301,0.0034197432843012274,0.2992236436363639
2026-01-01 00:15:34,0,39.06416592788743,10.125381087144488,0.000548737964120789,0.22066369747014855
2026-01-01 00:15:34,1,8.824981151009329,7.149246667501132,0.0009626773079735315,0.18118668169141033
2026-01-01 00:15:34,2,30.405835817238575,10.365475065162842,0.002967177480134207,0.20214237533877305
2026-01-01 00:15:34,3,25.021056515278612,11.63537951242079,0.0007963968077040281,0.37209927945215304
2026-01-01 00:15:35,0,46.90760753423734,11.289364705265752,2.197777517605868e-05,0.206249717095334
2026-01-01 00:15:35,1,31.160681291487524,9.880377751589599,0.0010467165160446532,0.3558190480780175
2026-01-01 00:15:35,2,61.13334722081878,13.515480014302526,2.234490760915897e-05,0.24478575528946178
2026-01-01 00:15:35,3,53.22066633033819,14.787149396907868,0.000936145960216266,0.542803241882408
2026-01-01 00:15:36,0,36.362074658283554,14.955384916702279,0.000314044919543463,0.4278220699186784
2026-01-01 00:15:36,1,39.928677895120295,9.174932522356498,0.0006078394481367405,0.24857157012006556
2026-01-01 00:15:36,2,26.485231246950516,10.291678516572034,0.000842380692562589,0.20929921211836439
2026-01-01 00:15:36,3,12.7166766330807,20.805117191583328,0.00036129236205603905,0.19570734196759393
2026-01-01 00:15:37,0,45.90710474820306,12.797524655362357,0.0009813347339119127,0.24951144042582546
2026-01-01 00:15:37,1,23.713273722233556,11.61362161769402,0.0017566228456664128,0.43335312112719704
2026-01-01 00:15:37,2,12.447843149182862,9.402185491132297,0.0003602105949723778,0.3631830250217424
2026-01-01 00:15:37,3,78.10968628667415,13.920996663867484,0.001004686749711281,0.5025160688555769
2026-01-01 00:15:38,0,32.728265998602666,10.221515574233196,0.00012657992419624065,0.1696929964781086
2026-01-01 00:15:38,1,8.51530078232093,8.859731764901973,0.00020914700081865487,0.2737894529190702
2026-01-01 00:15:38,2,181.15595260971654,16.990467215319885,0.0007929096162542591,0.5658229509168539
2026-01-01 00:15:38,3,52.87619715179135,13.765812016496724,0.00015361836426201655,0.5299934645960004
2026-01-01 00:15:39,0,27.315761669714636,7.289216038950938,7.533873629650879e-05,0.29239656835368705
2026-01-01 00:15:39,1,14.188436704335993,10.235623256388212,7.588065192735375e-05,0.39902073077213573
2026-01-01 00:15:39,2,27.209992930123185,7.842713974030055,1.0135170770262039e-05,0.021925675040554447
2026-01-01 00:15:39,3,25.341071550431895,11.087775664555801,0.0017332346217987234,0.37995092817111237
2026-01-01 00:15:40,0,63.23029691423248,9.999000994553146,0.00010351116433778338,0.32125731741369773
2026-01-01 00:15:40,1,53.94219683659918,12.486553731981694,0.00043417728187363755,0.46497568886778606
2026-01-01 00:15:40,2,16.73403220177504,11.70199214912526,0.0005541516171704853,0.437913334678182
2026-01-01 00:15:40,3,131.52646680408887,12.30365891715419,0.00038893890351678805,0.4728676136510636
2026-01-01 00:15:41,0,63.003056009803004,9.659315565993625,7.38308827569423e-05,0.2551272167464833
2026-01-01 00:15:41,1,73.51335126162995,11.349645006744684,0.0011864201052143538,0.4056836143640805
2026-01-01 00:15:41,2,34.32911738507132,12.48522096670226,0.00028330401809092444,0.45115907824974955
2026-01-01 00:15:41,3,43.566411970205664,15.159424780029,0.0006751214670435525,0.3099145453036518
2026-01-01 00:15:42,0,11.477614057703615,12.991737808094443,0.0011959201186135856,0.33130698974586065
2026-01-01 00:15:42,1,15.354578005260295,13.418777213852842,0.0015180315862062376,0.3423951049474438
2026-01-01 00:15:42,2,38.613907468827875,11.688201986972597,0.00015548117239371097,0.25040443207615143
2026-01-01 00:15:42,3,17.18625395659594,16.82645397146325,0.00036502522435926554,0.3681753107244115
2026-01-01 00:15:43,0,41.255917815920164,11.28025548237539,0.0009648176335083834,0.4611743620028324
2026-01-01 00:15:43,1,90.88793593693212,12.96113330336439,0.0009534507720671151,0.5263846950163684
2026-01-01 00:15:43,2,64.70160058611233,9.042214257519236,0.00019787588548890995,0.2625370590415333
2026-01-01 00:15:43,3,53.91608078049098,14.79886212996868,3.927117335635457e-05,0.47474312911843736
2026-01-01 00:15:44,0,42.375770066594725,13.335642337378388,0.00039788502594417715,0.34241465699739787
2026-01-01 00:15:44,1,34.29568125251575,12.837767209475523,0.0013430378434767768,0.14888439676587512
2026-01-01 00:15:44,2,14.011723216026304,10.841603340319358,0.0005878437287358187,0.15834671164155129
2026-01-01 00:15:44,3,12.974928400731185,9.996193739277606,0.00046299251277386944,0.2677196878601894
2026-01-01 00:15:45,0,33.75452917479495,12.829800695047815,0.0008004215915186366,0.45476587646563904
2026-01-01 00:15:45,1,23.9556679989845,11.98831087862904,6.345374278315594e-05,0.51840772671631
2026-01-01 00:15:45,2,38.078411280882115,15.047069515916842,0.00014637585649196605,0.2848038278546374
2026-01-01 00:15:45,3,27.829661816013342,17.675234495701524,0.0002350883755188777,0.5412927285918353
2026-01-01 00:15:46,0,75.1074138570033,10.122573408162145,0.0012873148027959431,0.25502608752756134
2026-01-01 00:15:46,1,25.520352358401546,10.371600406188414,0.00037713790943510306,0.08961780108521294
2026-01-01 00:15:46,2,28.126796075257264,9.01513976078996,0.0006506036607059578,0.399692067597696
2026-01-01 00:15:46,3,74.63721660535685,7.730703555460027,0.00113415726885429,0.15738914755892588
2026-01-01 00:15:47,0,13.171459009342703,8.393527189103139,0.0016049551446143434,0.12240365503924577
2026-01-01 00:15:47,1,17.79055577015412,14.563859195734935,0.00015892315634591858,0.5028528481513277
2026-01-01 00:15:47,2,10.47216908145276,8.67160254294437,0.0008907410588407515,0.09940001468263666
2026-01-01 00:15:47,3,40.3488247138256,13.244394726947064,0.0008922652305457002,0.33212732588741434
2026-01-01 00:15:48,0,13.057603433491833,11.758976678714003,0.0014321792258732253,0.1987092307054925
2026-01-01 00:15:48,1,7.855465747580218,10.179729274258834,0.00012547260930809671,0.06246448798706762
2026-01-01 00:15:48,2,64.41670467377571,19.438348189951718,0.0010028347992486828,0.6272692414801133
2026-01-01 00:15:48,3,29.144047073965144,11.506468557176118,0.0014117355006625025,0.23270688411890716
2026-01-01 00:15:49,0,40.32087895320748,4.754255814352864,0.000169579292904892,0.15639995838672166
2026-01-01 00:15:49,1,20.22664238672943,7.265965357234403,0.0012884768350937422,0.22038077743348325
2026-01-01 00:15:49,2,136.94538097156612,17.772868178049084,0.0001933554383253743,0.5962977694719079
2026-01-01 00:15:49,3,102.92873258239761,15.334221186450437,0.00016597357145065668,0.4257564097153189
2026-01-01 00:15:50,0,61.4172061224695,19.180048314098133,0.0008702261122104768,0.4358973722072833
2026-01-01 00:15:50,1,15.054416109445025,10.910411834861382,0.0001082707192912257,0.3663565271305874
2026-01-01 00:15:50,2,40.69742566500736,9.031951884996804,0.00022762392334406105,0.11402260764956162
2026-01-01 00:15:50,3,64.49460038110087,16.392006110137473,0.0001807414516130976,0.4525391759217584
2026-01-01 00:15:51,0,29.002963525063585,14.613815841284856,0.001055503506700449,0.5327597406547064
2026-01-01 00:15:51,1,23.731384942366656,13.400866513771541,0.0003987343631826291,0.20743749912799805
2026-01-01 00:15:51,2,32.726507102007815,13.43693903427426,0.0002551193864009368,0.36748190938390507
2026-01-01 00:15:51,3,30.279401969703123,5.599899625850081,0.00022697822194599033,0.13812432640327832
2026-01-01 00:15:52,0,27.172350561694348,7.742134405230911,0.000611386220202804,0.29130699857148384
2026-01-01 00:15:52,1,32.521170936622276,9.474205259978174,0.00032217273351749996,0.2220114340097384
2026-01-01 00:15:52,2,43.55981291352512,10.76555797784044,0.00013453290096970691,0.15080709256485453
2026-01-01 00:15:52,3,50.17895051417504,10.436286956788436,0.00035254912132376404,0.14838851200793704
2026-01-01 00:15:53,0,117.68478278912133,9.30477675867847,0.0010143291269890681,0.26907627471861895
2026-01-01 00:15:53,1,30.930522293523605,16.356909255156992,2.2424826357849896e-05,0.4293252412537835
2026-01-01 00:15:53,2,33.429501699971276,13.01958083835809,0.00034031528313077403,0.4063707264826138
2026-01-01 00:15:53,3,51.15758746762886,14.759402340642005,0.0014430005111673511,0.3847728549160899
2026-01-01 00:15:54,0,41.50496958978951,9.902305968265441,0.0009082858612757106,0.2311835481775691
2026-01-01 00:15:54,1,39.365904574673245,9.497020636945303,0.002196124466703457,0.4245629947270557
2026-01-01 00:15:54,2,66.05283235191654,13.222289111633309,0.0002871228744061763,0.07920851106600085
2026-01-01 00:15:54,3,58.75691231989929,10.109673014254813,0.000713189460619123,0.20415355947152275
2026-01-01 00:15:55,0,46.95739679110251,7.206820661314062,0.0001575458776137352,0.08391268208747414
2026-01-01 00:15:55,1,15.884736753480173,15.042093345219474,0.0007517960228098388,0.27031478046725155
2026-01-01 00:15:55,2,75.02056882043512,22.668837699873272,0.0003036932061204711,0.5883795613829726
2026-01-01 00:15:55,3,52.44875312272572,8.528814586681118,0.00014268772513775788,0.02
2026-01-01 00:15:56,0,8.331576513167205,10.233371717853716,0.0004978734433551918,0.07221402462286194
2026-01-01 00:15:56,1,42.92065879475098,12.906578418462303,0.000872883419325802,0.09979407258509262
2026-01-01 00:15:56,2,11.801468281616692,9.920783423493688,0.0025007944207031886,0.12465386055312436
2026-01-01 00:15:56,3,81.03948430659261,11.933278366959469,0.00013336257476122675,0.4724542765622682
2026-01-01 00:15:57,0,15.943380570910431,14.673497124776095,0.0024269976142126063,0.02
2026-01-01 00:15:57,1,59.17644083469338,10.362640954545483,0.00018153518467639506,0.2171410405440117
2026-01-01 00:15:57,2,30.85535983842717,11.576929475370651,0.00010437143403002227,0.21479105575628477
2026-01-01 00:15:57,3,14.207226994652588,9.230534710159217,9.799347858572186e-05,0.23081670357729087
2026-01-01 00:15:58,0,23.016975209441757,13.46706774237786,0.0017312489006988763,0.2951246959833722
2026-01-01 00:15:58,1,8.064066200826849,7.813129623998446,0.001827273577111479,0.0695195229250535
2026-01-01 00:15:58,2,16.40694197959671,10.377762882248586,0.0005773965751027238,0.23189858632882537
2026-01-01 00:15:58,3,19.76853887382054,13.133812979029331,0.00040566914891537737,0.39758519298942585
2026-01-01 00:15:59,0,40.739434835751496,9.693045643856253,0.0005721169102290833,0.1993652892122058
2026-01-01 00:15:59,1,55.84908190897966,16.629148512517208,0.0006787830730462355,0.20910747356237394
2026-01-01 00:15:59,2,104.14833344124762,8.744875359084574,0.00439651773507685,0.2198521293177238
2026-01-01 00:15:59,3,38.93992482809298,11.443250509511259,0.0006177137074972741,0.293731996543246
2026-01-01 00:16:00,0,19.13910726366201,10.134466006131822,9.058126151441595e-05,0.1517368463229076
2026-01-01 00:16:00,1,23.6782454257038,14.800924837667285,0.0009644699433969174,0.4351551427336809
2026-01-01 00:16:00,2,30.215772613371705,15.651952013354043,0.0007584578628844919,0.42517839925174455
2026-01-01 00:16:00,3,124.05953655941407,17.720985661432415,0.002136438514080445,0.3739550922168454
2026-01-01 00:16:01,0,16.312571439742655,12.00217818912997,0.0013010575301288117,0.476896557857043
2026-01-01 00:16:01,1,39.761133880122166,17.475352517735438,0.00016902106056746133,0.45002607145818063
2026-01-01 00:16:01,2,25.96524528167422,7.594919926068865,7.969313563585794e-05,0.22582349742448166
2026-01-01 00:16:01,3,34.38604182303761,12.790025808741376,0.0003787925044405161,0.46395036472751916
2026-01-01 00:16:02,0,36.33235132945362,13.944553304798955,0.0009592867614576687,0.18699048605361054
2026-01-01 00:16:02,1,62.459192816854575,12.85216801942771,0.001426296856716936,0.11936349419415257
2026-01-01 00:16:02,2,8.095127841101213,15.116801844347123,0.0023661595317886674,0.4082999196085806
2026-01-01 00:16:02,3,31.403013065027302,10.376164940181354,0.0014969151247548305,0.14648772396402443
2026-01-01 00:16:03,0,16.243293026424794,8.280935811108547,0.00016570151470847005,0.22912573166203454
2026-01-01 00:16:03,1,67.03860078913418,11.269610605436709,0.0029326030127928633,0.46058284915748954
2026-01-01 00:16:03,2,32.00033737766836,11.389987887331149,4.249919951790654e-05,0.1891092047723673
2026-01-01 00:16:03,3,72.72903968388346,10.629214139148043,0.00013514005643009913,0.3597955884511895
2026-01-01 00:16:04,0,55.15044441719952,8.715120753179928,0.001091863670124179,0.19373470659805409
2026-01-01 00:16:04,1,43.324036927288304,8.632688100986892,0.000491380279909675,0.39493884171102295
2026-01-01 00:16:04,2,21.49338426156831,8.975948824989395,0.0004534419684489974,0.1260508333297496
2026-01-01 00:16:04,3,93.79612363917074,17.645660569106017,0.0019612146700432416,0.22413215623745625
2026-01-01 00:16:05,0,22.19440917854367,11.467936386975772,8.392901523862627e-05,0.3983579406381496
2026-01-01 00:16:05,1,16.794514848894817,9.491415291887524,0.0025007697434279667,0.351593326711638
2026-01-01 00:16:05,2,26.098157623278784,10.651367947009648,6.692546475694465e-05,0.26870126277486156
2026-01-01 00:16:05,3,19.41138420143439,11.657966877445098,0.0005096050611130388,0.4251690911117597
2026-01-01 00:16:06,0,19.682102892914276,10.159595073766814,4.152404865643117e-05,0.2474264980185639
2026-01-01 00:16:06,1,38.99498374883305,11.714134934070774,6.944507378304319e-05,0.2894118498439852
2026-01-01 00:16:06,2,18.42493457199276,7.245204200953179,0.0006409981487315085,0.17889808697106382
2026-01-01 00:16:06,3,38.165630515613614,8.913693308695484,0.0015505991037628416,0.37518617318957276
2026-01-01 00:16:07,0,45.69144331975041,12.199758776269679,0.00013918447601214145,0.442050060346712
2026-01-01 00:16:07,1,56.41579229009073,12.704237389966183,0.0003780180916871512,0.35745027643921184
2026-01-01 00:16:07,2,43.372441012794404,16.40234219945375,0.00045106985146927916,0.6943695595989173
2026-01-01 00:16:07,3,64.2681921869791,7.925364040421318,0.0002721327422223741,0.1918783424623394
2026-01-01 00:16:08,0,105.53056968347316,10.400804762003725,0.000282609972388271,0.3295455471452502
2026-01-01 00:16:08,1,15.518138452324221,8.675369935054018,0.00025835716911112486,0.138822683460051
2026-01-01 00:16:08,2,26.956127574049653,10.656587947703542,0.0002448864577133419,0.12995286786863217
2026-01-01 00:16:08,3,51.17504054954901,18.62271696660471,0.00024645757414757026,0.5935895967679646
2026-01-01 00:16:09,0,32.28187242945016,12.771773898102706,0.0017533836078483173,0.13622650447642592
2026-01-01 00:16:09,1,84.97835169899696,19.804988609296803,0.0007821588877114416,0.23132652363083273
2026-01-01 00:16:09,2,56.46133120618402,9.254870246202325,0.00012343055461542604,0.319135715270648
2026-01-01 00:16:09,3,45.174898349338996,14.629719114357696,0.0009702878622175295,0.5754299683550042
2026-01-01 00:16:10,0,12.420621687253234,8.226360911918347,0.0004000062620792858,0.12510306084303444
2026-01-01 00:16:10,1,31.879383110671437,13.382993847301242,0.0012380573784357717,0.11842874130070391
2026-01-01 00:16:10,2,35.75357994853463,11.924850806003965,0.0012911104230673917,0.27425581582355263
2026-01-01 00:16:10,3,7.427350493752059,11.468373209551226,0.0024001852766017294,0.08648588122999827
2026-01-01 00:16:11,0,22.00815164738165,9.683220321365523,0.0001151999877637246,0.16991430738592012
2026-01-01 00:16:11,1,35.06140657490606,9.094820880683569,0.001250790996688849,0.3319620182903691
2026-01-01 00:16:11,2,52.16382512975264,11.966834910380921,0.0007944251823663818,0.4777415986137515
2026-01-01 00:16:11,3,19.133285386999805,14.167529496454954,3.2403674749269995e-05,0.02
2026-01-01 00:16:12,0,26.153927419857165,10.623430414799078,0.001631508399923892,0.44303314421235374
2026-01-01 00:16:12,1,9.737168983806454,10.839434618683649,0.00044628039148013365,0.049275378281248006
2026-01-01 00:16:12,2,23.274050187281283,6.747150622573757,0.0001978025296866627,0.17865205260156905
2026-01-01 00:16:12,3,26.00472963631876,11.292421537598837,0.0004408682494699096,0.4201928422113909
2026-01-01 00:16:13,0,33.6526582934093,8.82588923631957,0.00026398063599563775,0.380796468589567
2026-01-01 00:16:13,1,49.80746496073979,9.942986925800556,0.001565844440386797,0.3176886446173168
2026-01-01 00:16:13,2,51.5920704597031,9.4331281659538,0.0008559941435881709,0.19314170838996317
2026-01-01 00:16:13,3,23.20149011064358,18.818907075355938,0.00047538231583212797,0.6162814434117718
2026-01-01 00:16:14,0,55.98507965038406,14.959754682724332,0.00047975808347408826,0.21275580980767464
2026-01-01 00:16:14,1,42.53566244699983,8.956556164909768,0.0007668614366922808,0.1771361219491375
2026-01-01 00:16:14,2,15.938324176934344,7.213387227761775,0.0005569618623813983,0.09655039261265541
2026-01-01 00:16:14,3,13.922911587896598,9.48092766507019,7.860826877622807e-05,0.21200614658220607
2026-01-01 00:16:15,0,41.8877631838928,9.350261352224113,0.0010886528162640692,0.036009375707858
2026-01-01 00:16:15,1,161.92802274073932,14.819969495354869,0.0005845790305797895,0.4386493295846034
2026-01-01 00:16:15,2,15.028243401305673,8.142222333338285,8.617719673066035e-05,0.3312345430098711
2026-01-01 00:16:15,3,33.64456042514542,16.44401913076831,0.0017060447395121543,0.3307702874405166
2026-01-01 00:16:16,0,55.8252234498328,10.976633602031466,0.0009384322681070334,0.3870224042773728
2026-01-01 00:16:16,1,6.627804047465418,14.546041238647385,0.00013010354525337748,0.1187788075516062
2026-01-01 00:16:16,2,101.9041634747678,18.35938317255546,0.0018244833592313996,0.47973817927088325
2026-01-01 00:16:16,3,81.06777920487353,10.388112987713754,0.00019860493330973013,0.20927269470539714
2026-01-01 00:16:17,0,55.99735795617472,11.418942970215678,0.000473748495443447,0.3290245382259999
2026-01-01 00:16:17,1,65.58929531285784,17.54727138936797,3.617496565349284e-05,0.4759042787951548
2026-01-01 00:16:17,2,27.712145254022047,13.788928296706572,0.0001977148076019872,0.2586081712393015
2026-01-01 00:16:17,3,27.256203211975983,13.088409996651388,0.0020305693109061705,0.2407041491392749
2026-01-01 00:16:18,0,15.60236189443718,10.60463978779316,0.0001668560749374355,0.3821286460384965
2026-01-01 00:16:18,1,18.62356249987745,9.02902286219461,0.0009209858941624211,0.3086307598060381
2026-01-01 00:16:18,2,19.86868729856986,11.921885086275271,0.00043135646334672225,0.16801665726189874
2026-01-01 00:16:18,3,34.90456043352594,10.448122618149963,0.0011071480518350882,0.1974167203794973
2026-01-01 00:16:19,0,12.904367453882582,7.290955991156342,0.00038153484229231467,0.1785207407858321
2026-01-01 00:16:19,1,33.718999923797355,7.929349430713772,0.002634683820765355,0.260174591131323
2026-01-01 00:16:19,2,31.549564157528525,13.927479597598637,0.0013191347155197888,0.14147821170539274
2026-01-01 00:16:19,3,36.85907872135595,10.965899315861481,0.0029301476954327484,0.41575230318272083
2026-01-01 00:16:20,0,46.38041283989134,10.052131001343069,0.0004090793642454787,0.17797174560209897
2026-01-01 00:16:20,1,71.50623626277792,11.819337446097448,0.0007395456171373908,0.08653649880114277
2026-01-01 00:16:20,2,7.21238885272786,18.68494709928393,0.0010475180609973314,0.6326741744399342
2026-01-01 00:16:20,3,109.35285743871918,8.176175551259284,0.002534184984581892,0.065181979522593
2026-01-01 00:16:21,0,97.83646649513268,9.928023357953064,0.00012711657465860361,0.3058109762081075
2026-01-01 00:16:21,1,43.08404606447683,12.634032646208992,0.0002434362326355077,0.5297309532001522
2026-01-01 00:16:21,2,78.76026964577464,16.25149421865389,0.0006232511112138476,0.4378587424615957
2026-01-01 00:16:21,3,155.28900277654384,11.342479309551743,3.588328567507457e-05,0.3991880726715656
2026-01-01 00:16:22,0,137.71252060637678,9.072755047696853,0.000430767334440643,0.29322333740619955
2026-01-01 00:16:22,1,111.27721345416337,16.374099219503115,0.001890986704696998,0.5543604205955677
2026-01-01 00:16:22,2,52.038819672095464,12.004772494550751,0.00015350971329353925,0.4119671557960352
2026-01-01 00:16:22,3,15.770179187851125,8.060327696466642,0.0008974210488523414,0.10933871452228708
2026-01-01 00:16:23,0,9.184414861183596,10.043393535092273,8.179999362387584e-05,0.23193169866404637
2026-01-01 00:16:23,1,86.19537244074986,10.088643602971203,0.003426645721325975,0.2349387478689283
2026-01-01 00:16:23,2,43.35014444455941,13.418960595948231,0.00027597671070567323,0.3127381227144445
2026-01-01 00:16:23,3,44.01204132063702,18.44550678176324,0.0009350942220329209,0.6013562989037955
2026-01-01 00:16:24,0,21.63963317407901,11.167395445413373,0.00032450079205498765,0.21515606552597977
2026-01-01 00:16:24,1,111.59535822219381,11.305136630746263,0.0005410707749349504,0.3917332869343722
2026-01-01 00:16:24,2,50.924772482844546,14.131280134739301,0.00039937879649431943,0.09984330775563376
2026-01-01 00:16:24,3,17.11007669255336,13.039222598440332,0.0011999860234658888,0.1545628944166269
2026-01-01 00:16:25,0,31.632523619293625,16.688505949690544,0.0013427934315794227,0.5165363888952126
2026-01-01 00:16:25,1,21.368340280098117,10.765885370827174,0.000913155790209475,0.3397540777596585
2026-01-01 00:16:25,2,31.783290701330237,9.156691692406843,0.000923295076980252,0.17243788624542758
2026-01-01 00:16:25,3,16.36477369528034,17.431875205782063,0.00105647499539047,0.47043287267145956
2026-01-01 00:16:26,0,66.02120231808546,13.10852134667268,0.0007876372479459143,0.4022166744237627
2026-01-01 00:16:26,1,63.65789511726695,10.636457594341872,0.0008411389441163765,0.3768075404258258
2026-01-01 00:16:26,2,39.73722819334099,11.107666752611026,0.00037827889068655686,0.3777341490551273
2026-01-01 00:16:26,3,14.739246113261064,8.5824115324086,0.0006468153227742251,0.26286136146574324
2026-01-01 00:16:27,0,36.37442606112868,12.379137591495796,0.0011986695357903631,0.33447359616290157
2026-01-01 00:16:27,1,32.42111137913395,8.480337413896983,0.0016132415304090783,0.2592418098270907
2026-01-01 00:16:27,2,107.43074384550314,14.978993837478678,0.00024250493360566315,0.5324357496175136
2026-01-01 00:16:27,3,37.00819174635564,10.886827450020048,0.00018262764807051816,0.35006993307556167
2026-01-01 00:16:28,0,44.6353373962963,11.551230747287068,9.094853651314146e-05,0.325578157490685
2026-01-01 00:16:28,1,15.322127491168361,13.783198748263281,0.0002372394736519253,0.4428664887635916
2026-01-01 00:16:28,2,31.480762422866214,9.987713072106581,0.0021075737290049746,0.4239128767938702
2026-01-01 00:16:28,3,26.24744640773814,10.917023728063212,0.0006338727797908327,0.388920547094604
2026-01-01 00:16:29,0,23.650429439971205,10.924218349234245,0.0015491606248840693,0.3301694347755687
2026-01-01 00:16:29,1,40.668126902963685,10.049227972789017,0.0009864810039820083,0.12582412720342134
2026-01-01 00:16:29,2,49.145584264299366,10.92113395452339,0.0005100341688256871,0.3401460440705637
2026-01-01 00:16:29,3,102.43749811230377,10.512571473087078,0.00031303230300084006,0.32432593511904456
2026-01-01 00:16:30,0,7.47982142722524,11.044918964186927,0.0006505597030309893,0.329620863860894
2026-01-01 00:16:30,1,43.528360225728,9.796688786658164,0.00016740030661461264,0.12390875385337245
2026-01-01 00:16:30,2,149.48467389737075,14.589924757469262,9.238626291010038e-05,0.5010683298856454
2026-01-01 00:16:30,3,156.65866416847032,12.174333358076728,0.0020432995006371573,0.3450102310972715
2026-01-01 00:16:31,0,12.48447182005346,7.167626707802621,0.0016080484986477836,0.09207152298036295
2026-01-01 00:16:31,1,47.28589345995083,11.111645559898864,0.0002310887803383262,0.2984009441107124
2026-01-01 00:16:31,2,51.5664786439889,13.178487571594045,0.0002155360614978241,0.5039602986514439
2026-01-01 00:16:31,3,95.69629464609362,15.374008650757627,0.0002036620404646295,0.479409278465588
2026-01-01 00:16:32,0,22.1806221784022,13.976465943211412,0.0004367243166740463,0.47139166037432706
2026-01-01 00:16:32,1,68.96412711138412,12.961822918934786,0.0012068252236081972,0.241578355640851
2026-01-01 00:16:32,2,42.82472918414559,12.76279189478237,0.00027012117463049573,0.40124620931241267
2026-01-01 00:16:32,3,15.347360095659564,13.436265695609846,3.447646387912836e-05,0.4935872838650737
2026-01-01 00:16:33,0,209.32557443123451,12.344888426325033,0.0004071930393480146,0.09364518683202472
2026-01-01 00:16:33,1,43.241388878793934,12.551218304472313,0.0002764967074496672,0.2979361997662327
2026-01-01 00:16:33,2,26.212281696469155,12.151078158457981,9.62398655974546e-05,0.22165207672479584
2026-01-01 00:16:33,3,40.21657419309958,12.963284350739489,9.900357987024075e-05,0.2691423052647048
2026-01-01 00:16:34,0,17.95625031343133,8.396999548289054,0.0004689264907452269,0.2577281646124805
2026-01-01 00:16:34,1,10.604464630795878,10.653135176604096,0.0007711204674962415,0.311645059062307
2026-01-01 00:16:34,2,49.34842008959156,12.506026870719843,0.0006803582096900862,0.48625695774260463
2026-01-01 00:16:34,3,18.455788225776484,11.078694000891815,0.00016764428092977916,0.586335661565163
2026-01-01 00:16:35,0,31.342072768704096,7.433315982065644,0.00010913739632271433,0.054042064174455666
2026-01-01 00:16:35,1,154.94885635606897,9.969967755943845,0.00010244476149572864,0.30033315053876153
2026-01-01 00:16:35,2,21.85254271694401,11.251951736287268,0.0007785763717835123,0.2052057144894053
2026-01-01 00:16:35,3,44.34375209785886,9.00249099271669,6.579257274433095e-05,0.13563927098811718
2026-01-01 00:16:36,0,15.012498595163196,12.029924812811235,0.0005813133412084712,0.04950068281470726
2026-01-01 00:16:36,1,30.01365910567821,21.887349140893853,0.0002447685029311976,0.536393194181654
2026-01-01 00:16:36,2,16.02445663552913,12.195581444235822,0.0003083598820813129,0.3308639260249566
2026-01-01 00:16:36,3,26.99624587742981,8.304439954750638,0.0003561409869887341,0.36482957085455286
2026-01-01 00:16:37,0,10.644831467472663,14.1184566469068,0.00024059574189922098,0.2091034234669744
2026-01-01 00:16:37,1,41.176447549826406,12.431064134239909,0.00010663838547837346,0.33402593220481636
2026-01-01 00:16:37,2,44.548406270703744,10.894078375090709,0.00014708208900879912,0.2979283439093937
2026-01-01 00:16:37,3,21.14002939180288,12.390811505306111,0.0007284090593007062,0.38999023083639484
2026-01-01 00:16:38,0,35.746645347164595,11.150569734284886,4.806864571320791e-05,0.3180478737391949
2026-01-01 00:16:38,1,22.96377945267525,11.419013838669153,0.005853616773416039,0.3191973385422296
2026-01-01 00:16:38,2,33.74804560900771,11.679143565556059,2.4764450549616504e-05,0.47420495735800694
2026-01-01 00:16:38,3,142.94655032283933,9.313160228229133,0.0005187909679425363,0.3569596494223278
2026-01-01 00:16:39,0,23.277329097586186,9.218643680137658,0.0013694487316666328,0.15017100527372976
2026-01-01 00:16:39,1,16.456944654461687,10.931137279295948,0.0005378337604328841,0.275811056733494
2026-01-01 00:16:39,2,53.941343453731356,17.43103312862354,0.00022693159433311214,0.5392445850299131
2026-01-01 00:16:39,3,107.54573311981983,20.60039786313451,0.00012465815607734862,0.4365749418625396
2026-01-01 00:16:40,0,26.817653108919632,10.00894170621979,0.005261076686214427,0.12710533804698348
2026-01-01 00:16:40,1,78.08911550345587,8.66276228329603,0.0012567512500093621,0.17927966070873744
2026-01-01 00:16:40,2,31.06601421407418,9.072419591848542,0.000822803526925672,0.3015157364811475
2026-01-01 00:16:40,3,8.853234105921647,14.34794500635325,0.0007676821160357857,0.5041806613313293
2026-01-01 00:16:41,0,66.1110915417278,9.258410609871223,0.00019846167472687727,0.20815720322568323
2026-01-01 00:16:41,1,131.110731167151,6.1928870770786775,0.00015081527000716788,0.24657425267548636
2026-01-01 00:16:41,2,41.09410001953475,8.558878475292236,0.0006548026636023357,0.22830416759303
2026-01-01 00:16:41,3,18.287877014050714,11.6470120692606,1.2195020817952579e-05,0.4248426846222918
2026-01-01 00:16:42,0,17.652344014980844,13.618865467900154,0.0005147857344699806,0.2590980823110414
2026-01-01 00:16:42,1,165.8832113569118,13.06678481082837,9.175215192692869e-05,0.4892971032360252
2026-01-01 00:16:42,2,34.87093191611024,13.723243797496266,0.0007339903613922948,0.5370740926513842
2026-01-01 00:16:42,3,7.703578876224387,9.272082540060273,0.0010342707935708476,0.10475738894066818
2026-01-01 00:16:43,0,34.06964400496102,10.741554860028382,0.0001888100134651709,0.16564496394498948
2026-01-01 00:16:43,1,44.19198288057033,12.118270561396333,0.00016013430122738305,0.49750058475255027
2026-01-01 00:16:43,2,44.52360578733705,10.556566608598372,0.0020459710548917753,0.3394282485323762
2026-01-01 00:16:43,3,91.96875964025291,16.919982271308996,0.0004525145204840783,0.44247336810646076
2026-01-01 00:16:44,0,112.93090341214159,12.579338142708487,0.0027794937076034503,0.21893658056125537
2026-01-01 00:16:44,1,74.19515948360826,8.146064022872764,0.0002093093482492632,0.10000406826954426
2026-01-01 00:16:44,2,50.68377558662829,10.256218495701793,0.0007988489989869348,0.27114191312249986
2026-01-01 00:16:44,3,85.84395950163963,8.644250571546829,0.0013081648399190608,0.12879448181075903
2026-01-01 00:16:45,0,17.6396071084499,9.810625938885913,0.0006144443962465934,0.3061459605728926
2026-01-01 00:16:45,1,82.61382983001887,13.409792910638652,9.117156107807297e-05,0.40206406422659524
2026-01-01 00:16:45,2,84.89269996192994,9.09484767993655,0.00022933244370121244,0.2717650271669295
2026-01-01 00:16:45,3,38.57099781847449,12.329358134212313,0.00044243008473023883,0.39197683266855987
2026-01-01 00:16:46,0,18.761784233155254,16.13758436008461,0.0005020833130643224,0.2897937580155091
2026-01-01 00:16:46,1,35.103231276815826,12.219110018061217,0.0006438420285197048,0.46672196420187884
2026-01-01 00:16:46,2,13.160037345413597,22.287192630258104,0.00020606628879139951,0.2651242617186767
2026-01-01 00:16:46,3,7.96232930240382,10.533694088911504,0.001182860457195957,0.3557105350633827
2026-01-01 00:16:47,0,15.61525428861233,7.156899477208324,0.0006714221766674653,0.1382094751927775
2026-01-01 00:16:47,1,40.57796944915955,18.505977932637926,0.0019834819853112528,0.2202229880625781
2026-01-01 00:16:47,2,104.58080525732525,14.174342092115229,0.0002576458429026147,0.41364797267538456
2026-01-01 00:16:47,3,23.4769134888562,9.632993140972207,0.0012163453748987316,0.3858515568231201
2026-01-01 00:16:48,0,24.93579373134488,9.460678352885731,0.001962848213412148,0.2116049173158142
2026-01-01 00:16:48,1,11.568414326858411,20.97161108481386,0.0001773798419923378,0.453224191450492
2026-01-01 00:16:48,2,70.53758724828181,10.111261810203011,0.0012950908796208903,0.3766079965943369
2026-01-01 00:16:48,3,20.84901188283045,12.24385803874291,0.0023040275649507565,0.45617094257334106
2026-01-01 00:16:49,0,44.87117971948832,9.779287682441208,0.0001476480046852588,0.32960999888151804
2026-01-01 00:16:49,1,17.70968028728515,10.713576549837395,0.0004648396675831044,0.4357684919774577
2026-01-01 00:16:49,2,12.705918346986422,7.517158912070914,0.00027076941189308666,0.17341040930904844
2026-01-01 00:16:49,3,52.416794389395136,13.88380881344313,0.004834095538364224,0.3095271267190355
2026-01-01 00:16:50,0,14.452234726177856,8.072104018928584,0.0010734518684661122,0.28824609970691695
2026-01-01 00:16:50,1,29.06341875278227,13.180430183831788,0.00022710921118247285,0.3222728097330001
2026-01-01 00:16:50,2,35.03247770202614,12.878914059608828,0.000638952438188578,0.4376898698263302
2026-01-01 00:16:50,3,50.0161927167241,9.08086532945148,0.0005304443650873288,0.035706276202713175
2026-01-01 00:16:51,0,13.960534747476755,10.119649105238011,0.0001841862886010914,0.09605696369289697
2026-01-01 00:16:51,1,9.942587247227353,11.718580060525412,0.002258579484341144,0.24862874821887027
2026-01-01 00:16:51,2,16.14745830385369,11.079525993417237,0.0009344119385948622,0.15422730743070837
2026-01-01 00:16:51,3,61.749250684131866,10.857707479092578,0.00013305381501115657,0.13713755294041358
2026-01-01 00:16:52,0,12.56991075058186,10.156932387825622,0.00011151887798682806,0.24455140145503684
2026-01-01 00:16:52,1,45.3127934825336,11.517018865930272,0.00012346077102205562,0.2726442640439941
2026-01-01 00:16:52,2,35.1582289383874,11.424675208100231,0.0014142728855795854,0.4279129715278279
2026-01-01 00:16:52,3,84.21572932287046,10.878712567506227,0.0001475605487671807,0.38446167878282644
2026-01-01 00:16:53,0,19.939397531207863,11.690229455905527,0.0005463696286291024,0.27619936114475857
2026-01-01 00:16:53,1,15.25905892787049,11.19344436704144,0.0006793857428476235,0.4060926994916649
2026-01-01 00:16:53,2,13.709028244010588,11.419946875269023,0.0004671237854987313,0.33412605700852605
2026-01-01 00:16:53,3,27.948281206299658,8.264742198149236,0.0003033924353522688,0.23863940057464378
2026-01-01 00:16:54,0,44.43864302295922,13.8771008821844,0.0006694327420053742,0.3739366734619308
2026-01-01 00:16:54,1,22.088318880725286,10.920187419461541,0.00016473298935803946,0.11077021453843615
2026-01-01 00:16:54,2,25.8209162957295,9.815803749390353,1.6145619914513966e-06,0.29253328331694134
2026-01-01 00:16:54,3,32.33679463654459,9.807166201902989,0.0002681567899290133,0.2171304735552843
2026-01-01 00:16:55,0,13.929502763073348,10.00430782869423,0.0005816827556718032,0.13042337570958634
2026-01-01 00:16:55,1,29.943450280524278,9.947287697608665,0.0007781935663985824,0.19058916740290202
2026-01-01 00:16:55,2,26.384290101369103,8.27530734741251,0.0014585322817278925,0.09891430515012092
2026-01-01 00:16:55,3,20.804033130762658,11.89723716090442,0.001228529735834278,0.5544447694030714
2026-01-01 00:16:56,0,33.851440595506546,8.779237780219354,0.0020981701568861593,0.1755452318741252
2026-01-01 00:16:56,1,35.65871635423071,10.82102799610301,0.00021735373188483541,0.3276577533329651
2026-01-01 00:16:56,2,34.81615171911256,11.264091208583475,0.0006070920711209839,0.3958947978110713
2026-01-01 00:16:56,3,39.727149192429714,5.687437693082917,0.0007054313074827383,0.050782397971661924
2026-01-01 00:16:57,0,34.207730628805805,8.878949382501226,0.003855241302843554,0.45096724038006863
2026-01-01 00:16:57,1,16.97172439232905,6.72333247311913,0.00037667167776941473,0.17905567228914512
2026-01-01 00:16:57,2,6.614623903883701,9.035634829046927,0.00016522241570702653,0.1799561270669932
2026-01-01 00:16:57,3,53.035662983779396,15.644127111253297,9.21422190561123e-05,0.3540172840475307
2026-01-01 00:16:58,0,11.142358381793759,13.748080802044491,0.000404571999191196,0.04834679924338292
2026-01-01 00:16:58,1,42.0784201228117,10.059499708019512,0.0007993670769600064,0.24477618587948435
2026-01-01 00:16:58,2,28.547474687935928,7.649602389826774,0.00032993276759664435,0.19043581836393617
2026-01-01 00:16:58,3,127.63856513171096,9.007793202214883,0.0007026052220382471,0.27225324731840705
2026-01-01 00:16:59,0,30.858243500641873,8.334021019207167,0.0008546858344889711,0.2525547646180517
2026-01-01 00:16:59,1,41.70936537982991,11.921273699530424,3.4039498723186864e-05,0.42106934701680643
2026-01-01 00:16:59,2,51.707366475019455,19.255328878433993,0.001506745525116732,0.6243776782423521
2026-01-01 00:16:59,3,42.90850734681482,12.751643337004964,0.000991831119714628,0.4969577479376227
2026-01-01 00:17:00,0,23.71153712093201,14.37620059872843,5.109289079371104e-05,0.27598688803136334
2026-01-01 00:17:00,1,40.18602938150711,12.07119526586645,3.981349407127949e-05,0.4784378230932627
2026-01-01 00:17:00,2,76.87406674880005,18.11851605811988,0.0003010573626413157,0.5345810984132644
2026-01-01 00:17:00,3,63.535599851166054,12.026695604659325,0.0004004367212339284,0.38096944558195217
2026-01-01 00:17:01,0,14.987704767158053,7.796065946966914,0.0009042985334657486,0.06765015015349475
2026-01-01 00:17:01,1,17.635040852185355,6.485359205431833,3.995574928760584e-05,0.09033537385326906
2026-01-01 00:17:01,2,27.986626543232916,12.415368042925316,0.0020521741532463366,0.27327610694288673
2026-01-01 00:17:01,3,39.62042136214724,8.841135511835056,0.000208915929493614,0.38526296656667247
2026-01-01 00:17:02,0,11.255274091550305,9.017570243261751,0.0005168391886361426,0.13636012144198872
2026-01-01 00:17:02,1,17.291020420672673,10.092116785527462,0.00029038280048266783,0.11818108584566349
2026-01-01 00:17:02,2,50.05397995268009,15.635090907303447,0.000539258912976919,0.5041001916149286
2026-01-01 00:17:02,3,46.389678625492046,13.160097200047117,0.0009320412293437829,0.4134630053834606
2026-01-01 00:17:03,0,26.211933163823776,9.194766761395494,0.00023857510747203882,0.3037022183564379
2026-01-01 00:17:03,1,46.344796559087705,8.279082982098265,7.451720854396604e-05,0.2603215766642369
2026-01-01 00:17:03,2,47.698923257061864,10.193529266538373,0.0016194613544135246,0.2388743680745154
2026-01-01 00:17:03,3,127.33231795617507,15.093251375304042,9.163932509150464e-05,0.5169692338640232
2026-01-01 00:17:04,0,28.809551152541882,12.967187001184724,0.00010801200097643998,0.3547322712624863
2026-01-01 00:17:04,1,18.63200972191776,8.51943089319705,0.00020354102150509936,0.28578245189422435
2026-01-01 00:17:04,2,11.884996398038526,11.441229491136816,4.060724408220306e-05,0.4453460397289354
2026-01-01 00:17:04,3,55.113151660547736,12.706598766359228,0.00013461360905392929,0.22382027248336367
2026-01-01 00:17:05,0,16.478263592524524,11.520573015660004,0.002212547299155835,0.32638992378147974
2026-01-01 00:17:05,1,38.30515896191651,10.450770221260024,0.0004655705608679141,0.20885118092012095
2026-01-01 00:17:05,2,37.56434841364141,16.889114383971982,0.0007881099953120879,0.3360414204975709
2026-01-01 00:17:05,3,102.43923661151368,18.717744331616128,0.00016931744308905125,0.6880345707325897
2026-01-01 00:17:06,0,17.89689037171443,19.70329307592148,0.00042483859786663427,0.23465632448774393
2026-01-01 00:17:06,1,41.57008225749757,8.805256691981883,0.0003021353916324976,0.2082705225511048
2026-01-01 00:17:06,2,19.14786672755134,11.956440952249377,0.0005119782701294639,0.4881634188424032
2026-01-01 00:17:06,3,44.64859013749617,28.809924375608535,0.0026540035541299627,0.6411434652700868
2026-01-01 00:17:07,0,74.69705604657676,9.205331198175209,0.0007684361665401447,0.26226835717488217
2026-01-01 00:17:07,1,50.35743323718694,5.70788860616539,0.0009121376420755208,0.2590952564292219
2026-01-01 00:17:07,2,11.466441514474761,9.667094671749515,0.00015976279796336534,0.3580324640880881
2026-01-01 00:17:07,3,42.462374496432204,12.79885704521171,0.000829108403152109,0.22257219664805533
2026-01-01 00:17:08,0,50.2307841104941,9.281086240981248,0.0002983660031035809,0.26357258784724924
2026-01-01 00:17:08,1,33.21533878157776,12.956012458215756,0.0003671293266029821,0.3148907274436174
2026-01-01 00:17:08,2,66.26939545414345,8.715913106380667,0.0027610299889628096,0.08709878645934074
2026-01-01 00:17:08,3,35.102632354295224,21.330637243121895,0.0009662498894486358,0.6721503917349472
2026-01-01 00:17:09,0,118.87513447445379,11.3821367541098,0.0006240953555731878,0.23364153706594745
2026-01-01 00:17:09,1,12.968938791672956,9.870918428832574,0.00020217868533078904,0.06287788171360609
2026-01-01 00:17:09,2,12.827942228493464,9.82989536882188,0.000407951064695209,0.11723487078444537
2026-01-01 00:17:09,3,21.10320764159747,12.243758692022507,0.0012543247252518744,0.2871743631303565
2026-01-01 00:17:10,0,70.4395752633355,9.946768980237529,8.119495241784749e-05,0.18238392362919303
2026-01-01 00:17:10,1,54.04013814387217,5.829230538504842,0.0010215142580249064,0.317685393829554
2026-01-01 00:17:10,2,19.99714056289267,15.130298176556725,0.0004449352242654854,0.5199408932046639
2026-01-01 00:17:10,3,42.33978926704625,11.218790929392433,0.0016432911812216784,0.21616750365604884
2026-01-01 00:17:11,0,30.152286067537357,18.98522955995238,0.0012344799622887289,0.32423670467429533
2026-01-01 00:17:11,1,13.85607502282978,16.135950296406207,0.0012977046951088988,0.2689227517933987
2026-01-01 00:17:11,2,131.66884832122958,11.281889090546048,0.0007467341988947287,0.4259509847780116
2026-01-01 00:17:11,3,31.821983996598252,14.323120310241503,0.001475249736764762,0.30174569824296643
2026-01-01 00:17:12,0,18.034163428338946,10.749247287446392,0.0007544497833199421,0.4084460035917915
2026-01-01 00:17:12,1,42.79756557400753,14.560953960281738,0.00021330509409192515,0.27724873020077734
2026-01-01 00:17:12,2,85.64699901094973,20.812693979307596,0.00037502287387154005,0.4166287156523773
2026-01-01 00:17:12,3,19.328117273102624,10.91273311972528,0.00032557995926469686,0.446533843394381
2026-01-01 00:17:13,0,62.36077718424207,8.6632019990066,0.00044639657002890304,0.22599232580429196
2026-01-01 00:17:13,1,48.67892552859992,11.823267670906246,0.00016838750330649271,0.2328280722382906
2026-01-01 00:17:13,2,15.43013567331331,12.24612517910803,0.000706777554062486,0.2669963696321613
2026-01-01 00:17:13,3,8.725673233051934,17.006936696936066,8.379646618587682e-05,0.5724197723852794
2026-01-01 00:17:14,0,40.174344784524074,8.291349349270419,0.00012409811698852025,0.1410476055592802
2026-01-01 00:17:14,1,28.628080684077243,9.60963144118396,0.002487390869121494,0.02
2026-01-01 00:17:14,2,18.007622066376445,22.35443626960856,3.446471891317262e-05,0.15037473702803777
2026-01-01 00:17:14,3,16.051015032841104,9.70242312664972,0.00029261421796013075,0.13539486098848896
2026-01-01 00:17:15,0,55.01027096982805,11.174770360797968,0.0006713667856764817,0.1897554169556921
2026-01-01 00:17:15,1,19.989589149428724,15.79127419084714,0.0002768444521114175,0.30489881124806667
2026-01-01 00:17:15,2,32.62997510611467,12.333920745232634,0.0001844882160959287,0.4067421152293265
2026-01-01 00:17:15,3,217.30393429811537,18.363261443750865,5.169596040791972e-05,0.6473346093637145
2026-01-01 00:17:16,0,40.01468209494986,15.212028312831517,0.0004218517314345827,0.44720479763144944
2026-01-01 00:17:16,1,25.77681529485663,8.869426362551225,0.00024677707199306017,0.10715054701532772
2026-01-01 00:17:16,2,35.610488246247876,11.694208916062152,0.0003087398150496612,0.26726079196505453
2026-01-01 00:17:16,3,26.778798034456365,7.888413143525673,0.0004163480744730695,0.31447387345947275
2026-01-01 00:17:17,0,37.95485873353709,13.305636307787896,3.563645588411296e-05,0.2148073519894991
2026-01-01 00:17:17,1,58.99137754310998,11.198296053062766,3.8825119129474455e-05,0.45089365141456156
2026-01-01 00:17:17,2,13.847856673851116,10.376270674192671,0.0012108999758858202,0.24247157541467154
2026-01-01 00:17:17,3,39.79562156509097,8.771042049949582,0.0013082987301957086,0.3027775719493939
2026-01-01 00:17:18,0,43.836130369363524,11.106271728976118,0.0008524667690075554,0.1516947728993695
2026-01-01 00:17:18,1,24.21729877461159,9.848896108926388,0.00022881694822178523,0.33799559156392545
2026-01-01 00:17:18,2,30.91936324628636,10.589861216518349,0.00030945611687307995,0.2921675030373722
2026-01-01 00:17:18,3,47.03364585392355,8.696675733252905,0.0003492581318954546,0.3473344341196833
2026-01-01 00:17:19,0,43.55621979643921,13.063094864089454,0.00019344535775804987,0.24929444779197757
2026-01-01 00:17:19,1,61.55645628495031,12.38125107172296,0.0016516672660040893,0.3039440184104616
2026-01-01 00:17:19,2,71.69395068206343,11.160988269386673,0.0006666045838570467,0.47209639186121916
2026-01-01 00:17:19,3,13.453516280209788,8.008577744791888,0.000753920556647197,0.19388092789715164
2026-01-01 00:17:20,0,39.11360917847291,10.14159089884653,0.00014348538417174438,0.2148642422827053
2026-01-01 00:17:20,1,64.85004610064941,9.600372740208629,0.0007306135870892104,0.23182823782023815
2026-01-01 00:17:20,2,71.58099219958687,13.80816812130606,0.000988460701038936,0.4826571929456689
2026-01-01 00:17:20,3,19.41685240316321,10.205983900819925,0.0007991507942525985,0.2863926150108738
2026-01-01 00:17:21,0,12.165404373223476,9.930713043744936,7.849617547714177e-05,0.16622769767326478
2026-01-01 00:17:21,1,69.78548598358533,13.389860786785455,0.0008388382087162745,0.30700862680898583
2026-01-01 00:17:21,2,141.4757969648761,6.9101870869221855,0.00045116894607063725,0.27638042311032285
2026-01-01 00:17:21,3,112.87569271163254,5.813083335977274,0.0014437256154961062,0.3472168977842522
2026-01-01 00:17:22,0,32.435559599571945,5.204746369280295,0.00015974181844742412,0.11704838082701788
2026-01-01 00:17:22,1,132.46461529381693,13.560662282006927,0.0012443392287447555,0.5668964220221104
2026-01-01 00:17:22,2,18.611698208694776,8.443007821960204,0.0004661921177566986,0.2587580880537054
2026-01-01 00:17:22,3,24.394986724882134,12.579129802237603,0.00011517570773639463,0.4802813046303854
2026-01-01 00:17:23,0,38.05163766603826,10.034872962117417,0.002290462383004248,0.3184270503381637
2026-01-01 00:17:23,1,21.66338446151394,9.110097011943672,0.00331739345585985,0.283396418410652
2026-01-01 00:17:23,2,103.95084073759232,18.00828576635803,5.4609001311435274e-06,0.6333023981161902
2026-01-01 00:17:23,3,31.39453872029616,14.358949032237083,0.0021551991399671585,0.22051137487310166
2026-01-01 00:17:24,0,97.70730930979073,7.976126556240123,0.0005234726628143678,0.3119816579614371
2026-01-01 00:17:24,1,20.245743395657485,10.51558468835741,0.00031822170085202267,0.25315536725162535
2026-01-01 00:17:24,2,10.519745977610187,11.862136858481314,0.0004482079852144021,0.29906276232077855
2026-01-01 00:17:24,3,25.266712067037115,13.014161650625592,0.0009359932816802218,0.27756777475521294
2026-01-01 00:17:25,0,47.11966590912747,12.048383560866585,0.004464454055646047,0.18666056526337782
2026-01-01 00:17:25,1,31.605354691283058,10.098885412782407,0.0019126192150979205,0.2396796514737774
2026-01-01 00:17:25,2,16.008808431609207,16.16489448623612,0.0012872134733367137,0.41045534050905164
2026-01-01 00:17:25,3,43.40305130868307,10.313458015823851,0.0004911311395379608,0.45736216116450346
2026-01-01 00:17:26,0,33.83303130968379,13.739330360242493,8.073050381839756e-06,0.4285680984186955
2026-01-01 00:17:26,1,113.16088161404141,10.6187934058826,4.272561968657598e-05,0.32545272250190843
2026-01-01 00:17:26,2,24.734019956059797,6.515540698118234,0.00020502107601718468,0.09918086362113412
2026-01-01 00:17:26,3,49.196912834487016,18.019400103692604,9.187222393756321e-05,0.3848261461462003
2026-01-01 00:17:27,0,9.777498141400235,6.6130385903100635,0.0006758150861630817,0.11576291247349206
2026-01-01 00:17:27,1,36.50597158830076,7.266664524356569,0.0001976329395023838,0.3082224775018469
2026-01-01 00:17:27,2,12.620434383417466,15.404463834603165,0.00024451497734970506,0.5006467785237421
2026-01-01 00:17:27,3,59.880453734134036,12.238097003678165,0.00029400897117761983,0.3047545088883565
2026-01-01 00:17:28,0,45.50133849415571,9.175989501855605,0.00012114013091167398,0.2227487465655336
2026-01-01 00:17:28,1,8.426293234458917,7.869598711210012,0.0006900258637652147,0.09195416770221021
2026-01-01 00:17:28,2,11.917484008566085,8.950082486893013,0.0010027800062271833,0.1594498771472947
2026-01-01 00:17:28,3,11.873958709297469,9.92502215143026,0.0015260523034860227,0.12411170301217066
2026-01-01 00:17:29,0,56.606787634918305,13.577156876642254,0.00039785044998529,0.5252857172354474
2026-01-01 00:17:29,1,29.782385343405863,11.935952931568814,0.00045329396430605846,0.23125623348037408
2026-01-01 00:17:29,2,130.73011271035668,10.72687828168141,0.00010131948248374783,0.19359823163109513
2026-01-01 00:17:29,3,128.66467457189822,11.318592112683135,0.00044374482356227354,0.24619948769186384
2026-01-01 00:17:30,0,54.71600667158154,12.61142230925696,0.0007412137261736444,0.23078427273218896
2026-01-01 00:17:30,1,26.875173547157505,15.395964516756644,0.0012142876542286783,0.5710176936872559
2026-01-01 00:17:30,2,64.57986754768675,11.211187252964965,0.0002555157149102918,0.0888041298503202
2026-01-01 00:17:30,3,9.692559023649864,10.805123494840545,0.0006604833191985597,0.02
2026-01-01 00:17:31,0,63.95621030395574,5.750314453451794,0.001714073058546194,0.28684045708951517
2026-01-01 00:17:31,1,19.26887223072123,11.863249952166068,0.0010308993314795563,0.3128078499871848
2026-01-01 00:17:31,2,50.39421608930163,9.875906166922153,0.0008109337123774717,0.0487018292705773
2026-01-01 00:17:31,3,21.29281898115397,13.470042458094099,0.0004219781756461926,0.4733801683820025
2026-01-01 00:17:32,0,16.654355779704236,9.496874296594267,6.52193866886114e-05,0.09662278368621097
2026-01-01 00:17:32,1,86.85379928909012,10.314920475113487,0.0003692294757688639,0.4287598325817306
2026-01-01 00:17:32,2,15.347046172775157,11.471458758108286,0.0003487736459751061,0.16600090356990563
2026-01-01 00:17:32,3,56.01145106248546,19.066302327875917,3.3067914412997247e-06,0.4003027841799558
2026-01-01 00:17:33,0,28.178687047454584,8.096307314372952,0.0010657028433271854,0.100181665828229
2026-01-01 00:17:33,1,94.19634740556585,15.867405874868876,0.00018798637203298253,0.3962695284141535
2026-01-01 00:17:33,2,65.28771714257228,12.355117001032804,0.0010064063741343145,0.39802286107983365
2026-01-01 00:17:33,3,22.495520398252008,14.321430871650668,0.0004894135340175858,0.3576510373795728
2026-01-01 00:17:34,0,13.735767616425845,7.7277003729080915,0.0008862194786836043,0.22492938194078407
2026-01-01 00:17:34,1,24.229453239333612,10.868801429295736,0.0004921803027586486,0.41914512671334364
2026-01-01 00:17:34,2,28.65988931575051,13.99393371487054,0.0012858561980236835,0.5200811261362586
2026-01-01 00:17:34,3,11.075828634152439,9.894362550738736,6.000595308006874e-05,0.24198143399168
2026-01-01 00:17:35,0,29.02158322818397,9.612047428508777,9.338527560670326e-05,0.15839468346790558
2026-01-01 00:17:35,1,12.823419341249036,8.128445700998885,0.00016919631249453812,0.1460495638386223
2026-01-01 00:17:35,2,10.720076404451687,13.544192443178893,0.001491634871912725,0.34595062732931203
2026-01-01 00:17:35,3,18.991181303263698,15.120006773447333,0.0009676239705653596,0.3257189473748777
2026-01-01 00:17:36,0,9.912903663206556,7.059879626817114,0.0012605061481558866,0.1513449918410949
2026-01-01 00:17:36,1,88.89518413920311,10.498470478888368,2.6843316844278902e-05,0.35349416439802606
2026-01-01 00:17:36,2,14.964823998334268,10.83155542128711,0.001617618399355329,0.3029723773050322
2026-01-01 00:17:36,3,38.34810117492522,26.662561309075848,0.00015209647000577733,0.7376907100670292
2026-01-01 00:17:37,0,8.910776591290476,11.493690266594543,0.000843731613339648,0.40769137516563636
2026-01-01 00:17:37,1,43.851686641720356,12.910857132117979,0.0009784605270513212,0.17773498528009582
2026-01-01 00:17:37,2,58.04317149620115,9.466819747980852,0.00013735639040723615,0.32061630526693136
2026-01-01 00:17:37,3,30.828189116084417,12.60870490180711,0.0019636676043181846,0.4253754232828811
2026-01-01 00:17:38,0,16.324729441885093,9.871847239257793,0.0010932551446114598,0.428761992822779
2026-01-01 00:17:38,1,23.642653969839678,10.031079784620283,0.002156165416945807,0.026047804181125685
2026-01-01 00:17:38,2,127.02989407124446,14.528022049366022,0.0003379466106687943,0.5636206955247495
2026-01-01 00:17:38,3,29.01202062420448,8.52642943690802,0.0005155546517642052,0.12545151228984508
2026-01-01 00:17:39,0,49.262745913696676,8.428518134909137,0.0029544765382249743,0.3905177121182659
2026-01-01 00:17:39,1,15.403747595925893,11.200683110132855,0.0005395483605637334,0.30226578903895457
2026-01-01 00:17:39,2,43.90541347735118,10.493552732745034,0.0020796107637369972,0.2937773688842182
2026-01-01 00:17:39,3,57.998827402696854,15.339772133390355,0.0003844948236947702,0.34364421564934733
2026-01-01 00:17:40,0,44.29883696634436,8.276646057476814,0.0006056548235720978,0.02
2026-01-01 00:17:40,1,99.85219459500014,11.654728706816424,0.0013086405502741789,0.3113702322024278
2026-01-01 00:17:40,2,39.75330159547228,7.737773153864788,0.001421242660054549,0.1380050943395834
2026-01-01 00:17:40,3,20.179297760284378,10.84345054351795,0.00020302531499907805,0.13757077314517588
2026-01-01 00:17:41,0,29.094915395233617,12.297356391080005,0.00010269090080464032,0.07781673670167354
2026-01-01 00:17:41,1,21.235106434778192,9.008902045262264,0.0009267901483121124,0.21290176805573524
2026-01-01 00:17:41,2,8.244494325280312,8.715833823126736,0.00024264899118906795,0.20222200919189304
2026-01-01 00:17:41,3,43.952299291727336,14.50561191041835,0.00036337512116172435,0.19461812602385226
2026-01-01 00:17:42,0,42.41166772671467,10.491277078325945,0.0007576270060154042,0.18504749674901633
2026-01-01 00:17:42,1,40.21124279007737,16.121204088643413,6.463206131333256e-05,0.20394052339605906
2026-01-01 00:17:42,2,34.54000682688009,11.487574929670588,0.00012814343427110142,0.35354820374503265
2026-01-01 00:17:42,3,8.132507563186868,17.009792549451223,0.001359899833474191,0.4126699023080286
2026-01-01 00:17:43,0,60.07877592407327,8.933061533017675,3.0259424761671067e-05,0.1983162243906642
2026-01-01 00:17:43,1,58.974285900660774,11.130320288354941,0.0016901997264765893,0.3404570530700512
2026-01-01 00:17:43,2,41.5066001225246,11.542719604390534,0.0007002889061360646,0.46083181853478034
2026-01-01 00:17:43,3,30.993847581074807,6.380348598944518,0.0015440417369787024,0.14859735345302902
2026-01-01 00:17:44,0,14.168782905323843,5.384308251245664,0.0006879730553596399,0.14864434241577287
2026-01-01 00:17:44,1,42.998033853570725,8.587386725810221,0.0003985901351819163,0.23553911505497582
2026-01-01 00:17:44,2,22.932635479745233,11.18995524313368,0.0006765310707772051,0.059600325869220275
2026-01-01 00:17:44,3,54.591564308030904,11.739061053983077,0.0015748144598507386,0.373440498223706
2026-01-01 00:17:45,0,56.206289711199254,8.41971098321774,0.00016606366138525528,0.17981744225986296
2026-01-01 00:17:45,1,26.707266417928533,9.613970839881311,6.784855529266461e-05,0.14796264777480764
2026-01-01 00:17:45,2,23.02154503891469,13.360311873759882,0.0012650769443717635,0.13979213644589106
2026-01-01 00:17:45,3,8.98519965842818,11.88750305483991,0.0003321843921454634,0.13693655906331867
2026-01-01 00:17:46,0,19.888079454828805,7.671741799451364,0.0004498117820569605,0.22017207235914188
2026-01-01 00:17:46,1,71.78425721100332,10.551944174987739,0.0009579213683729346,0.38910123961529225
2026-01-01 00:17:46,2,16.06014126212804,12.814561555452558,0.0009982759267508675,0.3794885505489309
2026-01-01 00:17:46,3,12.826613495697547,9.983172043805137,2.8669854767125992e-05,0.08051929562295185
2026-01-01 00:17:47,0,19.2370745794528,8.651981606855587,0.0012208475831232389,0.2750700524218134
2026-01-01 00:17:47,1,31.96885722195621,12.745116553328504,0.0005932265163071833,0.4081951021506691
2026-01-01 00:17:47,2,14.295259871973599,11.086600165779592,0.000567379686951195,0.34439135813914523
2026-01-01 00:17:47,3,44.91097976831572,13.562995135358511,0.0016673175471518622,0.5249501787178374
2026-01-01 00:17:48,0,38.85825589202442,12.595570815577661,0.0007693755838381796,0.3845505260506024
2026-01-01 00:17:48,1,51.35466985360673,20.509266456833682,0.0002250757898278023,0.42648715671484067
2026-01-01 00:17:48,2,70.35196303517127,14.289781404651055,0.00033806167279673246,0.5007304138402809
2026-01-01 00:17:48,3,10.34846475782696,18.378217438718508,0.0015629958729751893,0.5973826604176872
2026-01-01 00:17:49,0,14.208803361152189,11.946875522711117,0.0005402300769617345,0.3038604223323791
2026-01-01 00:17:49,1,44.42113348020484,16.771722915184306,0.00030793495160041717,0.6023556058214803
2026-01-01 00:17:49,2,93.17761189466948,11.146877557579995,0.0010804185116115139,0.2913360766737556
2026-01-01 00:17:49,3,16.989969560568298,19.362149313258094,0.0015356236016491843,0.4631106442562754
2026-01-01 00:17:50,0,23.82666113793829,7.771866715754736,0.0012546697924859216,0.278931896020307
2026-01-01 00:17:50,1,24.568547124610607,12.293741124370344,0.0012602857389612105,0.4175700861391428
2026-01-01 00:17:50,2,38.61302578560325,8.471144397950995,0.0014617132670293037,0.3729661011386063
2026-01-01 00:17:50,3,25.723728503221714,8.539813062305385,0.00021627603963328076,0.20422125239225525
2026-01-01 00:17:51,0,51.67557008867402,8.851932011945244,0.0007708972863382775,0.24455708274325236
2026-01-01 00:17:51,1,11.312894615045563,6.94738838984313,0.001991569348354844,0.11064505224690876
2026-01-01 00:17:51,2,16.78399118152279,10.46728052223922,0.00043601166784745527,0.37194769226165053
2026-01-01 00:17:51,3,54.8501531774474,13.716847886399426,0.0010995538889303476,0.5005180956036684
2026-01-01 00:17:52,0,19.83359275048912,10.446159505187426,0.0006629279436226311,0.02
2026-01-01 00:17:52,1,23.36542554445336,18.71174011289304,0.00036367412963848064,0.49253282786776487
2026-01-01 00:17:52,2,36.048159786578076,9.719768264127222,0.0005808752451867094,0.3512955396822439
2026-01-01 00:17:52,3,32.02757735179184,14.654632210775755,0.0015767373882056785,0.02
2026-01-01 00:17:53,0,49.253437242553666,12.922982196257742,0.001108559559320458,0.0861063673724361
2026-01-01 00:17:53,1,17.930695214396057,14.114960114335569,0.0006751102665151847,0.35382394658337407
2026-01-01 00:17:53,2,37.95878368786016,15.18359385101212,0.0004311236901891752,0.37374897753361397
2026-01-01 00:17:53,3,75.79412390934759,15.952324388538297,0.0007466245533431353,0.5252017410952253
2026-01-01 00:17:54,0,100.41561815821208,11.636144404362883,0.0021320216194401567,0.322651717430522
2026-01-01 00:17:54,1,109.58859560854786,13.544517005416376,0.000989343958213646,0.3650871222616275
2026-01-01 00:17:54,2,76.2183997306237,11.18703657971292,0.0007922249586950911,0.3466752163030302
2026-01-01 00:17:54,3,14.25116081284573,14.200276466835284,0.002732643979261697,0.34689551731145685
2026-01-01 00:17:55,0,39.61676184278089,10.707708175094268,0.0003124427773925544,0.38431834144685695
2026-01-01 00:17:55,1,51.6984762923755,14.478401999706515,0.002451471495187945,0.39701927188990294
2026-01-01 00:17:55,2,38.88013384430663,10.899037464599042,0.0007687655818376573,0.2620278906906425
2026-01-01 00:17:55,3,26.391937829372868,9.111415327713766,0.003074019218247213,0.22238001490767662
2026-01-01 00:17:56,0,53.16331381703508,13.449056669460383,0.0010686468883106663,0.12569774844429488
2026-01-01 00:17:56,1,22.402549101185038,9.947805406950659,0.0002361965689601923,0.14884219588481942
2026-01-01 00:17:56,2,21.670264213526103,13.146452454615781,0.000559758343423259,0.3127354925932682
2026-01-01 00:17:56,3,11.427988738028839,17.010878724405895,0.00028613904226084405,0.5456971346982677
2026-01-01 00:17:57,0,27.935035066195677,10.694042454899096,0.0010298239610808482,0.19102433468961097
2026-01-01 00:17:57,1,41.55499555435226,14.570441517148097,5.156467601434506e-05,0.36499452218470785
2026-01-01 00:17:57,2,26.30029911821117,9.264888496230627,9.672708797608564e-05,0.2692678950443864
2026-01-01 00:17:57,3,28.746375257425537,7.680367704978082,0.0007520439155729377,0.2623912597803011
2026-01-01 00:17:58,0,115.54985771887748,6.302307566794699,3.481669328864165e-06,0.1934489526072109
2026-01-01 00:17:58,1,23.94205750279619,7.555718053846637,0.005550315689789745,0.31168698701299685
2026-01-01 00:17:58,2,45.83087708451522,12.486013240871852,0.0013827025355473532,0.3413327324708961
2026-01-01 00:17:58,3,34.5393473718567,12.862512986739763,0.0013065684794063977,0.2806295395984609
2026-01-01 00:17:59,0,39.60291383382333,10.18342846769368,0.00026086791623436135,0.2080466157980763
2026-01-01 00:17:59,1,28.096488153441733,13.495332404909142,0.0003871085744585575,0.08840472113343764
2026-01-01 00:17:59,2,28.31116799469524,6.607269097974983,0.0009100014733299254,0.28113416388374224
2026-01-01 00:17:59,3,38.39830192809566,9.858021904857644,0.0009882304099767631,0.2162884705945732
2026-01-01 00:18:00,0,32.21302268704793,15.19055438238702,5.302411504351614e-05,0.4590417742319533
2026-01-01 00:18:00,1,85.59755727677391,11.759680765731188,0.001190908484086332,0.2526049365085652
2026-01-01 00:18:00,2,135.36425271960735,13.199326208670168,0.0026957972678175427,0.3998594546474862
2026-01-01 00:18:00,3,6.579569082367966,11.636958484916248,0.0004460910416225267,0.3360764976585747
2026-01-01 00:18:01,0,20.94792804509076,10.180173466420195,0.0045140297144835905,0.32896290290287733
2026-01-01 00:18:01,1,13.985212519326494,9.229132396735125,0.00032972480148052544,0.24898985780597055
2026-01-01 00:18:01,2,33.92708053631699,10.378924320141046,0.00021259920423666163,0.41691679825312444
2026-01-01 00:18:01,3,14.015904727883067,13.567742229175007,0.003953381237845002,0.2069771825172506
2026-01-01 00:18:02,0,19.95440294098557,10.796226949109023,0.0004297212917896964,0.4137570487524729
2026-01-01 00:18:02,1,36.702096396123885,13.068194461722012,0.00025022130217446033,0.2910488083966973
2026-01-01 00:18:02,2,11.302048218872022,6.730549075119271,0.0002482406507136315,0.12024812035452415
2026-01-01 00:18:02,3,33.93666311668043,12.850801943987568,0.0011714858470748054,0.42912802990997834
2026-01-01 00:18:03,0,19.2178763329355,9.357807967040866,0.0001500337342633218,0.10994978506679873
2026-01-01 00:18:03,1,8.93140395343256,11.031834006891419,0.0009732098019964895,0.24601283262294374
2026-01-01 00:18:03,2,68.24769191181797,15.854848558107257,0.0007306135398405781,0.6256551443317175
2026-01-01 00:18:03,3,32.46843641151496,15.722290024515921,0.001741854426002663,0.4936694846680277
2026-01-01 00:18:04,0,58.44511302394158,11.0210960397838,0.0010736018129178459,0.31668437781653025
2026-01-01 00:18:04,1,99.82170115998801,7.230246603032808,0.0002727664225874826,0.16457626640909154
2026-01-01 00:18:04,2,25.486327812839402,11.3597775403726,0.0001771826532622529,0.4001977315918882
2026-01-01 00:18:04,3,22.81562983593559,8.569214567325721,0.0005251590176789415,0.30534620963298464
2026-01-01 00:18:05,0,64.8112844113601,10.344041261060227,1.2463095936263815e-05,0.3132084922328228
2026-01-01 00:18:05,1,45.78511699448151,9.54887687003617,0.0003174330026206096,0.12003340274243812
2026-01-01 00:18:05,2,46.11667212211588,12.781330413572768,0.00015155056023013027,0.22994741214576553
2026-01-01 00:18:05,3,13.608326246111869,9.774109986413968,0.00014993643175915982,0.30925855698371496
2026-01-01 00:18:06,0,118.87138746026996,7.142980627363249,0.0005449463732844992,0.17849899471486314
2026-01-01 00:18:06,1,38.80538460647907,12.580133469417921,4.8706200711897336e-05,0.3994273195020295
2026-01-01 00:18:06,2,63.25775906983608,8.997483731985877,0.00010854845144068065,0.20282204862503772
2026-01-01 00:18:06,3,31.107012381207472,7.516490764632392,0.0018464828712121927,0.24649368713969744
2026-01-01 00:18:07,0,36.00135107869407,13.291537556927697,0.0007202074393198246,0.08158830857961863
2026-01-01 00:18:07,1,19.841702891000697,13.094920877238522,6.435806862947099e-05,0.47925854361002496
2026-01-01 00:18:07,2,15.460724205221327,10.813424748589506,0.00015769213943323448,0.32851068626983093
2026-01-01 00:18:07,3,48.541567383848246,12.45450162861294,0.00027093163065585943,0.3565494167807845
2026-01-01 00:18:08,0,38.38957294225172,8.723806612451199,0.00013661424903299867,0.12167311529831798
2026-01-01 00:18:08,1,22.10570266408584,10.556351204176408,0.001775931383755307,0.26895663048661067
2026-01-01 00:18:08,2,29.559356483412945,14.95356012826342,3.0988078927557526e-05,0.6120130253402691
2026-01-01 00:18:08,3,87.84527414997379,6.910056378600846,0.0019711926697096355,0.15431391745011724
2026-01-01 00:18:09,0,26.249451500112567,9.493600923023628,0.0009457475862223245,0.33341452095970475
2026-01-01 00:18:09,1,36.79255345160883,14.61317783823508,0.004228607519830777,0.5640557698606663
2026-01-01 00:18:09,2,59.518932197563075,12.262342279596137,0.0007991409400193429,0.38660714303785876
2026-01-01 00:18:09,3,58.257935793264586,8.16997811465329,3.906294704747687e-05,0.3818872899010768
2026-01-01 00:18:10,0,37.1531503697327,13.931349276687191,0.004291563596994516,0.4222958704714701
2026-01-01 00:18:10,1,8.066617861462579,15.116335248046278,0.0001414698019287142,0.19237596685571295
2026-01-01 00:18:10,2,15.351193706311445,14.172909927694814,0.0004648012130422735,0.34378227877715983
2026-01-01 00:18:10,3,45.448476612227054,14.920556633041237,0.001445821370189752,0.3679948914855695
2026-01-01 00:18:11,0,30.18405836350606,11.6837616988166,0.00024350995988904156,0.37640764705535834
2026-01-01 00:18:11,1,19.885847938732233,14.910307829935968,3.4093702090196406e-05,0.4921069132024876
2026-01-01 00:18:11,2,78.8587184511787,9.703305831660934,0.0006007219677132636,0.26044539887737034
2026-01-01 00:18:11,3,41.59643443695427,13.138550807608672,0.0005711400354187061,0.4198405265224806
2026-01-01 00:18:12,0,55.31982767839829,9.483869557048866,0.0009293745701237184,0.12463899364450182
2026-01-01 00:18:12,1,26.198447564644372,14.912722816352076,0.0007925974780041769,0.3231960832826614
2026-01-01 00:18:12,2,138.44496105190407,24.43032748672617,0.0009427171028884877,0.7508961446196787
2026-01-01 00:18:12,3,27.87334710756468,11.336398583528013,0.00038472952852314544,0.39081361600564424
2026-01-01 00:18:13,0,20.04890273185927,13.396196740630172,0.0004296232947492417,0.3043736853240722
2026-01-01 00:18:13,1,40.92699576867134,11.493082925335484,0.0005006569124352083,0.2969507620506092
2026-01-01 00:18:13,2,31.832522259908934,14.66648285165642,0.0012696046730396526,0.516390511265721
2026-01-01 00:18:13,3,82.36507550113593,16.098368752981543,0.0008836619704295609,0.5695676050362171
2026-01-01 00:18:14,0,31.697687371490627,10.600480657423253,0.002551731493034167,0.3989420080836876
2026-01-01 00:18:14,1,12.552315318057602,13.238009887926431,0.0002014939575814135,0.2333291272105973
2026-01-01 00:18:14,2,31.87492359262742,6.7980311855519595,0.000863794272421172,0.20261282461941618
2026-01-01 00:18:14,3,45.8449618851442,7.52694558424768,0.0005343066727195409,0.19857351605044932
2026-01-01 00:18:15,0,12.164929494207078,6.554128361292513,3.041604940962424e-05,0.2774268944947019
2026-01-01 00:18:15,1,37.17509199285848,8.47760348917269,0.0006773015411285735,0.10599769970413735
2026-01-01 00:18:15,2,20.55186410728048,11.827512404336627,0.0007079453399086183,0.34557607717943895
2026-01-01 00:18:15,3,12.48913373216018,14.857093094927084,0.001330219544090674,0.09224671725946615
2026-01-01 00:18:16,0,24.37641613019106,10.463163244239198,0.0006980273385169433,0.3385986578060185
2026-01-01 00:18:16,1,13.029312495048622,13.809466515173114,0.0003886721598062798,0.02
2026-01-01 00:18:16,2,38.092905583316835,8.929791567444035,0.001794615225024801,0.1630841530658681
2026-01-01 00:18:16,3,18.281986866607358,12.039827774628787,0.00025882034178874357,0.29818605170566226
2026-01-01 00:18:17,0,24.486938069718793,11.214239252237967,0.0012972071039074392,0.2662462961446982
2026-01-01 00:18:17,1,70.58307247686011,11.928249589956051,0.0005831848225653219,0.4085107009006569
2026-01-01 00:18:17,2,31.137565010980346,12.424906148540511,0.0004307364113913458,0.1468044075966503
2026-01-01 00:18:17,3,49.920507969340896,9.76106631976592,0.0008668257481942361,0.30341649887632993
2026-01-01 00:18:18,0,30.709037371994576,9.25580821347868,7.629485431374415e-05,0.17936298954516566
2026-01-01 00:18:18,1,76.80200591219035,8.81775480340756,0.0004903023483542578,0.18198949996607378
2026-01-01 00:18:18,2,42.58685831806019,13.340833078989375,0.00014153354154016246,0.35473224496542555
2026-01-01 00:18:18,3,11.605352947782217,13.991745665912736,0.000648891319930088,0.12077975902206674
2026-01-01 00:18:19,0,23.67178399500515,18.67153969378319,0.0007700426119271635,0.27857767591025356
2026-01-01 00:18:19,1,7.9193791321913585,7.176711000440251,0.0015877861461596648,0.08637716367906856
2026-01-01 00:18:19,2,26.97584145250707,10.654534391826246,0.0006360871918724212,0.41918398088865944
2026-01-01 00:18:19,3,37.97823236638519,11.311166267861651,0.0002273330886673003,0.4550204947848409
2026-01-01 00:18:20,0,142.0044791763687,6.2735860706753765,0.0007555129990778435,0.20705468659239193
2026-01-01 00:18:20,1,40.18978885352773,10.573016018276002,0.0014575827578250258,0.05359902351373434
2026-01-01 00:18:20,2,28.003653848268293,15.995594969906538,0.0018248226072948989,0.36104677407180025
2026-01-01 00:18:20,3,27.648763042641807,14.943341402701506,0.0024488695312056695,0.3553591338349375
2026-01-01 00:18:21,0,31.258921235849385,9.51375532207646,0.00018975469219798923,0.28690702175485366
2026-01-01 00:18:21,1,24.007460012126476,12.314803391893806,0.0011451367252976437,0.32118503303663515
2026-01-01 00:18:21,2,18.243626164373715,7.496939817468191,0.00013338477840866902,0.1402728251799378
2026-01-01 00:18:21,3,100.40266159547855,13.102341632906572,0.0008676769201498415,0.4046085300925926
2026-01-01 00:18:22,0,53.417346265879466,7.843285267332719,0.0010921995129291292,0.11027849814563728
2026-01-01 00:18:22,1,23.408777294155474,15.747089865761579,0.0005060951305577478,0.45516995001135785
2026-01-01 00:18:22,2,201.50537814890086,13.032887766386274,0.0010367885059050308,0.4106423333899163
2026-01-01 00:18:22,3,57.91363920729843,10.094334399703065,0.0002519852444486194,0.031539735874788075
2026-01-01 00:18:23,0,29.141504705244397,8.235696748049898,0.0007575115436524488,0.2509730495852996
2026-01-01 00:18:23,1,15.912779289794509,10.388702439479973,0.0018134618188831205,0.06901078398649661
2026-01-01 00:18:23,2,44.273068854276914,16.463623986264786,0.000684524626155988,0.43727549567763374
2026-01-01 00:18:23,3,61.349935265757395,12.860927044813224,0.0005959531067066511,0.42540355089143855
2026-01-01 00:18:24,0,40.22692277180685,13.663618710215005,0.0019705442502100947,0.3312442976543031
2026-01-01 00:18:24,1,16.44715588229448,12.669495184901788,0.0003355815618051127,0.07455411790783605
2026-01-01 00:18:24,2,41.66702037095719,10.405883749799925,0.0022407471828240683,0.3643712815065859
2026-01-01 00:18:24,3,54.435893474572254,12.430318809630974,0.0001317054317300733,0.46191165169667825
2026-01-01 00:18:25,0,58.768448299068396,10.689434281975366,0.00027549727532923444,0.20584183540358733
2026-01-01 00:18:25,1,24.116505283734,9.036461824237165,1.791008250493233e-06,0.2991256795510166
2026-01-01 00:18:25,2,35.81322917111727,9.074094898649152,0.0008144352548694329,0.3775247342620541
2026-01-01 00:18:25,3,38.657557014025315,16.925811653426607,0.0009836870645895817,0.1416438227993997
2026-01-01 00:18:26,0,14.585453107935395,9.755278666421736,0.0005792808582041524,0.18134279071384682
2026-01-01 00:18:26,1,53.00051079027022,12.155605345723348,0.00013186730140587945,0.22788698524471349
2026-01-01 00:18:26,2,20.53415973643828,12.094501293762294,0.0007114785367970117,0.27149696941569096
2026-01-01 00:18:26,3,26.04041394760398,10.297475764321982,0.00011512274964482941,0.2715263215398447
2026-01-01 00:18:27,0,33.47204128954266,16.696045702738267,0.0011052772722398832,0.33800112771147284
2026-01-01 00:18:27,1,13.130847343905927,12.3986102464177,0.00024882030092705765,0.2087069425515231
2026-01-01 00:18:27,2,11.195935388093229,8.134040382542256,0.003560453162404752,0.18417577126902449
2026-01-01 00:18:27,3,28.51688122233125,12.869466190833485,0.000310729460840392,0.4038111000833154
2026-01-01 00:18:28,0,6.548888462004097,10.558110559363627,0.0004638059851649089,0.19116162674928844
2026-01-01 00:18:28,1,21.71939332204546,10.972570217918667,0.0007192687420087504,0.32895849575305136
2026-01-01 00:18:28,2,48.1568806361782,8.171313317889325,0.0004993557608856261,0.16974570522059756
2026-01-01 00:18:28,3,33.64725246662685,10.771861382264088,0.004654453420984955,0.3460394381543759
2026-01-01 00:18:29,0,97.67378324572172,10.597183358239544,0.0013605875272005438,0.05469439056526264
2026-01-01 00:18:29,1,123.76355596206658,15.428332188280734,0.0005102291529121889,0.380260035335057
2026-01-01 00:18:29,2,6.238356393490769,13.794628808454785,0.0005838306036003314,0.1982447198490171
2026-01-01 00:18:29,3,37.075543971689235,8.340261658625145,0.00024452175181631394,0.15008792120024095
2026-01-01 00:18:30,0,98.40474554659488,8.228371162551452,0.0017353897888035563,0.36864890369388364
2026-01-01 00:18:30,1,33.46279785131671,15.081834372916328,0.000883151358607179,0.3106799401291589
2026-01-01 00:18:30,2,53.94543543085142,9.20439417949531,0.000419525262736269,0.2444900904174117
2026-01-01 00:18:30,3,41.0349149688745,14.01385874131328,0.00039309165230630905,0.40999021323095747
2026-01-01 00:18:31,0,15.582146192428018,9.326855840978007,0.00048764484323101477,0.07389353020193078
2026-01-01 00:18:31,1,6.815465701038196,9.271962936056465,0.002378015121992141,0.06373232991090153
2026-01-01 00:18:31,2,103.05439180902393,9.62505112685498,0.0017226597193536351,0.3088834086645712
2026-01-01 00:18:31,3,41.61594597990557,10.95084526714301,0.0011855580438160749,0.16467476617294596
2026-01-01 00:18:32,0,44.31622103964231,10.789875640711468,0.0004277886108135766,0.33009758272675815
2026-01-01 00:18:32,1,34.48634779839086,11.377872541738796,0.0005956282093767429,0.29866685840492146
2026-01-01 00:18:32,2,18.090369072192868,14.860101347766355,0.0010750824459281095,0.43574917224592224
2026-01-01 00:18:32,3,10.925347070994679,24.86129230490474,0.0007009650299523486,0.7248185114347756
2026-01-01 00:18:33,0,77.06370992717213,10.965253433515267,0.0018700532568371572,0.24007326096621084
2026-01-01 00:18:33,1,53.77918053131548,10.995241715739065,0.00022003500236062267,0.32864341612994413
2026-01-01 00:18:33,2,14.856449123284012,10.536740938488954,7.784500333021883e-05,0.13836493315893147
2026-01-01 00:18:33,3,41.58039573101485,9.361674025233341,1.180249162934659e-05,0.17086433652416166
2026-01-01 00:18:34,0,45.08644970819144,9.230633603224781,0.00041448825810704097,0.4192813687994574
2026-01-01 00:18:34,1,120.03227289447366,12.02615277503309,0.00020486681525285763,0.3704112883568367
2026-01-01 00:18:34,2,107.54540752944128,12.340076035537825,0.0012111371801297758,0.41676672336180604
2026-01-01 00:18:34,3,127.64023978095575,13.218308709349838,0.0007751183222974791,0.40460739574916443
2026-01-01 00:18:35,0,65.69172492020073,7.60587270947126,2.3484227850463304e-05,0.10476804311773667
2026-01-01 00:18:35,1,24.610457176789588,8.73118795855274,9.367689947840829e-05,0.3096993797646691
2026-01-01 00:18:35,2,25.30807799906382,12.705810651130676,0.0005840004261366017,0.49856630305966787
2026-01-01 00:18:35,3,33.689868233775975,8.603468899358177,0.000823068039360872,0.4223703033716386
2026-01-01 00:18:36,0,31.194756728879373,14.613827066169687,5.231557464792263e-05,0.4617512950153662
2026-01-01 00:18:36,1,20.827520573050553,7.592176773988101,0.000477653700906875,0.2298802356384225
2026-01-01 00:18:36,2,13.762004876038315,10.961658252004536,6.7401644965235056e-06,0.42473162690704547
2026-01-01 00:18:36,3,92.71904756757233,13.316938796004036,0.0021384547471869175,0.4258240513465596
2026-01-01 00:18:37,0,45.83662078194637,9.700258492158525,0.0009698442679075799,0.34701975782286704
2026-01-01 00:18:37,1,14.914120735614981,16.155546011175463,0.0006235282388614395,0.5054609046092163
2026-01-01 00:18:37,2,101.64409025956392,10.042603053174627,0.00031844081574026084,0.37063075858811817
2026-01-01 00:18:37,3,18.745852798775843,13.056532114998205,0.0017882494743858876,0.3338693516747937
2026-01-01 00:18:38,0,66.26069901767538,6.710590646610609,0.002071778019116568,0.16522020915394078
2026-01-01 00:18:38,1,50.081603770898724,15.438901128056159,0.0031240991201372157,0.5064531192677856
2026-01-01 00:18:38,2,33.586048855711404,16.1121060778712,0.0024335686172856272,0.46532786022704936
2026-01-01 00:18:38,3,13.432883916835351,12.000343386091126,0.001175096285018061,0.3687484993336722
2026-01-01 00:18:39,0,19.04737310083894,9.719323763818288,0.0007070964863942444,0.14039878812771672
2026-01-01 00:18:39,1,70.55738534495808,11.759421415156783,0.0005591633444988124,0.30134615353261707
2026-01-01 00:18:39,2,22.235639732552105,11.18697857424781,9.916804178049772e-06,0.37344379950948087
2026-01-01 00:18:39,3,127.15574591243497,10.457863919098717,0.0004976122203907991,0.3523567429282484
2026-01-01 00:18:40,0,53.759199512746676,7.963545223131835,0.0011055662362329714,0.21610664417172884
2026-01-01 00:18:40,1,65.52287449213333,11.10703225374964,0.0003000370688659841,0.40783951627061993
2026-01-01 00:18:40,2,16.59743763800689,17.39773733390036,0.0028134958388860223,0.3579173170785313
2026-01-01 00:18:40,3,47.36415295753443,8.827323731346148,0.0018743784327122065,0.31491410713978857
2026-01-01 00:18:41,0,21.605429189137016,9.394331646903803,0.0002517174397838774,0.34173366445929015
2026-01-01 00:18:41,1,59.17662493849657,10.100610642961092,6.929819156635207e-05,0.23029044936248394
2026-01-01 00:18:41,2,50.57268077556845,9.407550379993888,0.0005125987229240218,0.05709904485939274
2026-01-01 00:18:41,3,57.93217827112161,18.03764578261392,0.0005018046171284952,0.2426829900991087
2026-01-01 00:18:42,0,34.90021052843389,16.508421341893047,0.0002219722751177915,0.3364332060475739
2026-01-01 00:18:42,1,26.666049106417944,18.993009016552506,0.000662773082789398,0.5060579620341479
2026-01-01 00:18:42,2,29.600523839903346,11.241530013957126,0.0011728316933393135,0.22813109594887562
2026-01-01 00:18:42,3,35.51911953106694,15.206935620432738,0.0002928375682445114,0.2934533280943219
2026-01-01 00:18:43,0,48.460907446036956,10.54730335381751,0.0006806904808994583,0.1802703400913945
2026-01-01 00:18:43,1,19.01526996626473,15.051447016457828,0.001322047269511467,0.43935964596288
2026-01-01 00:18:43,2,31.158843636595783,12.133364418155171,0.0013926217343374864,0.28519488860773495
2026-01-01 00:18:43,3,55.712507551234985,14.916559581876946,0.0009149474572371924,0.6361757281412368
2026-01-01 00:18:44,0,40.285523306799064,9.06875734982253,0.00020842987629496565,0.262091497950865
2026-01-01 00:18:44,1,38.25032375510351,8.879465128703895,0.00021152939551050278,0.2620246167526696
2026-01-01 00:18:44,2,17.037986865670227,8.978115238400513,0.0007292081134375378,0.02
2026-01-01 00:18:44,3,19.318859970458504,7.86400437984156,0.0010152316747749314,0.16183511816820376
2026-01-01 00:18:45,0,31.042506145347136,11.960105059966757,0.000971107501405514,0.2275144205286711
2026-01-01 00:18:45,1,26.707656093406793,11.524485768107576,0.0027718630292959414,0.15911329640777272
2026-01-01 00:18:45,2,118.89169113879352,9.319037521111161,0.0004627376666218431,0.15518581724353886
2026-01-01 00:18:45,3,80.72219897200021,17.437164832955393,0.0011401351337806326,0.576728125376303
2026-01-01 00:18:46,0,32.66138945298931,14.115268140227354,0.0006645058498809081,0.32004309016025956
2026-01-01 00:18:46,1,26.687522521750736,18.68845125712766,0.0009654352182479045,0.32514703011724233
2026-01-01 00:18:46,2,42.141921535304014,9.802141726128292,0.0006095392274086206,0.20677921223293452
2026-01-01 00:18:46,3,19.086242512623286,10.013120284982511,0.0004145535640636662,0.23156901881645361
2026-01-01 00:18:47,0,32.07564894644888,11.004334173622114,0.0007339538647364823,0.0699789065120912
2026-01-01 00:18:47,1,111.01402478602711,13.87397840284869,0.001191013141334219,0.49493340093582766
2026-01-01 00:18:47,2,8.129674657638118,10.634869348980391,5.1557329312397895e-05,0.3517843181565254
2026-01-01 00:18:47,3,53.39039944389614,10.803616167925629,0.001487054212323145,0.20989241576419282
2026-01-01 00:18:48,0,59.51464409655042,8.207894054609058,0.0018167928239096378,0.29682026899540087
2026-01-01 00:18:48,1,59.74042095964243,14.045066182697612,0.0003387507614853421,0.23629020916312965
2026-01-01 00:18:48,2,11.822941951153553,15.963014419334765,0.0013416007667253536,0.49987820052750837
2026-01-01 00:18:48,3,49.31233593548447,8.77649744654884,0.0004184664645278498,0.24451666886364506
2026-01-01 00:18:49,0,11.919627044799702,8.41316198734751,0.0009554593813391636,0.21187866122920862
2026-01-01 00:18:49,1,21.38352714344106,11.87531320235829,0.0009189744240399373,0.3631868107902387
2026-01-01 00:18:49,2,37.556097629248406,17.11230662673258,0.0002664970822458331,0.43156437985477786
2026-01-01 00:18:49,3,50.340964033368735,11.251038704334437,0.000349906996146169,0.29862152473859305
2026-01-01 00:18:50,0,124.20295809018765,8.97726996859686,0.0011873450138044155,0.3164766933344052
2026-01-01 00:18:50,1,63.02167176542701,18.34451059498147,0.0004904509764699039,0.4231712814065984
2026-01-01 00:18:50,2,64.48445258405387,12.145503150401513,0.0022164222702350323,0.3914040370758296
2026-01-01 00:18:50,3,33.7586860294379,19.472569523571828,0.0005220469713299892,0.6088699457791963
2026-01-01 00:18:51,0,16.994457244462325,11.615924193206421,0.0006065977164373575,0.112101955440763
2026-01-01 00:18:51,1,33.63793394028117,12.118696424945414,0.0011690554425614046,0.2161196998221168
2026-01-01 00:18:51,2,24.960284887851486,11.999374995737016,0.0010343364606299925,0.31120489685863284
2026-01-01 00:18:51,3,43.731986053982276,13.281204059316764,0.00326689014359677,0.19954413148616634
2026-01-01 00:18:52,0,38.081895517217305,8.318232366408132,0.00010253994192642376,0.18024273969229576
2026-01-01 00:18:52,1,35.07598077587845,8.460516730772436,0.00164546037482239,0.12747136366564352
2026-01-01 00:18:52,2,23.525648796425983,12.996663423354523,0.00017111810908938002,0.17075494152321685
2026-01-01 00:18:52,3,36.99182021082183,9.10407750964875,0.003261536289076731,0.3347508213881622
2026-01-01 00:18:53,0,9.969098982851506,14.907716777879346,2.429925076369534e-05,0.44527789127060635
2026-01-01 00:18:53,1,28.23497351077102,14.827630710705769,0.0010693913346393837,0.321112616590289
2026-01-01 00:18:53,2,24.584039092222888,13.88679467326541,0.0006503763113072229,0.25001915785250767
2026-01-01 00:18:53,3,33.42028223988185,7.954575783227608,0.0007517466819937033,0.25006263225027037
2026-01-01 00:18:54,0,51.75176375554258,9.955677946425817,0.00014252235139782055,0.24545691355036336
2026-01-01 00:18:54,1,7.677209760278636,9.36006084099234,0.000667152802869151,0.3877990390754414
2026-01-01 00:18:54,2,36.32993374969645,11.432598957766968,0.001378527924352771,0.3969027764434634
2026-01-01 00:18:54,3,132.72881521186278,19.173805498707026,0.00026132263201292857,0.6213830155956986
2026-01-01 00:18:55,0,43.91506070188296,11.084900491312716,0.000360396473546361,0.16012548506814914
2026-01-01 00:18:55,1,18.2582987060057,11.57251779744856,0.00204108725819543,0.365186066490583
2026-01-01 00:18:55,2,91.93564397402488,15.674550724982083,0.000869148938804231,0.4179120921465055
2026-01-01 00:18:55,3,27.465091677433335,13.392702651009543,0.0020655940272382993,0.39259744581346145
2026-01-01 00:18:56,0,21.905670718039115,9.78825560172619,2.4091429214523163e-05,0.21865991467300894
2026-01-01 00:18:56,1,13.626454013983029,7.48220348640136,0.0004817140094849058,0.1857485805407546
2026-01-01 00:18:56,2,20.343462430390403,16.123408577063234,0.00017580741867609186,0.5798760080283174
2026-01-01 00:18:56,3,23.601215168791967,18.680978277578134,0.0017773011146727468,0.4633797343409609
2026-01-01 00:18:57,0,51.586153036098914,8.117171788052376,0.0002177767167958238,0.21538785782141567
2026-01-01 00:18:57,1,77.5535621028758,14.338150014988498,0.0008401898624812094,0.5165674727133999
2026-01-01 00:18:57,2,12.122470829676915,9.929790671977536,0.0003336279204904214,0.03306054807216134
2026-01-01 00:18:57,3,41.766915190104854,6.987952030367082,0.001361501063901002,0.2100960124244351
2026-01-01 00:18:58,0,17.7968147179498,8.396075810177635,0.0005942437937275102,0.21516417655721978
2026-01-01 00:18:58,1,20.47536489904494,8.129837290736203,0.00034609951785568053,0.19978737210718864
2026-01-01 00:18:58,2,49.759121717647396,23.056036776818196,0.0007309433386817857,0.6236758327748283
2026-01-01 00:18:58,3,37.12039710625827,6.321010211788954,0.001574916592392378,0.08905702452344441
2026-01-01 00:18:59,0,41.70106095111469,9.582924608828742,0.0018271001121699436,0.12198364286570379
2026-01-01 00:18:59,1,18.659899444115986,8.901313547719115,0.0024281218247703957,0.3880060501040264
2026-01-01 00:18:59,2,35.814707426090834,13.067280095899413,0.00024216192256733558,0.03752056355985106
2026-01-01 00:18:59,3,29.515926955667645,8.198803357741099,0.0029428185653377816,0.24028230347576734
2026-01-01 00:19:00,0,92.9488343269886,8.711169854528189,0.0009345260707582654,0.26405563086702377
2026-01-01 00:19:00,1,79.46540584728024,7.683346701714022,0.0008595372208838555,0.2074222711490079
2026-01-01 00:19:00,2,43.08618312864737,10.270817788825509,0.0004969482443548829,0.3800949572892119
2026-01-01 00:19:00,3,38.80238214885726,10.396835098299295,0.0025434441966661237,0.2140869734493708
2026-01-01 00:19:01,0,9.546079861192307,6.9857486513544025,0.00144615232213119,0.27477574691179046
2026-01-01 00:19:01,1,22.964100643655648,11.246795542158008,0.0022031890957288397,0.35379896606443006
2026-01-01 00:19:01,2,35.65540454952745,12.277407723356205,0.001005245846176396,0.4791666395885069
2026-01-01 00:19:01,3,11.837436992882578,13.75936365182698,0.0006798562907198795,0.24883108629160944
2026-01-01 00:19:02,0,43.95702816894324,9.801417838300205,0.000381614630919375,0.04751448771239318
2026-01-01 00:19:02,1,45.84459183220311,11.780277624952308,0.00028195141586708145,0.28189414437398574
2026-01-01 00:19:02,2,57.54040110632662,13.457997413182424,0.00034694210419716006,0.5400907759954524
2026-01-01 00:19:02,3,18.773853611028574,15.3943805131252,3.0418609025194133e-05,0.5757705733983387
2026-01-01 00:19:03,0,35.446762360514576,11.127264726619611,0.0011218557301406987,0.2082925685967222
2026-01-01 00:19:03,1,201.8267266238853,12.595266138226012,0.0005080633554923301,0.30586256410510637
2026-01-01 00:19:03,2,59.78810684009816,6.490367266621525,0.0014982452458867095,0.20529593970912174
2026-01-01 00:19:03,3,16.250531644967698,9.717091521099324,0.0010392902705211682,0.30126914792179016
2026-01-01 00:19:04,0,51.98911638694666,10.12001444374845,0.0014488295776807119,0.28653535190575474
2026-01-01 00:19:04,1,50.3555454971404,10.674245216756466,0.0005920442924940786,0.3152903437708105
2026-01-01 00:19:04,2,29.277509471393362,9.945175057047217,8.05780068381719e-05,0.18785535568024675
2026-01-01 00:19:04,3,39.259076348815924,14.04937893894748,0.0007130514535854921,0.481445745454589
2026-01-01 00:19:05,0,25.196062691899662,7.376655903516087,0.001301856197423397,0.27746820247658427
2026-01-01 00:19:05,1,25.31719830581176,7.735485672496666,0.0008317292729989083,0.13329207019493775
2026-01-01 00:19:05,2,50.875725587384295,10.213179732140798,0.00015844807486216407,0.2960067648693725
2026-01-01 00:19:05,3,194.8674791571763,11.289999183532238,0.0008926294470023221,0.33388596224982814
2026-01-01 00:19:06,0,95.4432220279889,10.372890149062405,0.0013085518198182918,0.43234889513714597
2026-01-01 00:19:06,1,16.405157230325344,9.130910163198115,0.000266157660524363,0.13808912647664784
2026-01-01 00:19:06,2,14.949510124740089,14.215535252852273,0.0005744589805957055,0.37513165844355745
2026-01-01 00:19:06,3,11.31182218541238,14.034183108386365,0.0011873660101579273,0.6097830639028415
2026-01-01 00:19:07,0,20.02338291103094,9.459068531214436,0.0007243915756997297,0.21984569919955949
2026-01-01 00:19:07,1,25.598621076683695,11.211762991435867,0.0019880888433923887,0.2935496342411603
2026-01-01 00:19:07,2,38.73367159063606,13.096243356826703,0.0004467852900380586,0.4021357323284923
2026-01-01 00:19:07,3,12.024709233574947,10.847190553624865,0.00019854411108485292,0.2753289313667952
2026-01-01 00:19:08,0,104.14510769798655,9.58481795653809,1.1509157929643824e-05,0.37067917550001434
2026-01-01 00:19:08,1,26.48347581528712,9.441807416093873,0.0003496365469489255,0.13776477083957803
2026-01-01 00:19:08,2,14.604429874238933,10.189205552862992,0.0022039178842103912,0.3124678598115521
2026-01-01 00:19:08,3,28.005945753600848,9.26340055210805,0.0005512614964117231,0.12581995473630422
2026-01-01 00:19:09,0,21.704614845956836,10.185649761567774,5.713931783092531e-05,0.3410105860213223
2026-01-01 00:19:09,1,23.22499616356514,13.568026014655654,0.0002646582875137556,0.11556548584223757
2026-01-01 00:19:09,2,14.110417078736349,11.151242854119536,0.0026561488899774005,0.07446066671112125
2026-01-01 00:19:09,3,24.877723676071607,9.187489188155851,0.0009151977665123294,0.19361849868211778
2026-01-01 00:19:10,0,16.719664640534656,8.415354446363,0.0011670727405424044,0.1455922169108097
2026-01-01 00:19:10,1,17.61749478355777,11.209531325275186,0.0010418167444610155,0.29513837245654434
2026-01-01 00:19:10,2,73.4751688134451,12.28091534281037,0.0013969077009396006,0.2312199921426616
2026-01-01 00:19:10,3,50.70486613583364,13.875516154157246,0.000521651318955029,0.5560975221350585
2026-01-01 00:19:11,0,42.154520292555596,10.655815415221085,2.5414377802396133e-05,0.11599692914964174
2026-01-01 00:19:11,1,40.37514001918985,12.921657175523904,1.913755590662107e-05,0.3240216122531165
2026-01-01 00:19:11,2,21.218248299111675,11.510217830203844,0.00019432268740099761,0.3441049566405454
2026-01-01 00:19:11,3,8.623453725450526,13.534576688767192,4.491790574598117e-05,0.14785594513785688
2026-01-01 00:19:12,0,20.759745066394636,7.38834523797022,0.001032822497875112,0.10667112167286122
2026-01-01 00:19:12,1,11.931700047646974,10.188945086932174,0.0010496798690469342,0.3154245212674462
2026-01-01 00:19:12,2,79.49797352878394,16.935930369451373,0.0007641481237255736,0.5641413532845932
2026-01-01 00:19:12,3,31.72245001158671,6.847188373817872,0.0018554472059202837,0.12899225426449307
2026-01-01 00:19:13,0,34.117439543825235,9.422300946284556,0.0009545489544543138,0.1565055332822986
2026-01-01 00:19:13,1,38.51583527428613,9.108995136829279,0.00011686658032225335,0.16731015633393395
2026-01-01 00:19:13,2,40.05470191714582,11.284118667827611,0.0003998339573496149,0.17119559278322272
2026-01-01 00:19:13,3,16.958410077191644,11.50918602511768,0.0011391164039596248,0.4361802408584174
2026-01-01 00:19:14,0,20.53690574054541,13.884945929089456,0.0009433438557194965,0.3284855904264089
2026-01-01 00:19:14,1,19.969178393554554,9.016163117080113,0.00032074534624050425,0.3326906660159762
2026-01-01 00:19:14,2,35.20124625628096,6.227978373041108,6.24066250038475e-05,0.07524567811685459
2026-01-01 00:19:14,3,20.560969408249658,10.576069783779175,0.0011188706645211554,0.275910753420968
2026-01-01 00:19:15,0,36.31204420431446,13.136624638207582,0.00012156928295665745,0.3259781394349157
2026-01-01 00:19:15,1,20.665602092449692,13.927237715974673,0.0015877227095860836,0.2279487787500062
2026-01-01 00:19:15,2,33.40374314132552,12.120693247733993,0.0006268812141397387,0.1735973510608368
2026-01-01 00:19:15,3,64.55735431402583,16.62446436658482,0.0020474287097833293,0.4729460201221211
2026-01-01 00:19:16,0,66.26793451731271,8.0807407603745,3.170663169341062e-05,0.23531241993575822
2026-01-01 00:19:16,1,163.31152125081914,10.60539938523873,0.0004122285034052732,0.27963003299328504
2026-01-01 00:19:16,2,28.423292072197082,15.349905677883466,0.0009000680594745016,0.3451489659810208
2026-01-01 00:19:16,3,23.473732826765126,10.52121233666753,0.0013501577341648696,0.08299596618428282
2026-01-01 00:19:17,0,88.0216322186619,10.428247371706291,0.0008302876051198054,0.298507724995169
2026-01-01 00:19:17,1,15.373940303330384,9.669750333235278,0.0016464332546671635,0.14083240518425666
2026-01-01 00:19:17,2,30.596420818458625,15.975906026265923,0.0019957125791374777,0.5000076646905618
2026-01-01 00:19:17,3,8.868860444843005,11.154166155217668,0.0006995033105541179,0.23371952206235322
2026-01-01 00:19:18,0,29.850494361543923,14.23718218220073,0.00012126570058523698,0.27887099905109825
2026-01-01 00:19:18,1,133.34540713831404,11.102012531563181,0.0007338434209842658,0.38695658913210845
2026-01-01 00:19:18,2,57.56138175324909,13.09177518635434,0.0009081329157493713,0.40821199189049834
2026-01-01 00:19:18,3,57.68561417941851,9.523801547341213,0.00016531503999303826,0.35171727697351635
2026-01-01 00:19:19,0,6.904592772719806,8.220506168661444,0.0015176259977579287,0.24888073318646023
2026-01-01 00:19:19,1,28.20951790643607,6.309828856168453,0.0008779424992856911,0.282446459748894
2026-01-01 00:19:19,2,46.45202985390628,12.858315419282084,0.001570608441218091,0.4224463139896201
2026-01-01 00:19:19,3,13.51472139824751,10.66367286351552,1.0828090310782871e-05,0.02
2026-01-01 00:19:20,0,83.43984190140478,10.605771265644563,0.0003320762059846262,0.23196727774989345
2026-01-01 00:19:20,1,70.81146783904452,12.011772478842602,0.002369625447586802,0.36019379461433804
2026-01-01 00:19:20,2,20.573746907143295,7.280130196366473,0.00016174200106119205,0.02846393249023787
2026-01-01 00:19:20,3,29.293521667793957,12.317253033907836,0.0014697967544199568,0.5767228808168903
2026-01-01 00:19:21,0,10.97464767337881,8.549614911076292,0.0040627843147327935,0.14450729456906697
2026-01-01 00:19:21,1,61.54357006066,7.682549286771098,0.000797938900238595,0.2154511423604579
2026-01-01 00:19:21,2,45.57503111460329,12.794289036765152,0.0002295793612490579,0.2694975003182602
2026-01-01 00:19:21,3,22.878594424701067,9.00333127903359,0.0005827329862600708,0.316779553312262
2026-01-01 00:19:22,0,31.079387942462265,4.276572052212622,0.0018532075819762907,0.23661659240415062
2026-01-01 00:19:22,1,13.969322243212627,9.231336674681309,0.0011375730740259726,0.09124517684353065
2026-01-01 00:19:22,2,116.6960784526609,6.5666145460710466,0.001167045134419503,0.2810127683767319
2026-01-01 00:19:22,3,59.01260592321799,16.264217783110695,8.564107982059432e-05,0.5542467672478976
2026-01-01 00:19:23,0,24.09742887118241,9.09152662073176,0.001699656061053514,0.1308107240846165
2026-01-01 00:19:23,1,23.476118264341594,14.035593762945153,2.77381075028209e-05,0.3460827197696637
2026-01-01 00:19:23,2,59.38981680244058,15.39322590172341,5.167254643897512e-05,0.5736031110882255
2026-01-01 00:19:23,3,79.57259577147832,15.286578799345522,0.001196146520451219,0.5749093031346926
2026-01-01 00:19:24,0,40.511531837357616,8.3629771214405,0.00018486540052445305,0.10177237740348791
2026-01-01 00:19:24,1,43.43185861011147,12.692963676948404,0.0007679183819861308,0.3836969915392987
2026-01-01 00:19:24,2,10.780543583090074,10.833873264791464,0.0010152273527843714,0.4599557434827851
2026-01-01 00:19:24,3,76.51164335748136,19.463208516939986,0.002034805808996261,0.4842200580696828
2026-01-01 00:19:25,0,20.435058782105237,13.510407378438389,0.0008931109190022779,0.23076690708839145
2026-01-01 00:19:25,1,11.834867681430985,7.649190794222641,0.0001024822359063949,0.1972395657392313
2026-01-01 00:19:25,2,36.683574706401664,12.156559172808699,0.0013620905156975708,0.30507062104815613
2026-01-01 00:19:25,3,32.24328584421854,15.663536465053733,0.000795184894584582,0.613532290215277
2026-01-01 00:19:26,0,73.83648430115274,14.97192223892149,0.00016855830409097868,0.4614459141775005
2026-01-01 00:19:26,1,13.59321543809039,9.055300451974059,0.0017240047053380932,0.30594038779839394
2026-01-01 00:19:26,2,52.569752691116996,14.150568316004083,0.0004153200226801529,0.3069948320957036
2026-01-01 00:19:26,3,50.15935947805901,14.6277113214924,0.0011391693138657114,0.5199724302799755
2026-01-01 00:19:27,0,25.14556270411678,9.251339064945427,8.399079069118314e-05,0.20720750184101472
2026-01-01 00:19:27,1,22.827375805340484,6.406552343361382,0.0003535619661994575,0.12856519051292706
2026-01-01 00:19:27,2,10.690273274463895,9.287652793406528,0.0006488379662674784,0.40883023803089796
2026-01-01 00:19:27,3,14.752166096616463,8.199525205618867,0.00013504514350393403,0.23323570247799244
2026-01-01 00:19:28,0,19.306023397870526,10.775616226653735,0.0007092759531671515,0.28011544542577427
2026-01-01 00:19:28,1,36.91348258810949,14.457260870857006,0.0006569196126243858,0.43233683967009695
2026-01-01 00:19:28,2,33.87021813234169,14.821537549610166,0.000953271633576637,0.357185485358303
2026-01-01 00:19:28,3,21.334474211242863,8.945359216807697,0.00018982805500861736,0.17362946049166456
2026-01-01 00:19:29,0,23.011883918453883,10.022632739627717,0.0007253674287463208,0.3571031494904315
2026-01-01 00:19:29,1,31.710605097446543,7.855569623003225,0.00014326999591005726,0.2499461096484034
2026-01-01 00:19:29,2,37.949656228731925,7.621132374719696,0.00019759297987878758,0.2547353629360145
2026-01-01 00:19:29,3,78.8358957937932,8.069696120664878,0.0010465636076475912,0.3304526860252832
2026-01-01 00:19:30,0,43.13788968205087,8.652713998661834,0.0006438806407666253,0.20802388142629819
2026-01-01 00:19:30,1,151.08692268564704,13.97991822706523,0.00040257542414788913,0.2034534966464584
2026-01-01 00:19:30,2,14.057244628425375,9.92647283226116,0.0026328145615271466,0.27627035609573536
2026-01-01 00:19:30,3,42.30999815478206,12.0879233509323,0.0006181295666129251,0.4626613242221857
2026-01-01 00:19:31,0,12.403817408748198,7.203205259146392,0.000903215989997044,0.02
2026-01-01 00:19:31,1,123.58453276236361,9.43741599670603,0.0020224368827290486,0.30202333314873625
2026-01-01 00:19:31,2,23.035857307796817,11.740417408208602,0.0004320142530720362,0.3167839005519376
2026-01-01 00:19:31,3,13.880974056952656,17.201884281270047,0.00014492263052072804,0.45427281192627345
2026-01-01 00:19:32,0,22.668767657111353,10.038211659093934,0.0005232093108653785,0.21039188092713812
2026-01-01 00:19:32,1,21.084971271335974,10.152444255734185,0.0008110374030416681,0.08810042962789406
2026-01-01 00:19:32,2,11.816734958517548,9.717595284999023,0.000644640727366081,0.13690764428515234
2026-01-01 00:19:32,3,42.37797451919805,12.873624281843364,0.00038342034744528206,0.489184399245463
2026-01-01 00:19:33,0,38.227835046468996,9.408984117873056,0.0026672775743998376,0.12968211711617378
2026-01-01 00:19:33,1,57.71248612489966,8.427365588876942,0.0008847191096697269,0.13840080853524978
2026-01-01 00:19:33,2,47.281167722855386,8.119092349852506,0.0013876456356593271,0.2227736375608643
2026-01-01 00:19:33,3,17.068584597958075,8.066235660117457,0.0034706656258670595,0.16264996186144243
2026-01-01 00:19:34,0,31.38347322954973,12.278199553465608,0.000960976762105942,0.3744923865936425
2026-01-01 00:19:34,1,11.65686589984008,8.873764887942784,0.0009611452213649579,0.12211902669716869
2026-01-01 00:19:34,2,63.1436803877686,8.147262497394257,0.0003691678478658888,0.3584979948639421
2026-01-01 00:19:34,3,15.882423339022168,14.199303154049183,0.00038989474480725705,0.49580083412266474
2026-01-01 00:19:35,0,12.135634012727781,11.654588385625814,0.0006090624378683939,0.11304612390581326
2026-01-01 00:19:35,1,13.151435275791597,4.808609607524117,0.002370591974564654,0.1663131902423886
2026-01-01 00:19:35,2,48.5949892413366,12.386089139199633,0.0004857088579174231,0.47628237087681313
2026-01-01 00:19:35,3,22.554091283200385,11.621222560275733,0.0010940361719023017,0.21481620437711815
2026-01-01 00:19:36,0,78.2004750864812,9.416278969604017,0.00018891904354081327,0.043418503760142765
2026-01-01 00:19:36,1,56.72248259061854,7.9940373703680825,0.0010114599230727484,0.19273905557904034
2026-01-01 00:19:36,2,17.85210247601683,7.485748461346503,0.0016053768911787846,0.11732261493107934
2026-01-01 00:19:36,3,18.32363994312869,14.778191565513524,0.00020026459046167672,0.36133420528671767
2026-01-01 00:19:37,0,51.815970539167495,11.569248893022296,0.000431016063120598,0.32576546172186205
2026-01-01 00:19:37,1,29.4770018790104,12.606670981290808,0.00041003074653045906,0.4019476638900937
2026-01-01 00:19:37,2,24.493083891076022,11.041400679236705,2.858364236023208e-05,0.11269170330400416
2026-01-01 00:19:37,3,44.7418478091494,21.183720192096697,0.000665987366627925,0.5695546236625173
2026-01-01 00:19:38,0,30.27175893272219,13.27932917690568,0.00029307217788276073,0.27767062427638106
2026-01-01 00:19:38,1,38.01234584217704,14.439453158357338,0.0009354361424228991,0.25576617050241596
2026-01-01 00:19:38,2,21.401156110432222,11.19723076142101,0.003044176467195956,0.38450659235953105
2026-01-01 00:19:38,3,12.858154377372058,14.787106820897538,0.0005410680934992316,0.27442922957192384
2026-01-01 00:19:39,0,30.782453341216918,9.331147497850253,0.0020091991390250316,0.25994796583020086
2026-01-01 00:19:39,1,77.11543832594263,10.121094229176418,0.0008447088042029455,0.1755385565075605
2026-01-01 00:19:39,2,104.05111878046483,10.79855398856967,0.004243040577928226,0.25208913540574185
2026-01-01 00:19:39,3,45.87446284235294,9.144017572706717,0.002019128902810416,0.25556606312287244
2026-01-01 00:19:40,0,18.501851275803833,12.426835394267759,0.0004465032965809361,0.11843020911354993
2026-01-01 00:19:40,1,42.11782696965891,11.597658302522486,0.001555894438892336,0.1452965209557246
2026-01-01 00:19:40,2,14.991984124185992,11.04820443714409,0.0001478179271889766,0.35579103395349854
2026-01-01 00:19:40,3,46.17797205144674,17.44528798954837,0.0004208149211999685,0.36736332619558754
2026-01-01 00:19:41,0,15.049436094218157,13.522083221054409,0.00045475636738178695,0.1705981079634375
2026-01-01 00:19:41,1,36.433318174690086,10.967983503913278,0.0003475628332040111,0.47075643509329534
2026-01-01 00:19:41,2,27.845471473910663,12.018551861698231,0.0004958905270937035,0.18420546778061303
2026-01-01 00:19:41,3,18.553119785235076,11.95104771613995,0.00033383254395181127,0.4299415280204605
2026-01-01 00:19:42,0,20.983514452182447,15.741920414449275,0.0008220346774191185,0.1239082946126082
2026-01-01 00:19:42,1,37.47524761928264,12.484182490964919,0.0004408839512066337,0.5156230031576613
2026-01-01 00:19:42,2,24.039253004191274,7.887766292099448,0.003114258867765322,0.3355406178307847
2026-01-01 00:19:42,3,27.084419609643277,13.409086159088886,0.0003274419388157184,0.39663786742733503
2026-01-01 00:19:43,0,55.92812882563013,9.007350165804239,0.00013144838441402575,0.17313454873013534
2026-01-01 00:19:43,1,21.149996343492482,11.264713180034647,0.0019518270091661751,0.3704641677227848
2026-01-01 00:19:43,2,74.14529667268579,11.385005558576541,1.1725697982198627e-05,0.2824879593063243
2026-01-01 00:19:43,3,28.83541051669047,9.870193966635359,0.00012438447550539348,0.2582377773420991
2026-01-01 00:19:44,0,30.624513886685897,8.915868475609459,0.0002704414404702886,0.2449998081101627
2026-01-01 00:19:44,1,22.008802493415175,14.084532895138356,0.0005521818636215085,0.2811153009033123
2026-01-01 00:19:44,2,38.37400291298485,10.350782655157468,0.00029406685474935647,0.5205052523720143
2026-01-01 00:19:44,3,38.946398241212535,15.094097335439928,0.0007328756412285629,0.555284632621192
2026-01-01 00:19:45,0,21.091047810323616,11.424506110600232,0.0002697439487318517,0.08089296773719282
2026-01-01 00:19:45,1,55.3006928377138,13.884934016167295,0.0004838845833974591,0.37293332448764577
2026-01-01 00:19:45,2,14.322212605693949,5.492363182191305,0.0003454007377410682,0.18425093432488482
2026-01-01 00:19:45,3,29.000618867940233,12.707884075386342,1.9106393503267378e-05,0.38269362013045477
2026-01-01 00:19:46,0,98.8510793076242,13.081231071631166,0.00023406560073838245,0.29695744523953016
2026-01-01 00:19:46,1,69.29312475559868,12.199939675705238,0.0003195611033289926,0.29799373180012423
2026-01-01 00:19:46,2,22.84963211419742,9.140561078452588,0.00011307650173341842,0.24490871123417618
2026-01-01 00:19:46,3,20.38881401449768,13.347415104953889,0.0008494985039710563,0.4176097956579872
2026-01-01 00:19:47,0,62.4515877367776,11.152407239078027,9.861794586840179e-05,0.15598391905766112
2026-01-01 00:19:47,1,92.282145102179,10.738483471506308,0.00048495712431274456,0.2680542849917901
2026-01-01 00:19:47,2,35.665292986919916,8.968876210363776,0.0013171981999005242,0.31303433123252067
2026-01-01 00:19:47,3,56.65558575939765,15.884680366528315,0.0002969918071704434,0.18547233195381396
2026-01-01 00:19:48,0,15.43758349734135,8.32131906269475,0.00014792973072396326,0.19342931563242335
2026-01-01 00:19:48,1,12.86850267704999,11.145061954426744,0.0006872353522237255,0.13129834558753634
2026-01-01 00:19:48,2,56.470564654315965,7.595199360546182,0.0004906439415361644,0.21791659400197697
2026-01-01 00:19:48,3,23.319767784297703,11.71415710487896,0.0010979359424952626,0.2741801216921677
2026-01-01 00:19:49,0,35.21676816398903,10.597084759885103,9.345269249050676e-05,0.2672838109435763
2026-01-01 00:19:49,1,16.512397038734647,10.948456117709307,0.0007209078273153548,0.3293946561373006
2026-01-01 00:19:49,2,48.45368628692905,13.283319327878718,0.00038018136569421633,0.5182567157677612
2026-01-01 00:19:49,3,18.602983418905666,12.259507722159174,0.0005715112944208943,0.37882132857642803
2026-01-01 00:19:50,0,55.86744822112342,12.016005026962278,0.001546975504185725,0.11835809004205747
2026-01-01 00:19:50,1,72.19090276949225,12.271782590181177,0.0015354285064949319,0.46750576681219513
2026-01-01 00:19:50,2,86.94157858284184,13.801420240932929,0.0010514413059452853,0.10266968663871473
2026-01-01 00:19:50,3,13.519202009115991,13.214475306077023,0.0022524666817931712,0.3603010228948296
2026-01-01 00:19:51,0,22.421784380647246,7.813664002610099,0.00018171412147036705,0.20597404214663328
2026-01-01 00:19:51,1,21.963737977731537,12.053941293122877,0.00010851371969093429,0.3060389264149008
2026-01-01 00:19:51,2,42.29585895300177,15.208400097869667,0.00013512216368678068,0.43944693843714067
2026-01-01 00:19:51,3,59.67211013655519,11.641155909268589,0.00020333427385015095,0.36874380473018703
2026-01-01 00:19:52,0,51.72065717036186,12.970867302826267,0.0012608173431402257,0.41313485016646023
2026-01-01 00:19:52,1,22.01273391316732,10.468143498669994,0.0004879087498639515,0.23861066962643418
2026-01-01 00:19:52,2,37.08155856800781,11.770968266287646,0.0017277910832291426,0.42945881243613715
2026-01-01 00:19:52,3,72.95460691969062,7.92845880213413,0.001329170727369683,0.23221664325098398
2026-01-01 00:19:53,0,34.489073411984535,9.274417540812676,0.0008907482355777089,0.09270963440456978
2026-01-01 00:19:53,1,23.015743059067894,10.873940406375297,0.0005668316529659214,0.27053878518989005
2026-01-01 00:19:53,2,38.618628219982845,9.71987490081938,9.288884794907926e-05,0.35410173706906595
2026-01-01 00:19:53,3,41.21357028983106,4.853473934809227,0.00031439838351963605,0.22816892719406362
2026-01-01 00:19:54,0,12.46884601350139,9.92137617588415,0.0015312702752810783,0.15134704500586477
2026-01-01 00:19:54,1,69.67178621397566,10.463085079978311,0.00020532132656769762,0.24714551835009163
2026-01-01 00:19:54,2,6.094534349812947,14.500544173840794,0.000676995255178252,0.5164779890245805
2026-01-01 00:19:54,3,109.8713623013867,9.047688266148244,0.0009265712190109554,0.23791676325496278
2026-01-01 00:19:55,0,50.532590040478155,11.837984837903317,0.000238005408368058,0.11248930926387897
2026-01-01 00:19:55,1,34.33718982134263,8.040205615121735,0.0016780220451554418,0.2612726993779723
2026-01-01 00:19:55,2,40.43577214929368,11.310637956363383,3.1930324196877366e-05,0.14846263579139415
2026-01-01 00:19:55,3,33.880829531998074,10.487976767406952,0.0014218406452096012,0.1711915129967873
2026-01-01 00:19:56,0,7.631946088591064,7.991456318119626,0.002574868091882031,0.11812652691123268
2026-01-01 00:19:56,1,37.138254031824886,12.325730693537572,9.237980323700143e-06,0.21177291515315197
2026-01-01 00:19:56,2,64.13311871692798,15.521857970685627,0.0005810974655591491,0.6282967243921969
2026-01-01 00:19:56,3,75.8792579524577,12.868234178210905,0.00031245654951394473,0.34852967407215757
2026-01-01 00:19:57,0,52.9656626369793,9.618663844645436,0.0003981748852054429,0.25688903879688996
2026-01-01 00:19:57,1,51.031856885125116,15.749638067902499,4.547471017942677e-05,0.46174250655322974
2026-01-01 00:19:57,2,53.30605463854858,9.988473976327388,0.001197262747925844,0.46090093474973437
2026-01-01 00:19:57,3,32.16815155671613,12.535981969249818,0.0010861207515052264,0.327468809700461
2026-01-01 00:19:58,0,20.057046344374687,10.731282275433196,0.0004432011280670656,0.04241841394560302
2026-01-01 00:19:58,1,57.84733234890795,11.541729133518976,0.0001764900284754089,0.2743543242295936
2026-01-01 00:19:58,2,24.060297446490278,9.745169683979643,0.000721454664389779,0.17362429797685355
2026-01-01 00:19:58,3,25.93898183485188,13.230032506350907,0.00010566803411657815,0.2208947441949628
2026-01-01 00:19:59,0,28.156956280919573,12.672864834126834,0.0006786858910520983,0.33435719450131157
2026-01-01 00:19:59,1,16.57599857686339,15.047590985006494,0.00022955090208432192,0.23678327927696408
2026-01-01 00:19:59,2,29.806719402765484,14.874705538151698,0.000512226229424321,0.5306562443884034
2026-01-01 00:19:59,3,48.57102252038856,13.798979819883675,7.455027076564598e-05,0.5144375654816035
2026-01-01 00:20:00,0,40.101477032586246,10.196249342878673,0.0009320321071703776,0.2813579792826943
2026-01-01 00:20:00,1,44.61136429575457,10.099027738842794,7.159371992426776e-05,0.12140135238295369
2026-01-01 00:20:00,2,43.24605564255973,9.978884649902655,0.002194812872174209,0.29307422118589144
2026-01-01 00:20:00,3,29.72709038848342,11.927170954811015,0.0005470785268541216,0.18562494990909342
2026-01-01 00:20:01,0,103.5012654481642,10.689230333604936,2.7129124284445688e-05,0.3445694858174337
2026-01-01 00:20:01,1,8.729786534474833,9.464673548960153,0.0001015506440580809,0.02
2026-01-01 00:20:01,2,22.016122201687967,9.939149807918643,6.390121613977007e-05,0.2898518774446942
2026-01-01 00:20:01,3,62.391624658267006,12.337500666995911,0.00113327840068932,0.2902641550706118
2026-01-01 00:20:02,0,43.5120307068966,16.09602677730968,0.00031936483619815134,0.4506064336783473
2026-01-01 00:20:02,1,85.55280027108614,13.459863302886644,1.026691055990739e-05,0.37155438747740055
2026-01-01 00:20:02,2,43.66669169858669,14.380320518530699,0.00017283304407284328,0.04303458239249182
2026-01-01 00:20:02,3,42.069017774239924,21.023342405107655,0.0003999648503338238,0.6548413106624896
2026-01-01 00:20:03,0,30.600509611410573,8.60937687454297,0.00011513705253914753,0.16504878534544096
2026-01-01 00:20:03,1,77.6289062099984,9.553701058204899,0.0034032969174833797,0.19446940513305208
2026-01-01 00:20:03,2,122.40604273019053,11.896516530888846,5.836333225312731e-06,0.40723946163287966
2026-01-01 00:20:03,3,29.68302656358799,10.637358575408708,0.000352468196514786,0.3392602814969338
2026-01-01 00:20:04,0,19.376240470209243,9.150637672779222,0.00024167148783156672,0.27648781079726065
2026-01-01 00:20:04,1,83.04607107542226,16.542898066291546,0.00012937694537474588,0.39436495137584887
2026-01-01 00:20:04,2,15.387334427486616,10.62526733932709,0.000449026859836155,0.20461174242446903
2026-01-01 00:20:04,3,25.04597027496814,17.395607829529133,0.0006367512865153287,0.511276903081318
2026-01-01 00:20:05,0,27.931097067780925,7.5657363640082735,0.0001362566680116116,0.06183125459615434
2026-01-01 00:20:05,1,7.857772614680119,9.714342984627542,0.00045315552143416853,0.25597962369499017
2026-01-01 00:20:05,2,16.363911023623462,10.367453439771582,0.0012910992549089164,0.2863169484531794
2026-01-01 00:20:05,3,5.724720738353174,9.503924203967028,5.8028245765352026e-05,0.0708693590648979
2026-01-01 00:20:06,0,10.706897245371714,8.493120664030757,0.0021284014330149267,0.19238184238807932
2026-01-01 00:20:06,1,21.74856594606786,9.820078795491304,0.00010592729874405046,0.3170577305487553
2026-01-01 00:20:06,2,62.963334494301044,8.125975647419681,0.00013920184062925968,0.1845944678716463
2026-01-01 00:20:06,3,39.091107569289804,14.852565879951703,0.0007372132586506469,0.33757254134038894
2026-01-01 00:20:07,0,51.349918025341154,7.5193789610656445,0.0019588408600023743,0.14253016389161025
2026-01-01 00:20:07,1,61.19725700504828,8.092310303315182,0.0014141568814470989,0.23919644707260296
2026-01-01 00:20:07,2,20.793330870135183,18.607350960688866,0.0002494321347023358,0.40677230233953476
2026-01-01 00:20:07,3,116.46465677872534,15.830784470213128,0.002636571845338441,0.6735509229700223
2026-01-01 00:20:08,0,52.835041295559655,12.125812428051015,0.0010482768682385745,0.15887375668840117
2026-01-01 00:20:08,1,26.537784409504546,15.369619968785193,0.0003611510046246463,0.21694648586310178
2026-01-01 00:20:08,2,19.097965965220105,10.459879246207391,0.00011689827790283747,0.11822919937493702
2026-01-01 00:20:08,3,81.32883287043047,12.869113209520233,0.0005030721696488716,0.39612355017850054
2026-01-01 00:20:09,0,69.32042341493806,14.162556851711315,0.0013649998358385607,0.37013811484130654
2026-01-01 00:20:09,1,49.303959328314896,17.946617221063395,0.0012357333088444816,0.2011068851747953
2026-01-01 00:20:09,2,63.803002835411945,14.725102739230262,0.0011501530886746825,0.0665338488485282
2026-01-01 00:20:09,3,23.12722331931048,10.590318365352864,7.461122914376963e-05,0.18571177040988546
2026-01-01 00:20:10,0,19.754943428010197,9.193867024297909,0.00018734184592449212,0.3648413863020988
2026-01-01 00:20:10,1,30.57850797926766,11.966034255990644,0.00014196247676075138,0.1971239510313866
2026-01-01 00:20:10,2,9.35050260831025,18.1701229644321,0.0014523519100193792,0.5069815645838526
2026-01-01 00:20:10,3,41.53169309503603,5.73415419127903,0.0003112185727761443,0.28412983691723737
2026-01-01 00:20:11,0,22.949092434157496,11.933403802433375,0.0035710957498228477,0.038069867302803
2026-01-01 00:20:11,1,80.8992430925251,14.124058378205842,0.0031309402701051653,0.5365565803686553
2026-01-01 00:20:11,2,19.94864410348899,8.916811889229086,0.00047165208411104357,0.2996227303634337
2026-01-01 00:20:11,3,177.18783506146966,13.797906499403691,0.0002051114004856711,0.5579467885837087
2026-01-01 00:20:12,0,12.280629225731015,10.931778058717228,8.067207843008361e-05,0.2986025781301391
2026-01-01 00:20:12,1,25.00914626643393,12.233411164126018,0.0005630005831077761,0.34152416491920284
2026-01-01 00:20:12,2,37.48255740362922,11.394976612676022,0.002169840743649831,0.21231750337478145
2026-01-01 00:20:12,3,44.19178109403625,6.530681897217257,0.00015700876874169323,0.28594321508526177
2026-01-01 00:20:13,0,55.989918264093305,9.339132514740141,0.0009242342300841555,0.25460666858210135
2026-01-01 00:20:13,1,86.36340346599167,13.50913927453741,0.0011344452343468201,0.47538573932065675
2026-01-01 00:20:13,2,30.40433539636642,10.351421194924077,0.0008181687444456342,0.2139561925705185
2026-01-01 00:20:13,3,71.91973051974115,12.955139440024233,0.0007048136918681593,0.3380394074085181
2026-01-01 00:20:14,0,17.15398353043912,11.259842518544252,0.000555578664361589,0.41376904013171917
2026-01-01 00:20:14,1,33.53481659498693,11.348928655509537,0.000761577431510678,0.48986760408546226
2026-01-01 00:20:14,2,48.47545864789897,16.31706691476292,0.0007641004318796997,0.24874386515608102
2026-01-01 00:20:14,3,10.312878910974142,17.892397665241024,0.0010057252923661986,0.2103896607631523
2026-01-01 00:20:15,0,10.399919915594783,9.5817402158997,0.0010218574654139207,0.3299811600244062
2026-01-01 00:20:15,1,31.760908739092976,12.28630058135147,0.001681991529372995,0.282253543553091
2026-01-01 00:20:15,2,26.580687840724234,8.68119323720562,9.529553329004221e-05,0.14154740276269928
2026-01-01 00:20:15,3,18.640697674106722,10.670079609605358,0.0014356193608352295,0.28729407678480634
2026-01-01 00:20:16,0,57.83688396351687,10.987979550635682,3.120995399504914e-05,0.1675348468480117
2026-01-01 00:20:16,1,30.22597458070103,9.878420509800849,0.0004431380249724838,0.2631260420043886
2026-01-01 00:20:16,2,37.02073539171768,12.907551505432213,0.001595923992949367,0.3691177921111014
2026-01-01 00:20:16,3,58.93269722540808,11.599890401959168,0.0004343524996924371,0.38991861140385253
2026-01-01 00:20:17,0,31.780432501400735,11.59846327190752,0.0003223520398726296,0.1269137248440436
2026-01-01 00:20:17,1,33.22546354046198,13.852215492553398,0.0002708676680912773,0.3082748328226159
2026-01-01 00:20:17,2,27.169827366669736,14.649202356985805,0.00016268380223222927,0.254009391196534
2026-01-01 00:20:17,3,40.93497835960172,9.315792815946107,0.0035727735980241675,0.25981755431385106
2026-01-01 00:20:18,0,12.247291706142287,8.23100901066597,0.0009476831962986013,0.09160305129701585
2026-01-01 00:20:18,1,37.54506933919121,8.791259006820034,0.0002041907023208833,0.18902308206292473
2026-01-01 00:20:18,2,27.554923724543848,9.833235228807323,0.000851066170119513,0.3936563785730998
2026-01-01 00:20:18,3,27.66439728152013,9.265832344041623,0.0007121705087914845,0.3032182451648399
2026-01-01 00:20:19,0,15.8092529480011,10.423218197225635,7.3347666303338e-05,0.1439321675263216
2026-01-01 00:20:19,1,18.174732083897187,7.268967289088662,3.710518116221065e-05,0.24259511571341955
2026-01-01 00:20:19,2,27.162895976541257,11.204675797246717,8.603946532528288e-05,0.32259112622664043
2026-01-01 00:20:19,3,49.26960928396793,12.214577823631998,0.0004718989025411948,0.41517413356951416
2026-01-01 00:20:20,0,57.118754743868536,6.838083180492918,0.0006064299824014193,0.34196173580993383
2026-01-01 00:20:20,1,47.979558675827484,8.850212261934598,0.0008259060851454189,0.27068256893163256
2026-01-01 00:20:20,2,59.79860231432073,12.779682254349579,8.873022370303285e-05,0.49006909470803606
2026-01-01 00:20:20,3,42.86649203321057,13.570880318132112,0.0015510097162826344,0.3986476680653634
2026-01-01 00:20:21,0,19.69137858597146,7.584203988960174,0.001166931641205378,0.1598637170920833
2026-01-01 00:20:21,1,28.843108488152634,8.821973215442128,0.00026515872561219493,0.11731072120910102
2026-01-01 00:20:21,2,20.8488354306905,9.426290551209208,0.0014929280630795218,0.16245288937712182
2026-01-01 00:20:21,3,44.481078676230815,14.014424528621113,0.00035068646036824744,0.5073802822755221
2026-01-01 00:20:22,0,21.773884745313204,10.263201185303027,0.001073506576593067,0.1518557236593939
2026-01-01 00:20:22,1,14.929709657287729,9.774493295905941,0.0008361001388161825,0.14920297410757216
2026-01-01 00:20:22,2,48.871618686486464,9.302701746023732,0.00017860221259618565,0.1993371692759901
2026-01-01 00:20:22,3,22.845821649889228,9.152510061806247,0.0007038383481174612,0.330033505383643
2026-01-01 00:20:23,0,27.24905292665944,11.586712228876793,0.001403206953782009,0.23918223363766783
2026-01-01 00:20:23,1,73.65553492521343,10.375462339712515,0.0010234299427206005,0.427195319227354
2026-01-01 00:20:23,2,30.20487477735642,7.873052822676794,0.0012749438704182836,0.26517778377450535
2026-01-01 00:20:23,3,25.285537419013938,10.058084725326284,0.0017741121043935092,0.1715026523016802
2026-01-01 00:20:24,0,17.269456005816718,14.00008900870964,0.000989965413682107,0.4008075526860866
2026-01-01 00:20:24,1,27.648059767096576,11.573543340004862,0.0016894295604471066,0.32891116169321066
2026-01-01 00:20:24,2,44.268499621746265,9.505194241436719,0.00015666679262575086,0.07299222117738782
2026-01-01 00:20:24,3,14.136031434816402,11.817566230349726,0.001097163065215978,0.2687189486832703
2026-01-01 00:20:25,0,24.788052432756132,13.081567923092866,0.0004445249027908262,0.33378566420170197
2026-01-01 00:20:25,1,48.74538552854323,11.093165896295757,0.00019157462178783654,0.33363027643921483
2026-01-01 00:20:25,2,33.5377945043427,8.559332360080035,0.001902605061044033,0.29864465624836234
2026-01-01 00:20:25,3,109.33340632310598,15.973626533319399,1.8597651996073862e-05,0.60047599555979
2026-01-01 00:20:26,0,33.08152895149543,14.21778068903682,0.00022288676047003896,0.41107694586664645
2026-01-01 00:20:26,1,64.17101297805061,9.199034029299739,0.000540458811963085,0.30318796089910455
2026-01-01 00:20:26,2,22.38923305761987,11.56477651203617,0.0003560916710943407,0.45485211399908854
2026-01-01 00:20:26,3,99.80554808357371,23.095244816063225,0.0003374202561442526,0.37577415430939787
2026-01-01 00:20:27,0,9.519069928734066,8.562223025490667,0.00012752536137217594,0.10596127570652653
2026-01-01 00:20:27,1,27.00687012996666,15.087843835117296,0.0013307943778360378,0.458526735754793
2026-01-01 00:20:27,2,24.657927298537167,11.056225368131958,3.6481726750181055e-06,0.26350417514471014
2026-01-01 00:20:27,3,81.29953460337077,11.614157291571184,0.0009569670582900688,0.4025302570451962
2026-01-01 00:20:28,0,24.642744210044373,16.89849423311518,0.0005852643209633293,0.21953602753450857
2026-01-01 00:20:28,1,44.7219097149031,10.103332784707186,4.717187042799496e-05,0.08597669743497442
2026-01-01 00:20:28,2,16.78229546641961,16.35502730827688,3.327371000162754e-05,0.6302009115570143
2026-01-01 00:20:28,3,15.55432214815765,14.469800456806366,0.0006836538871484452,0.5647389695001431
2026-01-01 00:20:29,0,53.37705940654413,6.851909027311303,0.00048101254329172217,0.20198204374123696
2026-01-01 00:20:29,1,46.138670276076766,11.733934578182879,0.0003896660127901621,0.3206986655038215
2026-01-01 00:20:29,2,43.725483932755346,9.519315367454428,0.0009271324213619265,0.22601301653186467
2026-01-01 00:20:29,3,129.42359487917562,8.555947575218466,0.0009803601112386574,0.4186610025276409
2026-01-01 00:20:30,0,66.66628280595447,13.970662935013344,0.0008129211886938994,0.24226062715715746
2026-01-01 00:20:30,1,46.630248059851134,7.1790537210700025,0.000604117074557899,0.2499302537259944
2026-01-01 00:20:30,2,38.865244589708574,14.03623266918369,0.0003386743963800157,0.5189868146595673
2026-01-01 00:20:30,3,37.88166720644469,18.390599444282167,0.00038325611925540823,0.5295621597627306
2026-01-01 00:20:31,0,21.641550212033792,9.175665847422614,0.00044760425542334864,0.20906320141175672
2026-01-01 00:20:31,1,28.673754041500064,8.848911494185739,0.0005637434703790384,0.20070342225788243
2026-01-01 00:20:31,2,59.31802775824494,10.741838262225949,0.0013064413939894103,0.22297912374288067
2026-01-01 00:20:31,3,54.236226223994215,12.351799493362753,0.000195085901630168,0.41274570131244376
2026-01-01 00:20:32,0,80.80155648805997,15.916525681538632,7.87126932702687e-06,0.41428873932098625
2026-01-01 00:20:32,1,13.174134562727314,8.27603523254655,0.0006386913207238486,0.12621571999858858
2026-01-01 00:20:32,2,91.87558425023282,10.298271879802712,9.39346610320537e-06,0.3661952156175969
2026-01-01 00:20:32,3,59.84969150784697,7.780947167354231,0.0010080576961655195,0.26705688621654944
2026-01-01 00:20:33,0,26.590056478983822,9.042031243840006,0.0003381063743321935,0.3387246514690972
2026-01-01 00:20:33,1,14.342317593033107,20.31085341878776,0.0004995832981683629,0.28609870878727656
2026-01-01 00:20:33,2,18.52716017633769,11.50078978361628,0.00039988535171214,0.25733260270553304
2026-01-01 00:20:33,3,37.07999641148193,9.127335433981827,0.00019202657351189114,0.22835823647610834
2026-01-01 00:20:34,0,72.517374413483,10.534662888899476,7.444908716902343e-05,0.4069906578695337
2026-01-01 00:20:34,1,89.06283255814142,14.34904753739837,0.00011598147748204473,0.5141726139502572
2026-01-01 00:20:34,2,19.464317964429508,18.688485809725066,0.001495066733732439,0.2867113050581647
2026-01-01 00:20:34,3,35.33068125141605,9.895874853192911,1.8609023650244033e-05,0.37488433943075594
2026-01-01 00:20:35,0,13.146479712036273,8.58284586176029,0.002851350235635497,0.10918322485712795
2026-01-01 00:20:35,1,54.47879295303989,10.257199005506264,4.4558518554602445e-05,0.30390187227875026
2026-01-01 00:20:35,2,70.14834380568296,14.004370528807632,0.0009203707710880968,0.5636496019958238
2026-01-01 00:20:35,3,8.761649868145563,13.253010934863315,0.0012694301134414708,0.4598184923148168
2026-01-01 00:20:36,0,54.54507567740967,17.699152170678964,0.0009448826002787821,0.5350443888515751
2026-01-01 00:20:36,1,45.64915346890206,12.91467755625499,0.0005728636180178142,0.4111967009182928
2026-01-01 00:20:36,2,64.43623778992269,10.686321634471204,0.0003074165201336881,0.32351886668584445
2026-01-01 00:20:36,3,32.17655412099739,9.50513921454512,0.001800029399536193,0.3876827630503326
2026-01-01 00:20:37,0,26.545549538537816,8.58063354904957,0.0015657728621228854,0.20114022264489095
2026-01-01 00:20:37,1,163.77785487295677,10.43569202041171,0.0006361428383885073,0.4707046227063185
2026-01-01 00:20:37,2,17.374513795153565,12.198606191799161,0.0019901140882709655,0.22225885382449584
2026-01-01 00:20:37,3,40.246433369176884,11.55974009427212,0.00017720107291964535,0.48290222872358646
2026-01-01 00:20:38,0,6.451853855572292,13.377852309418898,0.001477551681213056,0.21107953273830765
2026-01-01 00:20:38,1,44.99546396555503,10.032217224891122,3.495296159282604e-05,0.3011256250873847
2026-01-01 00:20:38,2,95.71465208280763,12.801393403891238,0.0003929124898261923,0.3533225606955063
2026-01-01 00:20:38,3,25.06257624190688,9.559746608693745,0.0026887726066034414,0.27160302938834285
2026-01-01 00:20:39,0,33.63934166760553,11.186504213925394,0.000327495920009338,0.3624210508250291
2026-01-01 00:20:39,1,60.7760287862092,7.447191254732085,3.4575833044222776e-05,0.2051726424617779
2026-01-01 00:20:39,2,59.929549066552525,10.936680028267858,0.0022241722790020953,0.13150188681917846
2026-01-01 00:20:39,3,20.8702409948109,9.020886495741692,0.00046588952331171686,0.3910012527077505
2026-01-01 00:20:40,0,28.96027927466911,8.271114490761011,0.0027408978005253135,0.08433255581059651
2026-01-01 00:20:40,1,16.35530522168427,13.779444623886334,0.000540616068377746,0.28531874622447045
2026-01-01 00:20:40,2,30.37499302170097,13.448695211797085,0.004085261663023227,0.4064077837150629
2026-01-01 00:20:40,3,256.2396509841602,13.115941738872394,0.0015153876211872377,0.5563635157460797
2026-01-01 00:20:41,0,19.10370494779099,9.23708708846695,0.0007063719529767204,0.1552968231303926
2026-01-01 00:20:41,1,88.27378842558932,8.241859186134409,0.0014606652821939831,0.27068363700172976
2026-01-01 00:20:41,2,56.683795659420326,8.122978726334027,0.0012211643698465614,0.1814868027723993
2026-01-01 00:20:41,3,80.0804850722392,7.418525053020804,0.001072321233330575,0.2459403741824904
2026-01-01 00:20:42,0,59.734739761613454,9.540805523306211,0.0003273582180752763,0.3382348270193084
2026-01-01 00:20:42,1,20.071783944464613,8.026615589457712,0.001675070933298265,0.17583283715250342
2026-01-01 00:20:42,2,44.78523660643752,23.54660910226877,0.00046945289591093325,0.6595779583733706
2026-01-01 00:20:42,3,35.41496738397071,12.529071074959619,6.0866376034238425e-05,0.3531018233428404
2026-01-01 00:20:43,0,24.230219877619728,14.543768133464535,0.0030514101333900404,0.16382690898650923
2026-01-01 00:20:43,1,40.75371387516353,13.528540918681706,0.00015763399416462466,0.34130652927481187
2026-01-01 00:20:43,2,11.714834153782169,12.310599438511026,0.0007064125849131609,0.0661374263539501
2026-01-01 00:20:43,3,35.43992777512389,12.61550598479725,0.00018566845396830904,0.47087854668921614
2026-01-01 00:20:44,0,60.16950967319908,14.801474441760863,0.00043016711752821195,0.389286680896569
2026-01-01 00:20:44,1,133.74136664143978,9.147079999290991,0.00031859688603985,0.19673660936474333
2026-01-01 00:20:44,2,54.515137146503086,11.44968745818419,0.00028059061380166606,0.4656773236349795
2026-01-01 00:20:44,3,25.84633041551192,12.103115035240846,0.0002464681325809887,0.40528814703676863
2026-01-01 00:20:45,0,5.0,10.107386842946559,0.0012590823833264916,0.3680389238775501
2026-01-01 00:20:45,1,75.53732326759662,11.61185054160503,0.0008915892748924846,0.3056309855046327
2026-01-01 00:20:45,2,50.19944003308814,9.968517427620414,0.00015533342005037899,0.35649880363407105
2026-01-01 00:20:45,3,67.00406774160416,15.27208654760741,0.000901160615081564,0.5875294051756842
2026-01-01 00:20:46,0,37.55492223128229,9.399793104997622,0.001068510319355059,0.3336627702473492
2026-01-01 00:20:46,1,42.02998166188557,13.782957028709161,0.0011307764060227718,0.40192004507792156
2026-01-01 00:20:46,2,12.519649534011243,10.652227489335267,0.0005766947203901743,0.0321234140444779
2026-01-01 00:20:46,3,80.05797933724809,11.379303155036558,0.0018653575200823069,0.09461413964981162
2026-01-01 00:20:47,0,36.735085581963304,10.908582754827787,0.00040239125998435803,0.25511679938947873
2026-01-01 00:20:47,1,29.16553183919766,13.668919173458072,0.00015945973843345873,0.09063443234339984
2026-01-01 00:20:47,2,69.62423960963885,7.409203052325446,3.062047247741866e-05,0.3028888504216003
2026-01-01 00:20:47,3,35.78050865792462,22.000073248436518,0.0012456522138481751,0.6615035664627376
2026-01-01 00:20:48,0,67.07901591029703,14.901438082471243,0.0009566002334135001,0.31442207006436246
2026-01-01 00:20:48,1,34.935367001347124,6.627084025392734,0.0003355940695303116,0.1191718745075148
2026-01-01 00:20:48,2,49.567359292263056,22.311852546871307,0.001631971949265854,0.5465466928240396
2026-01-01 00:20:48,3,33.36868942489538,11.112622852210027,0.0010717692877733088,0.3552964920337844
2026-01-01 00:20:49,0,18.491289632751375,12.705902404612583,0.0005040903300902184,0.27691173124196916
2026-01-01 00:20:49,1,13.63513618218228,14.20195761795728,0.0004292103680331084,0.30607358090310205
2026-01-01 00:20:49,2,26.0908239244844,10.194164199269526,0.00028314134356564636,0.32922073035604205
2026-01-01 00:20:49,3,31.418325071293935,12.059532842564035,0.0008402199941323018,0.4336010310459453
2026-01-01 00:20:50,0,44.6890453432993,14.250382394669566,0.00018246614612562107,0.02
2026-01-01 00:20:50,1,139.3813109728512,8.881155817276271,0.0004273802394399586,0.34241594270450276
2026-01-01 00:20:50,2,46.48487053349692,8.73188596513061,0.0005676386013582419,0.30036907947468183
2026-01-01 00:20:50,3,31.426505428036634,12.979723623233886,5.423959103539809e-06,0.09564588761107237
2026-01-01 00:20:51,0,21.511985358294233,12.696793477182332,0.0006380007053400969,0.2988482227053301
2026-01-01 00:20:51,1,16.3449347185533,11.76734016531845,0.00010950697487567843,0.21380795229668773
2026-01-01 00:20:51,2,32.53134134547692,10.171760515465039,0.0010791720489587658,0.32287700292052673
2026-01-01 00:20:51,3,31.56462449524762,16.186475502943846,0.00038483812279974913,0.5776274555140947
2026-01-01 00:20:52,0,54.72929813628208,11.282351970393378,0.0022506815232967896,0.24658787087991912
2026-01-01 00:20:52,1,245.01659101873042,13.714394384548775,0.0008843522859083294,0.5243421911962666
2026-01-01 00:20:52,2,26.540226733712927,14.792469072858996,3.276340669721536e-05,0.3664594739905882
2026-01-01 00:20:52,3,28.99659658959998,13.133555781052543,0.0008110820736183866,0.200455714857768
2026-01-01 00:20:53,0,25.83988198650161,9.089489532137419,0.00048218191910378075,0.2580719468034403
2026-01-01 00:20:53,1,27.29246170594198,10.673486630658159,0.001698364397089201,0.2807569710640992
2026-01-01 00:20:53,2,32.896365730777205,10.738073997609177,0.0008366574365763326,0.31124570212355207
2026-01-01 00:20:53,3,40.97033442872668,8.00144998097572,0.0003681283287405889,0.2177088523240399
2026-01-01 00:20:54,0,113.90753881150252,10.722189164182858,0.0031001140663798206,0.21504267157367618
2026-01-01 00:20:54,1,38.93503986301915,11.79195319942675,0.0009153113886067241,0.23911946105141588
2026-01-01 00:20:54,2,127.35899751849614,9.293711134504901,0.0010147526238991147,0.14076650567142968
2026-01-01 00:20:54,3,68.3602935703093,18.093718793372567,0.0002313264562568383,0.42500795089709803
2026-01-01 00:20:55,0,29.410934844373003,13.431904911687093,0.0003570606839323738,0.2637089638072704
2026-01-01 00:20:55,1,19.33024804809579,11.360095792793418,0.0011006835477245268,0.3068245826831849
2026-01-01 00:20:55,2,30.572986781392427,11.692201941679821,0.002182412657179241,0.3263539131984477
2026-01-01 00:20:55,3,57.23931898751558,12.630422983297843,0.0005131863975369236,0.4629620204248756
2026-01-01 00:20:56,0,69.77585149812938,10.337560279859263,0.0009494977964119214,0.20812392079882713
2026-01-01 00:20:56,1,13.724436575762445,10.607342347278763,0.0006096141347624311,0.1732191251494111
2026-01-01 00:20:56,2,57.88342905475564,10.322125478627214,0.00021190953089098263,0.18694155287290867
2026-01-01 00:20:56,3,24.245155422963272,13.491293828391553,0.0012340968670027552,0.2247138131939356
2026-01-01 00:20:57,0,83.45929518357556,12.794880861953956,0.0005385461065666708,0.41456472263927946
2026-01-01 00:20:57,1,32.622931812252624,14.843906322851938,0.00042200987834456244,0.48895106675106115
2026-01-01 00:20:57,2,9.586850596820264,10.181256093774783,0.0007359839787688597,0.14929271495165708
2026-01-01 00:20:57,3,77.30219785481728,31.52848278922776,0.00048580870274065485,0.74913654217948
2026-01-01 00:20:58,0,50.71971649943649,12.647106701957268,0.0004098372218197472,0.09739472605381014
2026-01-01 00:20:58,1,28.748850459153314,12.585644575059105,0.0006758755372677758,0.2759521865839869
2026-01-01 00:20:58,2,47.744080453130174,10.44698557814895,7.419318976782331e-05,0.2077482653891049
2026-01-01 00:20:58,3,33.414809712733835,14.662956376822974,0.0011363960149612382,0.1811739695400761
2026-01-01 00:20:59,0,34.9766052833973,10.839509772951804,0.0004685104545865684,0.24931542537939005
2026-01-01 00:20:59,1,39.05799717871045,10.465141091908926,8.490607165650047e-05,0.337128219101354
2026-01-01 00:20:59,2,39.07606623864019,10.755655818683655,0.0003304279199378228,0.46920691630392203
2026-01-01 00:20:59,3,38.98892416947903,8.690224877061505,0.0008181213993016782,0.2819194430835641
2026-01-01 00:21:00,0,49.109749543168356,8.87565811150492,0.0011929726115660166,0.22799316170375916
2026-01-01 00:21:00,1,18.373314400531257,10.652184322247656,0.00015973527515157626,0.4069282841748804
2026-01-01 00:21:00,2,45.84874330611846,9.105167032559455,0.0004453034873704971,0.36630157399921087
2026-01-01 00:21:00,3,35.764063495976515,9.740242423924197,0.0008802715716234772,0.42771409049978765
2026-01-01 00:21:01,0,7.529619643229466,10.898527020950953,0.00104344850444461,0.1853490314681829
2026-01-01 00:21:01,1,127.61395616946032,9.085105602551753,0.0007646049491018176,0.3093104651391169
2026-01-01 00:21:01,2,69.48580813160527,11.993879993343317,0.0010531191638834807,0.1370734067124046
2026-01-01 00:21:01,3,20.24840260656184,12.35436937058547,0.00030696713561555546,0.42302377812418035
2026-01-01 00:21:02,0,68.54822020330602,9.521908458003306,0.00020886056516067903,0.20887836513605657
2026-01-01 00:21:02,1,30.78140900328602,14.47768041560155,0.00048239940300369606,0.49912417289541505
2026-01-01 00:21:02,2,20.27017500206673,10.065442208714835,1.9816059551066045e-05,0.2896897109137972
2026-01-01 00:21:02,3,45.68671586838648,7.600921514813063,0.00047780402672201893,0.2742833884451624
2026-01-01 00:21:03,0,42.928536501640686,17.378466933837007,7.025089937529807e-05,0.3568033931565519
2026-01-01 00:21:03,1,27.918299805129763,11.19709100497317,0.0009132654166590829,0.2950425524570074
2026-01-01 00:21:03,2,15.38329622439148,15.649558486632667,0.0007167182383984915,0.48275023830475083
2026-01-01 00:21:03,3,114.18462181552849,10.521615686915741,0.0001471187479572864,0.2724934418169231
2026-01-01 00:21:04,0,163.32038753767495,7.595144279452426,0.003403155129014937,0.02736952695395358
2026-01-01 00:21:04,1,30.269442695282567,14.52900335616975,2.6100782367455174e-05,0.5404013780826443
2026-01-01 00:21:04,2,41.698841364900716,9.675012950700635,0.0001045224795166743,0.15899131815477868
2026-01-01 00:21:04,3,71.70201811777363,9.62635967149775,0.00023634359953093493,0.2455517934406664
2026-01-01 00:21:05,0,55.323409528631004,8.50021324464541,7.466743928122312e-06,0.2999630023492925
2026-01-01 00:21:05,1,29.849529626428136,12.46427690112181,0.001797708486847952,0.2630734195212628
2026-01-01 00:21:05,2,63.95494245212095,8.979484948653813,4.2238862903318804e-05,0.35991003089479295
2026-01-01 00:21:05,3,24.155204036811288,9.459306172760853,0.0002792852051493784,0.4460118803977724
2026-01-01 00:21:06,0,32.62553475227373,13.076924734227699,0.002804472175595607,0.3726979508312255
2026-01-01 00:21:06,1,8.903819323176842,17.166630574250902,0.0007444999116851484,0.43991358492895527
2026-01-01 00:21:06,2,41.21340039192338,9.001459374876774,0.0006123936948769271,0.11913518880035548
2026-01-01 00:21:06,3,30.698475186723453,15.843730578334172,0.0012688795275240328,0.28457437658056767
2026-01-01 00:21:07,0,77.66724795704835,11.183592861016033,0.002603035847319959,0.3981816209706446
2026-01-01 00:21:07,1,85.72945976128103,12.582282925031052,0.0009431166803871632,0.47784804839347933
2026-01-01 00:21:07,2,22.36416212276861,8.910027154167782,0.00032727023267201664,0.14356646764266595
2026-01-01 00:21:07,3,118.53401367966902,11.21543267027864,0.0008340805193458314,0.38691617778560017
2026-01-01 00:21:08,0,56.342929652330824,9.445930241538475,0.0027073768306844037,0.2739737975632393
2026-01-01 00:21:08,1,7.561965915076548,9.276593881763926,8.187068513311211e-05,0.30601442942006196
2026-01-01 00:21:08,2,5.0,15.540686401537988,0.00016505866824291819,0.48097503639264555
2026-01-01 00:21:08,3,32.42352557406965,15.145603924837655,0.00038035985920905924,0.5786992477406422
2026-01-01 00:21:09,0,32.49233856419476,11.530032460783946,2.652452028942342e-05,0.18040019119761655
2026-01-01 00:21:09,1,16.0654117433386,12.406696780709025,0.00022275116078458322,0.263902061021605
2026-01-01 00:21:09,2,24.059614188789094,16.21497067346404,0.0013347366359568226,0.3103901241505985
2026-01-01 00:21:09,3,14.504212683873199,7.500795253538091,0.0028865514529098696,0.09802554202077404
2026-01-01 00:21:10,0,34.373098497366264,9.632136031537637,0.000608588036125277,0.0893301602391213
2026-01-01 00:21:10,1,22.101436657174954,14.123133095540911,0.0003701753928306145,0.5353344090357631
2026-01-01 00:21:10,2,20.744936952171454,15.028624766620979,0.0003529148532538038,0.5306810215045158
2026-01-01 00:21:10,3,48.37571711062596,10.005019861582825,0.0006829567736171096,0.34592687213323425
2026-01-01 00:21:11,0,43.869663033795824,7.881376878543618,9.559813692918773e-05,0.18677759411578887
2026-01-01 00:21:11,1,33.54274019529622,11.559714393658332,5.7404241611533685e-05,0.3280895230909648
2026-01-01 00:21:11,2,23.266335251244744,17.926865403910426,0.00015645516739068872,0.4877189143129858
2026-01-01 00:21:11,3,31.964483506672902,18.496207955555537,0.0004569112791310003,0.16367549383190685
2026-01-01 00:21:12,0,20.77995755212333,10.697789558981345,0.00013594061938782426,0.02429471647430181
2026-01-01 00:21:12,1,26.157303700755694,6.735275172228575,0.0004825849879447084,0.24092915624361452
2026-01-01 00:21:12,2,50.7843827890142,10.643948740252469,0.001025182198936325,0.37241123289869715
2026-01-01 00:21:12,3,27.788714927972688,16.920770820183918,0.0002136794447113804,0.1058029662397477
2026-01-01 00:21:13,0,91.98640168109152,14.276893067603472,0.00010585408012233855,0.3659058597257048
2026-01-01 00:21:13,1,15.262979697832401,7.6250878233150505,0.00011034323601764305,0.16050468890006594
2026-01-01 00:21:13,2,14.72361281078761,13.904918453382187,0.0009512645759683932,0.4819489452895989
2026-01-01 00:21:13,3,34.03689863291995,9.677293456245797,0.0005063667568541572,0.2640843117937708
2026-01-01 00:21:14,0,24.405819727096553,10.641214721924149,0.00021520743859249249,0.23567134504727436
2026-01-01 00:21:14,1,22.0762288028824,7.565300803627076,0.00013262073506654823,0.24199328331591427
2026-01-01 00:21:14,2,42.4161448559476,6.154374121091876,0.00039356629915305783,0.10367320765908848
2026-01-01 00:21:14,3,33.16407056282993,8.887240476617805,1.3226404794281533e-05,0.2555827769780308
2026-01-01 00:21:15,0,47.51297193125688,10.833139837889503,0.00018338102177402725,0.16040176873174591
2026-01-01 00:21:15,1,29.960162592128196,10.71670289540312,0.0017483903148738848,0.23843850580091522
2026-01-01 00:21:15,2,20.959959726455125,9.41470160407429,0.00018609380274429117,0.06050178082798249
2026-01-01 00:21:15,3,21.800191837594515,9.80204236879363,0.0004098333896401786,0.29155581411090425
2026-01-01 00:21:16,0,20.28728373772354,12.896112107666095,0.0010050813566118495,0.3173527188197696
2026-01-01 00:21:16,1,56.148024625346515,10.750745092913462,0.00246545989642929,0.2614468906492691
2026-01-01 00:21:16,2,33.75971166684114,10.000655249726535,5.164748195522392e-05,0.27022254903178594
2026-01-01 00:21:16,3,86.14049629944799,7.759339845723042,0.0005971959581519347,0.3114761270661655
2026-01-01 00:21:17,0,17.689658766358118,13.766579174171689,0.0007324254768008414,0.3255947061493354
2026-01-01 00:21:17,1,38.33269853683605,7.8033054970942475,0.0002586011026387219,0.3009838632320649
2026-01-01 00:21:17,2,51.728806004428925,10.506788552349041,0.0004908841764892273,0.17660444998479846
2026-01-01 00:21:17,3,20.39791687679954,8.368785926169778,0.0001732467356558413,0.21689544310554204
2026-01-01 00:21:18,0,18.200409081872607,8.423312403062218,0.000649625664455426,0.17387844518699158
2026-01-01 00:21:18,1,63.12502353670154,10.806099088543242,2.8287998620094998e-05,0.2928067081956135
2026-01-01 00:21:18,2,41.25966260067378,10.631185986213818,6.295993203159775e-05,0.23804404975455506
2026-01-01 00:21:18,3,45.03534281964568,6.143871511347712,3.1816991726611296e-05,0.1358249399533703
2026-01-01 00:21:19,0,33.10308940575847,16.23745917699306,0.0014581949414647322,0.43627916519268384
2026-01-01 00:21:19,1,34.10890954923285,11.522367770199653,0.0006533414040350958,0.3452808447140179
2026-01-01 00:21:19,2,100.67131086818988,11.004389657305847,0.00019758157908202645,0.13399180270148875
2026-01-01 00:21:19,3,83.27564168598221,12.307582370881136,9.859606996639779e-05,0.38577332049448493
2026-01-01 00:21:20,0,18.612547798582195,10.835148367214149,0.0010253579976952174,0.31773855115748245
2026-01-01 00:21:20,1,17.318718895351672,14.999795573545464,0.0005869733375307573,0.5136353688898759
2026-01-01 00:21:20,2,39.687725616538295,20.489266124485138,0.0013429269162770834,0.6188204165250706
2026-01-01 00:21:20,3,22.94647894825473,16.309317361521632,0.0005557555068315473,0.36346964148966465
2026-01-01 00:21:21,0,13.72282318988848,10.460182579194756,0.0003078778081761124,0.09025056230196743
2026-01-01 00:21:21,1,45.43058564161331,13.043989840143556,0.00026800304348281175,0.4251115324214072
2026-01-01 00:21:21,2,64.30408956198526,10.045070365005618,0.0008982758664086808,0.35021236042444825
2026-01-01 00:21:21,3,40.1152098354111,15.85841565341143,0.0005258648512727872,0.41217213197611363
2026-01-01 00:21:22,0,62.21512853865674,11.98276307749058,0.0002305931854404687,0.0806562334357234
2026-01-01 00:21:22,1,24.772431719102663,16.315819189776096,4.564844393525111e-05,0.11260926809670063
2026-01-01 00:21:22,2,24.372257117482444,8.977133168909269,0.00016089546973936168,0.3616548589140348
2026-01-01 00:21:22,3,51.98344496914473,10.034980345350517,0.0010574234484593554,0.37460246114153056
2026-01-01 00:21:23,0,32.82996336145217,14.959486543859885,0.00027011838967918136,0.4267499736133502
2026-01-01 00:21:23,1,96.04283489871463,11.351029978182492,0.0005712363591116134,0.3653298259672649
2026-01-01 00:21:23,2,30.33486356146651,8.982704182918164,3.5500788310550445e-05,0.24570822470528703
2026-01-01 00:21:23,3,47.665759081536535,9.900126074877873,0.0015525990683198589,0.23521988993561022
2026-01-01 00:21:24,0,51.52463860175614,7.937629470793211,0.0008789710203799892,0.15309654227487784
2026-01-01 00:21:24,1,21.726100573965137,9.210249980493803,0.00019451832460340483,0.17525222741020158
2026-01-01 00:21:24,2,52.06068059310957,13.888309297776683,0.0008817828346791528,0.22787642613849812
2026-01-01 00:21:24,3,6.836767408034468,12.459362191194625,2.6065261774040472e-05,0.34181612410017825
2026-01-01 00:21:25,0,134.69017981702106,9.43492356280317,0.00018050719735387337,0.3393819605585648
2026-01-01 00:21:25,1,83.02149595868399,18.723730907792223,2.080061079410381e-05,0.6468973063345235
2026-01-01 00:21:25,2,30.093644489301393,13.459111730831916,0.0010911053847678842,0.47714455391147165
2026-01-01 00:21:25,3,63.24555209600281,13.269304360200241,0.004373935693887717,0.529131648669765
2026-01-01 00:21:26,0,22.23976582840929,12.156696270759529,0.00031027969034770565,0.13353974453230216
2026-01-01 00:21:26,1,29.587855740941926,8.754345434828833,0.000926380750009407,0.17972982788567465
2026-01-01 00:21:26,2,14.1670274296667,11.297256211618585,0.00019055858800478013,0.2633449102789171
2026-01-01 00:21:26,3,59.72245607433802,13.570083898159215,0.0009473169708656672,0.3278579587904677
2026-01-01 00:21:27,0,17.13793412654761,9.347675304164646,0.000598849059680705,0.17939549844527877
2026-01-01 00:21:27,1,18.05883990156031,6.6567098245064065,0.00033306671262927,0.18249961533778086
2026-01-01 00:21:27,2,6.837314071032839,14.624318639439334,0.00038337225167801105,0.1091510625419274
2026-01-01 00:21:27,3,126.26535845716973,11.382935998888964,0.0005771788429164424,0.40840025297179505
2026-01-01 00:21:28,0,24.085804319539577,13.59339768570716,2.3750561032533054e-05,0.3170630469852236
2026-01-01 00:21:28,1,31.625690200270206,6.216984123860504,0.00023086051139724892,0.15967419872937688
2026-01-01 00:21:28,2,105.05181238324285,10.596466725841603,0.00195320444239478,0.3325978753679027
2026-01-01 00:21:28,3,42.3875759988635,15.942289044059523,0.0006360655959030948,0.5711584298571424
2026-01-01 00:21:29,0,22.388389798030563,8.587639382681575,0.00012696101182833446,0.2386470927759553
2026-01-01 00:21:29,1,31.623099345431648,10.316722182496472,0.002315471591502387,0.2142769421299247
2026-01-01 00:21:29,2,16.24311966668843,10.399656514296836,0.0006409884998122615,0.07279930573525187
2026-01-01 00:21:29,3,36.35051847943269,13.010679639482484,0.0006509665462576304,0.4935730494771036
2026-01-01 00:21:30,0,68.69738645411101,6.235826160201103,0.0001990948080096971,0.3817625018856876
2026-01-01 00:21:30,1,23.826179181634792,13.625976940499438,0.0007882722583858767,0.2194932702421241
2026-01-01 00:21:30,2,62.15532031470199,7.351694645454677,0.0007823264287968401,0.3342842869039179
2026-01-01 00:21:30,3,90.48633668751782,18.323762363804853,1.024382976902636e-05,0.5354083977882622
2026-01-01 00:21:31,0,36.780857217398676,18.36912632590218,0.00014527753019951106,0.43105937968806
2026-01-01 00:21:31,1,18.24840169198797,19.100808745226495,0.0007932661887213223,0.313497797225374
2026-01-01 00:21:31,2,27.506885600448996,12.066631678095039,0.0002958984815700746,0.2768647708584412
2026-01-01 00:21:31,3,17.017120776811787,11.138403490650155,0.00030834365998158245,0.46219878583406027
2026-01-01 00:21:32,0,33.352166405409555,7.350316969159614,0.0004095768518948444,0.19885950140269368
2026-01-01 00:21:32,1,26.658216647968704,8.272847014836973,0.0007648907803105709,0.2839642480888236
2026-01-01 00:21:32,2,33.41065229001759,7.558290843206709,0.0003135514707326795,0.13725559938109985
2026-01-01 00:21:32,3,28.050756941149643,13.647717665103865,0.0005227107392396438,0.3663551321274595
2026-01-01 00:21:33,0,61.52588208903088,10.449996192818645,0.002291898458645748,0.20149007293678256
2026-01-01 00:21:33,1,18.50733484647347,10.006657317907022,5.877846778411291e-05,0.10638978483676464
2026-01-01 00:21:33,2,88.58279583027445,7.906964242969918,0.0005523642765607633,0.24221283329147225
2026-01-01 00:21:33,3,22.58425461748715,16.806037977091353,0.0020727997324459686,0.5817904643134231
2026-01-01 00:21:34,0,20.189520570660775,9.986500452249246,9.995449240677673e-05,0.0908859233200169
2026-01-01 00:21:34,1,26.66143709039449,7.903348993678658,0.001525982700384789,0.23565396437878375
2026-01-01 00:21:34,2,30.247183039973393,8.234730301881006,9.638077247186055e-05,0.2777009568617799
2026-01-01 00:21:34,3,57.74510858488662,9.321088134486224,0.0002525035364393708,0.30351529412365963
2026-01-01 00:21:35,0,26.603908399929015,8.256268209997362,0.0003538782568755657,0.08619253550898977
2026-01-01 00:21:35,1,50.58472218487528,9.516508283516895,0.00033049189563687427,0.3294912624710098
2026-01-01 00:21:35,2,57.94296696177519,15.146982000632134,0.00036739112688415434,0.3571583193692522
2026-01-01 00:21:35,3,84.65383936918646,7.6717242935406,0.00014853925002739172,0.1597752894424883
2026-01-01 00:21:36,0,10.366877047923582,11.132491408160483,6.850513333312454e-05,0.13628362741343367
2026-01-01 00:21:36,1,22.340619888300886,10.934650360453562,5.313932833663263e-05,0.13928095401856955
2026-01-01 00:21:36,2,16.58161035018026,11.426931932721097,0.0014340205622467637,0.15042921341883206
2026-01-01 00:21:36,3,97.86286292059653,8.900167723445012,0.0012198287345153195,0.12705394472666912
2026-01-01 00:21:37,0,25.607628991119576,14.167204428379632,0.0015294102789898396,0.18625749775952413
2026-01-01 00:21:37,1,8.580546662016886,8.869216985212141,0.000865305271932541,0.12683668259511896
2026-01-01 00:21:37,2,17.100103032635904,13.338024131017455,0.0009127340150290737,0.2644203027979192
2026-01-01 00:21:37,3,27.797760023846493,13.77425105935075,0.001803821397216941,0.5108509179684089
2026-01-01 00:21:38,0,46.58685455631639,15.447896041299643,0.0043277809182170465,0.1325498817436213
2026-01-01 00:21:38,1,20.95770293747183,12.600753545214138,0.0006156275725483031,0.0855557750216787
2026-01-01 00:21:38,2,43.72618819275491,10.422244059062137,0.00021170936762043824,0.23914474848645656
2026-01-01 00:21:38,3,39.84347920795374,13.448581270055874,0.0005742005395706561,0.5122000771720857
2026-01-01 00:21:39,0,20.259028021424676,10.887370435818681,0.0026224839160040874,0.24123759805902742
2026-01-01 00:21:39,1,10.986304194064568,11.724264976430216,0.0018441149538395067,0.11876493325171311
2026-01-01 00:21:39,2,41.08414289013325,21.209303087866566,0.001433515267799461,0.6555583902746959
2026-01-01 00:21:39,3,30.05701914249517,11.330927467356382,0.0003438997380170233,0.10301028796549525
2026-01-01 00:21:40,0,45.75212113390231,10.009462969053843,0.0001718627155271843,0.12945464327373687
2026-01-01 00:21:40,1,52.33434222479477,11.449348805713031,0.0004134093763260819,0.2015567185354368
2026-01-01 00:21:40,2,35.97287258521196,12.969280781267285,0.00010982124812504925,0.3820748572780657
2026-01-01 00:21:40,3,47.28586805192682,11.093482225498166,0.0006980016549013544,0.09335948308553159
2026-01-01 00:21:41,0,31.436370127157144,15.08115427213491,0.0009511742688194741,0.4532091263826301
2026-01-01 00:21:41,1,31.307366520191085,8.191526983958067,0.0012520687499618466,0.24930738007432834
2026-01-01 00:21:41,2,21.25622652502033,14.583434322093229,0.0007058092786089444,0.4803755746373082
2026-01-01 00:21:41,3,73.42668775817823,9.954598820433143,0.0007058827392844993,0.32363324807480837
2026-01-01 00:21:42,0,19.020029271055964,11.939631340466384,0.0006603774503280202,0.18990141101211966
2026-01-01 00:21:42,1,27.775749393911486,11.792674690292191,0.0020515318240830038,0.4062018896872295
2026-01-01 00:21:42,2,30.710979200774617,13.808369359688095,0.0012906967139664272,0.4423356526480932
2026-01-01 00:21:42,3,41.258641982878956,12.603978274623094,0.00010102152839969208,0.28059928117761257
2026-01-01 00:21:43,0,7.60973230155314,8.530739988727328,0.00012004962091625964,0.09874596017398951
2026-01-01 00:21:43,1,56.479322811134224,8.991559049935578,0.0021988502030189008,0.23045178726282692
2026-01-01 00:21:43,2,26.92370339605126,12.63582280253939,0.0007691264164735054,0.4395168019409082
2026-01-01 00:21:43,3,14.369963291376255,13.357000715939769,7.313561255150683e-05,0.20220937752716506
2026-01-01 00:21:44,0,20.485656168194023,7.64574342710944,0.002542315661488871,0.2116956043519002
2026-01-01 00:21:44,1,18.60667001182261,8.631234128851723,0.0012725614726026662,0.21015636197602067
2026-01-01 00:21:44,2,26.781471734498407,9.979972887755,9.309376404138234e-05,0.30374767208790554
2026-01-01 00:21:44,3,18.804652984613874,12.55736396113722,8.942773562594857e-05,0.43649874687361134
2026-01-01 00:21:45,0,42.9803234149037,7.878926160993433,0.0006560126238729412,0.1013547152389495
2026-01-01 00:21:45,1,41.60136752652397,12.152375560357031,0.0003883669255363601,0.15940637687709916
2026-01-01 00:21:45,2,56.75332847857834,9.940131728189456,0.0007638500555201303,0.44304024187728835
2026-01-01 00:21:45,3,37.89117641384326,14.853598455614023,0.0004702293706635743,0.3718947129368577
2026-01-01 00:21:46,0,17.240782395348184,7.269341176914407,0.0008379182848104442,0.12832616501268057
2026-01-01 00:21:46,1,13.364728591881171,15.024943443126027,0.0006688269497324208,0.45255136512364
2026-01-01 00:21:46,2,40.05857612518277,12.998722862511105,0.0006024602058263315,0.30084083197314193
2026-01-01 00:21:46,3,43.711616541998175,17.817931084128404,0.000520245956039773,0.4800129898904704
2026-01-01 00:21:47,0,10.897546637704654,10.374139952069994,0.0003701554564470171,0.02
2026-01-01 00:21:47,1,19.63157819409107,15.52171604805895,0.0006068072548224225,0.4790961258692526
2026-01-01 00:21:47,2,35.39855335313211,9.186923464456923,0.00032020658242271256,0.24368142478739102
2026-01-01 00:21:47,3,31.949006300027865,8.025857375710347,0.0004582765872472261,0.22396130034714898
2026-01-01 00:21:48,0,31.071484172148224,12.140628766569005,0.0018568266139131005,0.02
2026-01-01 00:21:48,1,42.685741194529136,13.956395907237889,0.0002997449101524212,0.39802662820691365
2026-01-01 00:21:48,2,59.6507189087835,8.111939360636011,0.0015905476150233327,0.20487377099618212
2026-01-01 00:21:48,3,88.21766431948004,20.410350024186798,0.0011954135587377746,0.6262773820835749
2026-01-01 00:21:49,0,55.521056506448964,13.469739608619626,0.00040134579248196406,0.4487926387536499
2026-01-01 00:21:49,1,61.49745641471732,9.29107424115991,0.0015836727760368513,0.21469168551978413
2026-01-01 00:21:49,2,54.39106425100615,17.982594525466954,0.0005501553512999895,0.49567908232504376
2026-01-01 00:21:49,3,15.086060374993163,17.127756327937075,0.0009498230105943785,0.5936511401899631
2026-01-01 00:21:50,0,43.27111111880408,10.28154936633216,0.0006273793946423018,0.3106156352030296
2026-01-01 00:21:50,1,13.298347233855178,18.78536296002439,0.0005772913247142297,0.43421386856432015
2026-01-01 00:21:50,2,27.394241425163983,10.439842435535272,0.0013376434646630488,0.18754704413873738
2026-01-01 00:21:50,3,54.15929921466846,20.146394940344763,0.0006690065370779628,0.5670019439459714
2026-01-01 00:21:51,0,20.7658457467695,7.77908453586094,0.000941119769088596,0.19512139482366322
2026-01-01 00:21:51,1,47.03481837693381,7.2340492458537975,0.0011618622170213484,0.09566867879261176
2026-01-01 00:21:51,2,23.848613621558616,10.692416900092317,0.0012501932464554068,0.11142741446854643
2026-01-01 00:21:51,3,49.82495645767439,13.074124871789449,0.0002981746306349308,0.3161622609338556
2026-01-01 00:21:52,0,16.492696733728238,10.480562364692926,0.0006014596562409984,0.24559106660970947
2026-01-01 00:21:52,1,28.75524365884519,10.522393500833825,0.001577777201631181,0.4674071193472786
2026-01-01 00:21:52,2,62.556820993944584,7.921586314576197,0.001120482678118353,0.26046456722556216
2026-01-01 00:21:52,3,41.232161124257296,19.24534399676027,5.8320128894504354e-05,0.5422842799924692
2026-01-01 00:21:53,0,23.269704355166756,6.6885126024543835,7.234344273482468e-05,0.2063838186779916
2026-01-01 00:21:53,1,46.63515389548942,11.571199202367112,7.988645398592737e-05,0.48931571500559967
2026-01-01 00:21:53,2,13.8609517527378,10.458822862636193,0.001805580880429573,0.3861027789494484
2026-01-01 00:21:53,3,63.75938565956498,12.081500963819428,0.0013136592963817724,0.28808557014769104
2026-01-01 00:21:54,0,39.63783867802476,11.961084490798939,0.00033013314018409527,0.09589164510816824
2026-01-01 00:21:54,1,19.42921350283375,9.551586254088535,0.00038347630349885127,0.39669668382803003
2026-01-01 00:21:54,2,21.64507917165956,9.458318806598163,0.0017023308066037633,0.3360450089353637
2026-01-01 00:21:54,3,6.531520472931894,8.292999159905401,0.0009573410474332019,0.14445791170621156
2026-01-01 00:21:55,0,101.76972949166198,12.67156710366293,0.0008070104951168755,0.33514319468047304
2026-01-01 00:21:55,1,82.18526671771033,11.742303039656777,0.000524528586499575,0.3212613556893119
2026-01-01 00:21:55,2,39.75893318312284,12.786384164381241,0.00015673566393069633,0.296636922945972
2026-01-01 00:21:55,3,57.614812855401695,20.06798580292251,0.0026736577108705663,0.5851589813657215
2026-01-01 00:21:56,0,52.88795466563768,8.204431684985114,0.00014279367886409179,0.16047380888175364
2026-01-01 00:21:56,1,24.92296983935979,14.371314152254925,0.00038893472842295847,0.34107019791614923
2026-01-01 00:21:56,2,45.60212830973768,6.356492191814137,0.000503295957063856,0.10626294747747322
2026-01-01 00:21:56,3,35.661300770057125,13.478452305502728,0.0004174731248014227,0.17179225844713578
2026-01-01 00:21:57,0,60.62256372121139,9.065627327280508,0.0008167123775866263,0.3339861716609088
2026-01-01 00:21:57,1,90.98017732157896,9.74437390271766,0.0012841204155073355,0.4808561285824457
2026-01-01 00:21:57,2,26.21507065566017,8.532503573714854,0.00034737306323239436,0.44988139994704673
2026-01-01 00:21:57,3,16.115851232225655,10.832848873331473,0.00084558725038309,0.1326593694736498
2026-01-01 00:21:58,0,35.429013565654536,11.668761058017164,0.0008451534247353085,0.4217637135537984
2026-01-01 00:21:58,1,12.862367846499021,12.539750179707227,0.0016697876535005389,0.0908694391619496
2026-01-01 00:21:58,2,13.864638147685312,10.175845575063228,0.00018791258212102232,0.3351936112379057
2026-01-01 00:21:58,3,28.702570141161175,8.919993908994842,0.00012700057148262806,0.2700484823278071
2026-01-01 00:21:59,0,54.841052541014825,10.747960984119565,0.0011265476294873332,0.4588052887746995
2026-01-01 00:21:59,1,10.750258559314814,9.027394653315858,0.00038950026180784237,0.12178871781169598
2026-01-01 00:21:59,2,34.6276277072427,17.124572495428403,0.0008700942991598233,0.6062157137162263
2026-01-01 00:21:59,3,53.67264880360703,13.428167223400123,4.223821967199824e-05,0.5102822787229703
2026-01-01 00:22:00,0,27.947096643846205,9.640315890615934,0.0027538204402667815,0.358921247226476
2026-01-01 00:22:00,1,34.1817266814539,9.71948227486774,0.0021598470705142736,0.36873945264885905
2026-01-01 00:22:00,2,28.046610099838077,12.650201547987557,0.0005435988662558737,0.33411283969443867
2026-01-01 00:22:00,3,97.30009315947581,12.19392996912721,0.0010780301966306844,0.5445511567432115
2026-01-01 00:22:01,0,97.9592159425547,12.561570601935573,0.0010909590544843175,0.4379572414706724
2026-01-01 00:22:01,1,32.199242041657435,12.522927272273066,3.3314213573974802e-06,0.3492137452285045
2026-01-01 00:22:01,2,32.1888174025853,8.367885900671542,0.0015475322924189258,0.3073015641103636
2026-01-01 00:22:01,3,28.843081353280574,13.021918518129453,0.002948117266895377,0.4098282970266451
2026-01-01 00:22:02,0,65.45961484815045,9.080947821538166,0.0003679185030564747,0.26223831097882266
2026-01-01 00:22:02,1,48.79364554370614,12.663625888390385,0.00183216933682234,0.42625280841367863
2026-01-01 00:22:02,2,24.613957586199234,11.224731299006109,0.0002895741118043243,0.2517319644915557
2026-01-01 00:22:02,3,30.493667324251202,9.207611489399428,0.0007102569240293941,0.21427148934691392
2026-01-01 00:22:03,0,32.42532382873061,8.565584966959554,8.513518117284031e-05,0.30767040101350684
2026-01-01 00:22:03,1,93.58406189995101,17.338526539501476,0.0008915252726839235,0.4987387635293457
2026-01-01 00:22:03,2,60.84438286668086,10.030484793046714,0.0007808373528229936,0.3362502539906222
2026-01-01 00:22:03,3,42.54745583956444,10.768273738465169,4.090414195128497e-06,0.5047476085051128
2026-01-01 00:22:04,0,9.47652290519598,13.44135415555321,0.00010953731480883034,0.5334730017035759
2026-01-01 00:22:04,1,15.608208543665691,11.782796130329636,0.0009616382001695964,0.28665325910993467
2026-01-01 00:22:04,2,119.32614493448695,24.451009374638407,0.000486466828945925,0.34091227920892475
2026-01-01 00:22:04,3,160.75466476303308,17.54131244971181,0.002877270656162824,0.4677685933918989
2026-01-01 00:22:05,0,26.546448562933794,10.55827520886373,2.873045389838745e-05,0.06602045631507986
2026-01-01 00:22:05,1,97.79934798543471,14.625350278968888,0.0003905791140114401,0.37850444909605907
2026-01-01 00:22:05,2,22.43279496530865,10.802559791853167,0.0015838192959131189,0.44712604848789256
2026-01-01 00:22:05,3,22.668317445453926,17.842653612459603,0.00018508593291441622,0.44065770124578413
2026-01-01 00:22:06,0,28.978083106079964,7.47459145765337,7.783726803404928e-05,0.26301741527360967
2026-01-01 00:22:06,1,78.81466871828478,18.695686663071164,0.0016602283763817384,0.25027959186132087
2026-01-01 00:22:06,2,44.50896034936307,13.270485744508706,0.0037826750043014664,0.5041556430927728
2026-01-01 00:22:06,3,58.5667341633108,12.417515849150082,0.0006625653979642449,0.44444857435767243
2026-01-01 00:22:07,0,50.19528175111687,9.134201275257231,0.0002998846512460499,0.25292799108515307
2026-01-01 00:22:07,1,25.477123283836253,10.440007982295525,0.0010840566771781956,0.2592938227241437
2026-01-01 00:22:07,2,22.955890033763044,7.090340372278382,0.003246742649869287,0.05017705487354966
2026-01-01 00:22:07,3,77.84767436470119,12.929889702194869,2.048907438206508e-06,0.4366200793623501
2026-01-01 00:22:08,0,27.01331567103567,7.21641649243517,0.0006148458819322709,0.23953689362468206
2026-01-01 00:22:08,1,31.378959678349368,6.3788176960745835,1.2957214291495594e-06,0.199999325670131
2026-01-01 00:22:08,2,27.183977329184213,8.483155790074234,0.00011901752451430428,0.21110077864427257
2026-01-01 00:22:08,3,32.83934906664845,11.840313395126438,0.0001167327925847626,0.5128705560157393
2026-01-01 00:22:09,0,42.82605057866203,11.975322478738095,0.0014575149100484635,0.18583815249133
2026-01-01 00:22:09,1,15.552472152685676,19.0672107322737,6.469648418236447e-05,0.24934007707583203
2026-01-01 00:22:09,2,50.843768914577176,13.222070553782064,0.000737556541690966,0.28389798112816556
2026-01-01 00:22:09,3,25.674365641809892,11.437374718970025,0.0008535542941598879,0.2947471554391147
2026-01-01 00:22:10,0,17.882879282346458,8.764580315060703,0.00045008242556915157,0.28159136436106497
2026-01-01 00:22:10,1,43.00061996551791,10.892843656538762,0.0005137004615510673,0.11316774087473025
2026-01-01 00:22:10,2,24.343576887179605,8.13906242434745,0.0016138166796830363,0.24934379392062814
2026-01-01 00:22:10,3,9.346347071827728,11.48591866688422,0.00047433902962931907,0.22019045259863537
2026-01-01 00:22:11,0,18.475376235298985,9.559963253204002,0.0010990855613295795,0.14029107118314096
2026-01-01 00:22:11,1,147.30358522359788,11.728615008293678,1.779902743531281e-05,0.49356031546751356
2026-01-01 00:22:11,2,36.513878741058285,17.299737884439743,0.00012455363533905476,0.33461724147616906
2026-01-01 00:22:11,3,43.16537015445174,22.457213620470597,0.00039872676739254726,0.20878077349917354
2026-01-01 00:22:12,0,14.541902217900692,14.736586505830573,0.0013574484407364762,0.4606120613606015
2026-01-01 00:22:12,1,15.918722413937271,11.383603242459383,0.0035584344402177105,0.1876555617362965
2026-01-01 00:22:12,2,34.23433130029809,13.592416635212587,0.000202062669967817,0.47506197586326737
2026-01-01 00:22:12,3,97.7883795804244,10.65096267193428,0.0009358755054864224,0.39957164964093467
2026-01-01 00:22:13,0,33.831175274696555,12.213305252894328,0.0014447676861129228,0.17897629418439476
2026-01-01 00:22:13,1,18.661368648097305,9.24408511648642,1.1262759109657894e-05,0.28568107866269665
2026-01-01 00:22:13,2,19.246797923617137,10.960744546782783,0.0006856218718900471,0.29344286689253185
2026-01-01 00:22:13,3,24.995745671778018,10.346009331734122,0.0002463150535660713,0.4264091892846931
2026-01-01 00:22:14,0,17.28694154166107,12.106143733732393,0.00040146093466916197,0.36393207896703506
2026-01-01 00:22:14,1,23.22542220114127,9.344035037285472,0.002573323311914175,0.3330512515768591
2026-01-01 00:22:14,2,8.846296856454714,7.876327858660258,6.016320757719775e-05,0.17471649762635366
2026-01-01 00:22:14,3,13.007934447061848,9.119177763873077,0.0007415558199302568,0.2731921839616053
2026-01-01 00:22:15,0,18.466993170988488,10.492281009703344,0.00038383518597354414,0.22080797774158764
2026-01-01 00:22:15,1,79.0648086321667,12.235784071304373,0.0001542006189912996,0.44047821729741027
2026-01-01 00:22:15,2,26.052460953457793,10.630678415541475,9.597357581313528e-06,0.27833353925669824
2026-01-01 00:22:15,3,15.486248763645985,11.650425207839525,6.945636189141612e-05,0.240120642840292
2026-01-01 00:22:16,0,45.199136069928734,12.399542816961048,0.000536804463294083,0.46476913204049025
2026-01-01 00:22:16,1,6.188189096759806,7.360302580145937,0.00042426587316155776,0.09102487117482363
2026-01-01 00:22:16,2,58.156810293477335,15.345178918247937,0.0006603749976087813,0.43485765963356054
2026-01-01 00:22:16,3,29.56468061928727,10.864577373832304,7.452086681137712e-05,0.22357401105312635
2026-01-01 00:22:17,0,21.48247436553457,10.003314740715755,0.00016513095140169117,0.22050097893325335
2026-01-01 00:22:17,1,26.74043035034395,13.725105909785013,0.000933196788461728,0.19646061077199903
2026-01-01 00:22:17,2,22.723069066504046,9.34333029267215,0.0025963796141046723,0.2746310499258141
2026-01-01 00:22:17,3,35.09669441857027,20.830714497439512,0.00030852746861310157,0.45566503124003643
2026-01-01 00:22:18,0,22.491670365659093,12.53897129074154,0.0010247579495735572,0.4232958313183837
2026-01-01 00:22:18,1,12.37158455726173,13.945933093378898,0.000113905223618775,0.33821318257891986
2026-01-01 00:22:18,2,30.903691674735438,11.396499072163571,0.0003448357882958531,0.40443358923286016
2026-01-01 00:22:18,3,67.92506215473497,13.839015280980163,0.00031510142733941334,0.4073471644206107
2026-01-01 00:22:19,0,57.83168802534468,12.767022965776459,0.001634631016580027,0.2678787610526174
2026-01-01 00:22:19,1,73.22164077121664,8.539633338895893,0.0003128101465734214,0.22169035846742166
2026-01-01 00:22:19,2,29.121086473811673,12.409116767647385,0.0020242599360846,0.4512054622622039
2026-01-01 00:22:19,3,33.579226778599285,11.280238131710686,0.0002726293326801358,0.2068407798472285
2026-01-01 00:22:20,0,125.25026899301399,10.223197253286362,0.00030862709305321884,0.1579988571328534
2026-01-01 00:22:20,1,18.585582884751624,10.620161823845027,0.0008231161945866797,0.05549085976123189
2026-01-01 00:22:20,2,42.644914175331216,11.646611403693372,0.0006386782729123689,0.3691047966912695
2026-01-01 00:22:20,3,28.945904578778457,10.428125774146174,0.0015256721238868952,0.1376006827345848
2026-01-01 00:22:21,0,53.385209229476374,9.965858763124613,0.0002822806650984182,0.3650433258704649
2026-01-01 00:22:21,1,19.181355799706726,10.787777930062587,0.00029646877356260165,0.3243178378204952
2026-01-01 00:22:21,2,27.2038666157164,15.433767088493576,0.0006152608615585224,0.24261420544702014
2026-01-01 00:22:21,3,11.49945701888081,11.841338757090615,0.0009300646556498665,0.44983393049931175
2026-01-01 00:22:22,0,15.058410056279904,9.290197685153073,0.0008289094300930602,0.31293488776521783
2026-01-01 00:22:22,1,19.240892112008414,18.446971336729604,0.000226470405071739,0.5054504032191385
2026-01-01 00:22:22,2,15.949913669573753,9.17570540230394,0.002149051701669239,0.10980406488497282
2026-01-01 00:22:22,3,85.04184713855055,7.921792599473623,0.0007381701712254012,0.2587940818109183
2026-01-01 00:22:23,0,47.01595040201676,8.796146967068722,0.002327316697094836,0.4082558992592099
2026-01-01 00:22:23,1,5.21484450032457,12.933558645929905,0.0007560456115455677,0.42164749595872797
2026-01-01 00:22:23,2,35.09031165971325,8.53132671408121,3.1004277300694725e-05,0.2864671490770592
2026-01-01 00:22:23,3,18.404662192635808,16.17990803295905,0.001297263840398892,0.4764633120262785
2026-01-01 00:22:24,0,22.412791524242046,10.001917817404458,0.0017308333374586114,0.314642324829077
2026-01-01 00:22:24,1,101.09111303414635,14.18641024806054,0.00034176940616136746,0.364315210435456
2026-01-01 00:22:24,2,30.542189416573155,13.879921102691107,0.0006239315787724945,0.28301637944425895
2026-01-01 00:22:24,3,15.276700062109608,14.074099201690807,0.00018717612751325551,0.22886854132991324
2026-01-01 00:22:25,0,35.666413708979746,10.135966913068998,2.637213959779818e-05,0.4307388495965906
2026-01-01 00:22:25,1,94.36496873781601,9.418578677917667,0.0015582130103979686,0.4007642196274866
2026-01-01 00:22:25,2,12.630332528797563,9.738783828405365,0.0011780820583437717,0.2032371932591592
2026-01-01 00:22:25,3,57.74248342291176,11.584758703030253,0.002185197028459248,0.30667892227585986
2026-01-01 00:22:26,0,32.82364838355898,12.851937237536216,0.0001503096224970278,0.25406555299183375
2026-01-01 00:22:26,1,17.450610427311222,9.031149059249042,0.0019635669052006084,0.2992826909406555
2026-01-01 00:22:26,2,21.400383788171236,9.421887141440486,0.0004242052009566396,0.23720106630961668
2026-01-01 00:22:26,3,16.03953382696482,12.75286798563625,0.00046275322447653924,0.4476490299834795
2026-01-01 00:22:27,0,76.1924778588476,13.268517625116068,0.0006935355765708682,0.24891040802136433
2026-01-01 00:22:27,1,32.97942435280199,9.70749408355707,0.002133041644305433,0.15139491980675623
2026-01-01 00:22:27,2,16.166922114452948,8.52131390652228,0.0012555181523591127,0.06070779593403471
2026-01-01 00:22:27,3,26.822421917895927,12.745904114156435,0.0018139155662397373,0.310043840323137
2026-01-01 00:22:28,0,52.73246564564067,11.042079235617212,0.001969816093863972,0.5089016700459843
2026-01-01 00:22:28,1,37.07451493134392,11.64157160437783,0.0016934763711538348,0.23194787185342775
2026-01-01 00:22:28,2,13.089967180325244,9.337121444383461,0.0005921853583455947,0.45491842751181744
2026-01-01 00:22:28,3,15.199010132012464,10.370652826966637,0.0010228583239961246,0.3786636131756881
2026-01-01 00:22:29,0,50.995626621695045,9.161420866021604,0.00035134271528218655,0.26709469365127125
2026-01-01 00:22:29,1,84.05780409741205,12.54406803604551,0.001145757451519282,0.4819459109539291
2026-01-01 00:22:29,2,54.06078915950961,10.851357487708752,0.0014489481295081345,0.36445240866515616
2026-01-01 00:22:29,3,35.87004165276962,12.185818449796463,0.0022741854120049906,0.4920525379266932
2026-01-01 00:22:30,0,24.376577215323625,10.451895921642254,6.311956893028749e-05,0.2792816525895119
2026-01-01 00:22:30,1,35.144813056874874,10.22693424541919,0.0009730441531795582,0.15624999754685992
2026-01-01 00:22:30,2,27.07617963101084,10.607496933772891,2.437321829493359e-05,0.3141986016630603
2026-01-01 00:22:30,3,33.29558259262079,11.502239663881852,0.0004504879474858245,0.3717708486059861
2026-01-01 00:22:31,0,12.0475846090644,8.123952029066261,0.0006286454889581282,0.13469101504993386
2026-01-01 00:22:31,1,50.97822218245107,8.988485891802766,0.00014348790267241357,0.1546888803432896
2026-01-01 00:22:31,2,10.167141765743766,9.655862383030398,0.0015392936466995094,0.2931331134384394
2026-01-01 00:22:31,3,72.7172348966909,18.422711500664136,0.001764328045368647,0.6063322821158389
2026-01-01 00:22:32,0,35.49652446719143,7.74953140346637,0.0012058142858492953,0.15669231160351146
2026-01-01 00:22:32,1,55.38156681493209,14.253332142730152,0.0005979644532242014,0.48013566682371916
2026-01-01 00:22:32,2,42.4089181685554,8.764679308679355,2.6989329600323026e-05,0.32555379486037045
2026-01-01 00:22:32,3,22.22897185359589,10.56287492882198,0.0006267039919240367,0.24203694590188676
2026-01-01 00:22:33,0,28.21320179313518,10.908744541855867,0.00014023471222649337,0.26298462782014775
2026-01-01 00:22:33,1,56.045568447897836,10.538143062038491,3.9091362062798615e-05,0.21378690990073887
2026-01-01 00:22:33,2,5.0,8.220657926137346,0.00019555224398200196,0.2223991468927186
2026-01-01 00:22:33,3,29.9016909855483,10.099294189205878,0.001326785495633779,0.22434404019504905
2026-01-01 00:22:34,0,37.37062280826978,10.068229275106411,0.0009772919337882166,0.28808266815511796
2026-01-01 00:22:34,1,96.18781738961425,14.035584022174572,0.0004552971841401357,0.26420367319535376
2026-01-01 00:22:34,2,34.434288640558655,8.055598554576507,0.00024447459450594394,0.4387577133868328
2026-01-01 00:22:34,3,171.6355781519995,15.374054429588643,0.0005911394031793312,0.2933200022049079
2026-01-01 00:22:35,0,12.733596321589292,8.848428490228958,0.00044680422844767346,0.02
2026-01-01 00:22:35,1,41.301849127358935,8.193624698326069,0.00025806197500391264,0.30099811736372095
2026-01-01 00:22:35,2,54.59098199312035,10.755178544515006,2.1653350157497667e-05,0.10950902631209142
2026-01-01 00:22:35,3,17.933822995480085,9.0416538785362,0.0009210068148435435,0.31104277036911987
2026-01-01 00:22:36,0,21.35063304072375,7.914625702195283,0.001798314996946201,0.10264027158150109
2026-01-01 00:22:36,1,17.48695905266486,17.81165925902993,0.00010513101747067376,0.2643160727646655
2026-01-01 00:22:36,2,83.14936103905966,11.007222612692505,0.00034864428551280714,0.4723113726625642
2026-01-01 00:22:36,3,95.87586741456789,13.503570768109604,0.0009093035534506791,0.28134384717797184
2026-01-01 00:22:37,0,67.75014240196994,8.681294004338973,0.0015300889584741702,0.2061811902053338
2026-01-01 00:22:37,1,72.2197107916348,11.696101269458179,0.0006673004016517183,0.27990542880839775
2026-01-01 00:22:37,2,17.919328231449448,10.187486173595186,0.00047328800568621326,0.20866753238568508
2026-01-01 00:22:37,3,19.58946558186359,14.409606968221611,0.00021423234578658545,0.25641658880231916
2026-01-01 00:22:38,0,79.82970841706944,10.175572741540439,0.001122361382284712,0.3958631728906942
2026-01-01 00:22:38,1,24.133167347277976,10.930202103087277,0.0004766949912630146,0.3981463160517239
2026-01-01 00:22:38,2,45.5466383755082,12.036087617186919,0.0020337123609794937,0.38834629044014973
2026-01-01 00:22:38,3,38.85334634074893,10.235428688439695,0.0005989030413793411,0.3294317379668715
2026-01-01 00:22:39,0,52.326696913936466,9.748123035565829,0.00044352574530034537,0.2924878738293018
2026-01-01 00:22:39,1,32.96073666671777,10.571752760144022,0.0016465764503795777,0.15488580554105624
2026-01-01 00:22:39,2,23.41329038885136,10.893225197567551,0.0014264274471347976,0.1767295602987728
2026-01-01 00:22:39,3,23.94626019949707,7.438748167205138,0.0003658809638574857,0.07376720694178573
2026-01-01 00:22:40,0,52.87582759022705,10.604733130759445,0.0003664657052318672,0.21195708945430697
2026-01-01 00:22:40,1,22.9051488959802,8.2055099681534,0.0010433617158830057,0.4204933864604721
2026-01-01 00:22:40,2,74.7043511856473,10.912790511173691,0.0018568332084744111,0.4771087395855015
2026-01-01 00:22:40,3,42.28810823047624,10.448784907459356,6.740358774476897e-05,0.14079383622336886
2026-01-01 00:22:41,0,115.69680640410272,9.866729210815075,0.0014267069675129955,0.29395128876041615
2026-01-01 00:22:41,1,35.62856455926791,9.225536985696221,5.5086375506012746e-05,0.36760567157633567
2026-01-01 00:22:41,2,47.88379112567148,11.380527858070321,0.0002501494260381218,0.4697450492737845
2026-01-01 00:22:41,3,160.53166018908394,11.337226481588374,9.01438305465747e-05,0.39001994263159073
2026-01-01 00:22:42,0,92.74561316985644,10.161946219684866,0.00010066624990847025,0.14363030757443754
2026-01-01 00:22:42,1,31.161654053283755,7.809098329502617,0.0009568476445903909,0.07601246039571012
2026-01-01 00:22:42,2,30.97986177637477,9.884530732665343,0.001370185713151147,0.21097634966900145
2026-01-01 00:22:42,3,28.31889785157387,13.166958597130632,0.0006246254802323149,0.47239642120203745
2026-01-01 00:22:43,0,22.743605511734764,8.182460566688473,0.0003339104092859998,0.15062378898876427
2026-01-01 00:22:43,1,11.245575370285042,7.23082231885089,0.0002287940361821477,0.14362724985324418
2026-01-01 00:22:43,2,149.02890737407685,11.565355760872517,0.00014928080175703664,0.45545148948952857
2026-01-01 00:22:43,3,32.59720668249936,12.110560636926115,0.00020654846746950888,0.3406964921768231
2026-01-01 00:22:44,0,84.10113363708469,11.549718717382746,0.0007266403242855911,0.20693444794538696
2026-01-01 00:22:44,1,40.37290447042,7.588875256132921,0.0012725460401496432,0.17996629758714705
2026-01-01 00:22:44,2,19.63235451439941,6.659044860115154,0.0011376861470101846,0.21315225056607845
2026-01-01 00:22:44,3,68.51440633045434,9.493655202274713,0.0003301818757147314,0.2943760080533501
2026-01-01 00:22:45,0,22.357614035987215,9.134420194379857,0.0002429255406306068,0.19320924248043306
2026-01-01 00:22:45,1,34.35232318343326,6.720284879575039,0.0012420603039049443,0.07085233445056678
2026-01-01 00:22:45,2,13.677168298519742,8.228097385836374,0.0007418294419444694,0.04653290784342639
2026-01-01 00:22:45,3,15.084060699809228,12.571404749745238,0.00027211267417312154,0.2105957628443431
2026-01-01 00:22:46,0,10.941829349376833,10.023232424694276,0.0007423547781275812,0.20733480670816085
2026-01-01 00:22:46,1,33.07638150169909,11.497770352011766,0.0004261005857267166,0.24170039951295416
2026-01-01 00:22:46,2,37.94798028949211,8.990825194694882,0.0005266817652855708,0.2279306773658697
2026-01-01 00:22:46,3,31.59429290656801,11.893031016306253,0.00017033558628778633,0.46211487844312227
2026-01-01 00:22:47,0,52.35238647189941,16.330742995056372,0.00043965451085589983,0.35084516214918393
2026-01-01 00:22:47,1,61.809731875593464,14.531765436211948,0.0003267271747734223,0.4919053639459739
2026-01-01 00:22:47,2,24.630187416481466,11.287641417791095,0.0011698505651968696,0.438370198092585
2026-01-01 00:22:47,3,16.661650245620063,10.541359738227822,0.00022679119270558503,0.39981611498011294
2026-01-01 00:22:48,0,21.08525189363981,11.193138596317562,7.944072553602886e-05,0.17425140232164696
2026-01-01 00:22:48,1,23.540682144298735,6.673849549695037,0.0006851138192962118,0.2420336692768414
2026-01-01 00:22:48,2,29.893671365823113,8.743047054349,8.116511819418245e-05,0.10499720209383002
2026-01-01 00:22:48,3,33.55473690805007,8.08143740933986,0.001662555243785711,0.3011158918656881
2026-01-01 00:22:49,0,27.13456289312352,7.923695787952404,0.0002213668595534061,0.1528669032420352
2026-01-01 00:22:49,1,64.64908394020156,15.60041278824283,0.0020564333861073877,0.3914988793951397
2026-01-01 00:22:49,2,30.686950626710587,8.618353427419839,0.0010352010651138203,0.16428377500762018
2026-01-01 00:22:49,3,8.552132011705195,10.913455142333069,0.00021083976242409645,0.29272967017745594
2026-01-01 00:22:50,0,47.40151994844832,10.497425191969665,0.0006678104239225314,0.2190710213838538
2026-01-01 00:22:50,1,47.78718936825408,8.01571567116145,0.0010807694884043928,0.16554978622313093
2026-01-01 00:22:50,2,36.592210876527844,9.443428194451169,0.00083869945820487,0.3720089196591587
2026-01-01 00:22:50,3,68.86959270319566,9.977742462242606,0.0034058809792676045,0.2550716006179529
2026-01-01 00:22:51,0,102.69583583041809,12.225944717610393,0.0012770622743855386,0.25240940864459127
2026-01-01 00:22:51,1,105.15462490146699,12.013509314360507,0.0003003423270542577,0.3639597819702145
2026-01-01 00:22:51,2,10.568054898960213,10.069614091290973,0.0010767156997255893,0.34448132973834267
2026-01-01 00:22:51,3,130.473026493456,9.396592242537347,0.0006630026668861359,0.18888873763095237
2026-01-01 00:22:52,0,28.57531813058202,11.000965425662708,5.740220315200925e-05,0.29481236803768607
2026-01-01 00:22:52,1,41.517029305611224,10.605786130735922,0.0018034198051827066,0.23514314073228265
2026-01-01 00:22:52,2,59.63310405617334,13.172957651689302,6.51222734391904e-05,0.3047302713453379
2026-01-01 00:22:52,3,24.00692402565906,7.911753442336833,0.0017171616083929689,0.10019950191896915
2026-01-01 00:22:53,0,7.627643769513315,9.770982806440665,0.0013813044441091352,0.03818511017503779
2026-01-01 00:22:53,1,119.9914274141377,11.218698413068154,0.00021136942793409066,0.27882404355862095
2026-01-01 00:22:53,2,47.178145134068195,21.697753757296795,0.0019952244911669074,0.44546292123966985
2026-01-01 00:22:53,3,72.78454324092213,12.2205128030486,2.3096872601660254e-05,0.549631612709461
2026-01-01 00:22:54,0,23.106022028223897,8.84427288337941,0.0008900628407245616,0.17307017861717475
2026-01-01 00:22:54,1,25.48322418585412,7.208179510912997,0.0005651027394680395,0.15997842347903657
2026-01-01 00:22:54,2,42.683350787196375,12.164571095933,0.0027629522997628334,0.1691514127775247
2026-01-01 00:22:54,3,120.4796443212851,12.3015224350169,0.002656705059405473,0.2073878533765634
2026-01-01 00:22:55,0,20.6240259321576,12.661300039447145,9.467829693825048e-05,0.3541120937479916
2026-01-01 00:22:55,1,112.98800097489266,8.93355662207244,5.6860896287936794e-05,0.2542171096475584
2026-01-01 00:22:55,2,80.38115696596925,9.055337831840887,0.0005062667244620424,0.17921423831937486
2026-01-01 00:22:55,3,24.15680272235228,12.980282233228971,0.000517236788235797,0.5216806799563342
2026-01-01 00:22:56,0,68.82143785403618,16.138381726904832,0.000643374793261922,0.44449121617067944
2026-01-01 00:22:56,1,143.2646304715564,10.859618388505414,0.0007014385867049418,0.2308055278999802
2026-01-01 00:22:56,2,43.52149621619225,9.690477505172275,0.0001384590510910457,0.2059976545428331
2026-01-01 00:22:56,3,19.941379142035743,8.497266683789528,0.0007160850273503697,0.33028980331416047
2026-01-01 00:22:57,0,18.163693741334395,9.42219092321578,0.0008500519442512088,0.13567803582134375
2026-01-01 00:22:57,1,71.31069128517845,13.498966889309784,0.0013235636220724374,0.4350857951795222
2026-01-01 00:22:57,2,131.12775460575463,13.749892948010345,0.00034153530169914333,0.5156164279551924
2026-01-01 00:22:57,3,105.75003296197985,16.87552699652974,0.000651989993537941,0.4451560733604388
2026-01-01 00:22:58,0,98.76639384105451,9.076265510314583,2.9267730085941504e-05,0.26482424341808847
2026-01-01 00:22:58,1,15.381744842605661,9.536818268944073,0.00023174291830166678,0.3419175879182879
2026-01-01 00:22:58,2,25.056577278752005,7.690521519247975,0.0007406958049013193,0.308811777871313
2026-01-01 00:22:58,3,40.44055687644896,12.737347363536642,0.00020380514545625928,0.37090662479090847
2026-01-01 00:22:59,0,46.119110974319746,5.951790840281449,0.0011623999161613358,0.24947685001159275
2026-01-01 00:22:59,1,16.47710039173642,17.21660122619504,6.978651873159542e-05,0.5879418934659967
2026-01-01 00:22:59,2,114.52364553074928,7.303094434924743,0.00016947984521224302,0.34104295683072794
2026-01-01 00:22:59,3,55.06065200085524,8.77646823390742,0.0033954181551104456,0.22576891578984254
2026-01-01 00:23:00,0,21.027051530833344,9.849144791254167,0.0003217197000925508,0.32835575443581844
2026-01-01 00:23:00,1,18.82889776406935,11.29307131211062,0.00010324529564722916,0.30168761615308604
2026-01-01 00:23:00,2,18.050116705518068,11.198986327486987,0.0001221843830001291,0.057020905390081325
2026-01-01 00:23:00,3,43.67710897536281,10.958204265637432,0.0029961490968877726,0.3470248561987686
2026-01-01 00:23:01,0,42.45567833988192,8.427840708504961,7.778474571442357e-05,0.3231326946623424
2026-01-01 00:23:01,1,36.57656422536376,13.620965558075717,0.0019189655347207205,0.4481579560061074
2026-01-01 00:23:01,2,27.08507204712375,7.953503955353616,0.0015718111387317255,0.16851910738012313
2026-01-01 00:23:01,3,22.151868238966152,11.66698204561007,7.650114588265432e-05,0.4047259109580328
2026-01-01 00:23:02,0,16.309060439183476,15.335151462251622,0.0012498767278677754,0.4245512327438374
2026-01-01 00:23:02,1,147.73476913791436,11.192403870627894,0.0002822274941842266,0.3859147616872084
2026-01-01 00:23:02,2,5.356036248866437,8.818459855255936,0.0008401310949709272,0.20860693647524978
2026-01-01 00:23:02,3,30.47241452288041,9.756157031000644,0.000790733759953625,0.18712371902022146
2026-01-01 00:23:03,0,25.476681883232242,9.298273725891102,0.0005303377716266595,0.13011446508697408
2026-01-01 00:23:03,1,23.695485859001202,9.707087364279943,0.001050130102486005,0.227734608733588
2026-01-01 00:23:03,2,41.92477984450823,17.048387367985708,0.0009641831085605772,0.6173765508990767
2026-01-01 00:23:03,3,10.645024449553624,12.191614176836524,0.0009085662289047565,0.43095756538510993
2026-01-01 00:23:04,0,40.40619557704461,12.266699669772176,0.002543830243808045,0.29097950535022254
2026-01-01 00:23:04,1,282.1145919414293,12.436861380371713,0.00011412773696176211,0.5109485750885931
2026-01-01 00:23:04,2,37.841427237582764,13.824747501153212,0.000887491065632473,0.29593424261200485
2026-01-01 00:23:04,3,44.50410515475859,17.05198896055009,0.0024624665668252885,0.32733240058111934
2026-01-01 00:23:05,0,38.81953233026078,10.912548597226365,0.0005542214626986107,0.24106097923592165
2026-01-01 00:23:05,1,56.53037361493772,12.370860932697484,0.0003857194454381484,0.31682225701580286
2026-01-01 00:23:05,2,18.165670310683915,13.74462784816523,0.0006826487943147543,0.5043643570298703
2026-01-01 00:23:05,3,39.602729045637936,11.32964302953398,0.001111535470552932,0.14786151273301645
2026-01-01 00:23:06,0,21.419989081093664,10.006390851169778,0.0010980573425519015,0.3463061504556839
2026-01-01 00:23:06,1,32.38169649671852,12.50226151246447,0.0016516090717919412,0.5566439320461167
2026-01-01 00:23:06,2,43.71162203209064,8.087265550094797,0.0007426171946281992,0.3513629813281314
2026-01-01 00:23:06,3,14.551698128952353,6.582548073797811,0.0002835984796240012,0.12992696232690243
2026-01-01 00:23:07,0,25.559981779711862,13.446310325788119,0.00042518138493666025,0.08147228638802886
2026-01-01 00:23:07,1,62.90203062719758,18.91200088554324,0.0007017801359428386,0.23384452939658804
2026-01-01 00:23:07,2,18.12555153235514,5.585121524655206,0.001155772803860115,0.1332565351308967
2026-01-01 00:23:07,3,19.130491241241923,10.702295070580027,0.0008788686551771266,0.2789509227906974
2026-01-01 00:23:08,0,22.964607951711294,12.15332748449311,0.0004119731103745042,0.32523849882710504
2026-01-01 00:23:08,1,51.7137657958732,15.354177848167794,0.0018212179612477918,0.53587741023912
2026-01-01 00:23:08,2,15.036101159048137,8.684773572910023,6.670881331640721e-05,0.2033310105644314
2026-01-01 00:23:08,3,34.647896999788586,9.004948147016954,0.0017447302525076536,0.12495427298184125
2026-01-01 00:23:09,0,54.26994777928031,13.428027609291705,0.0004413065610521274,0.35498764860939147
2026-01-01 00:23:09,1,19.038748841461405,15.460731611569912,0.0030750568815943163,0.2683117875266415
2026-01-01 00:23:09,2,16.10961905521495,12.347154615519166,0.0008227711497977478,0.24515537164986706
2026-01-01 00:23:09,3,29.047384460255728,14.554462605459909,0.00045714662714092997,0.2682477579702442
2026-01-01 00:23:10,0,20.450498398201642,8.106507809663956,0.001988037589564981,0.20181702895213835
2026-01-01 00:23:10,1,31.550048593103778,9.03998629996919,6.302678590686797e-05,0.3471138782194735
2026-01-01 00:23:10,2,42.82342105378983,13.715053653546327,0.00015481400832562307,0.19476249045214686
2026-01-01 00:23:10,3,147.0861281744621,13.372956419814289,6.5972530017381e-05,0.3343829337081775
2026-01-01 00:23:11,0,104.65350110083489,10.21064778733246,0.0005845433842860642,0.3219518612250298
2026-01-01 00:23:11,1,170.86173199192396,11.628511220481272,0.0002369426965743779,0.4106657867242457
2026-01-01 00:23:11,2,23.368238409339554,9.795320895235927,0.00012501848469377512,0.26083500508568297
2026-01-01 00:23:11,3,27.122600940077508,12.373722204053378,0.0007065120723232003,0.43099828004683977
2026-01-01 00:23:12,0,42.73338757083623,10.595101687662538,1.2489375577438868e-05,0.26142648160566195
2026-01-01 00:23:12,1,24.97985379755588,15.454769297490325,0.00024036199608677626,0.30997953021365554
2026-01-01 00:23:12,2,43.2639731615034,17.422056960555736,0.0005172943401259996,0.38686458871973317
2026-01-01 00:23:12,3,8.857726991866313,11.212602279071158,0.00010406427982111627,0.3420278264405941
2026-01-01 00:23:13,0,15.278351493637983,9.114149745982445,0.0007240876441136215,0.16081941119858506
2026-01-01 00:23:13,1,26.56182848397982,18.333230496381663,0.0006810863366882425,0.2842642717790182
2026-01-01 00:23:13,2,30.50320433424553,10.361218776036191,0.002060189509146965,0.23244494250361838
2026-01-01 00:23:13,3,35.52255315431016,11.281384183123322,0.00034223600723748903,0.3669276865760429
2026-01-01 00:23:14,0,47.488632543713656,9.44767230997714,0.00011253782715505972,0.2778434887287319
2026-01-01 00:23:14,1,20.34668031658637,6.8569929992692025,0.0023952483817523042,0.07024697143109113
2026-01-01 00:23:14,2,43.87869543049701,10.676966245819438,0.0004997536355117412,0.31502028949861466
2026-01-01 00:23:14,3,50.596557472989225,12.833875442418115,0.0005639330362608758,0.3391721244466998
2026-01-01 00:23:15,0,26.759184767501623,14.994203626199463,0.0001239206102330739,0.22777844554887114
2026-01-01 00:23:15,1,46.52370184521873,11.473424488156121,2.9065296544349613e-05,0.27427323816398774
2026-01-01 00:23:15,2,49.50666392280557,12.068508741372677,0.00028258933459562446,0.48649649059073585
2026-01-01 00:23:15,3,11.323171654679197,7.125340010799832,0.00041619096641127364,0.14755557524989504
2026-01-01 00:23:16,0,22.668291966750317,9.604209855555471,0.0011666396884760643,0.2753599126593795
2026-01-01 00:23:16,1,48.267193250446795,15.38496077050964,0.0002950738092833961,0.5133117110084093
2026-01-01 00:23:16,2,41.00748743493877,8.310076442504913,0.0013068495046805457,0.3042872546100617
2026-01-01 00:23:16,3,133.77994875691695,14.98104163756954,0.00028086816898820953,0.5218458393899693
2026-01-01 00:23:17,0,56.50091807425254,7.034586330586856,0.0009795171632489127,0.10680583069533578
2026-01-01 00:23:17,1,25.2308810008613,12.853079913706793,0.0012165490868203867,0.16853207872333478
2026-01-01 00:23:17,2,96.83591304540101,10.815833638204474,1.0012866185792224e-05,0.4741327085561083
2026-01-01 00:23:17,3,33.35498138497878,11.466289466823106,0.0005787095362369475,0.4001970306927284
2026-01-01 00:23:18,0,19.616025440046045,7.062174749228611,0.0002515938612822813,0.28616598103220536
2026-01-01 00:23:18,1,82.58050087918798,7.422284416191781,0.0010229648320480161,0.11882954620041347
2026-01-01 00:23:18,2,72.92250366451118,15.522904355587706,0.0004956858113664168,0.5766346608801313
2026-01-01 00:23:18,3,44.39580246083342,8.338359472574266,0.0017435618325602534,0.35739875968190576
2026-01-01 00:23:19,0,63.195494012764634,9.183258244131977,0.00028553928278403183,0.3798616051850326
2026-01-01 00:23:19,1,12.178863281658693,14.438335150088905,0.00019646882272183143,0.3453820150424267
2026-01-01 00:23:19,2,15.476891747714863,13.380843698790313,0.0007538965093738185,0.3735370153312766
2026-01-01 00:23:19,3,43.093784960812954,9.871471373222496,0.00021286687679811957,0.33329445885697095
2026-01-01 00:23:20,0,31.814838224106367,7.860584110872099,0.0009581801448851192,0.1286033773514609
2026-01-01 00:23:20,1,31.860656534761578,10.47957418826464,1.8547209680164765e-05,0.2866038799010956
2026-01-01 00:23:20,2,26.843879825097694,14.222916568171481,0.0015268916414686805,0.08740866226397001
2026-01-01 00:23:20,3,76.16895613347053,11.142540829133354,0.0003601256688728553,0.39487281140654373
2026-01-01 00:23:21,0,17.955511060420427,10.505873470210412,0.0002038230353551013,0.054398053051519915
2026-01-01 00:23:21,1,40.15944760643328,10.203839928806325,0.0002236434033311102,0.2274196138351368
2026-01-01 00:23:21,2,21.74052254069338,8.499878349300042,0.001221181880832133,0.1263539817425881
2026-01-01 00:23:21,3,50.178697346849724,10.146981785116228,0.001620100231496866,0.4929140796934986
2026-01-01 00:23:22,0,14.750159182363,13.277619694640688,0.0007940147469293624,0.256519450351941
2026-01-01 00:23:22,1,28.229517702151696,8.736961731963717,0.0010342632300133115,0.27942077869859855
2026-01-01 00:23:22,2,35.20897559132166,8.9800043675443,0.0004075246176575659,0.25440384921494147
2026-01-01 00:23:22,3,7.107680064766103,9.454212022505528,0.0016825269055565336,0.170913889967374
2026-01-01 00:23:23,0,15.703500696586024,14.75712819128901,0.00379581041513602,0.23641982902155861
2026-01-01 00:23:23,1,37.685498002925144,10.279222819767439,0.0005801113478081781,0.26802758921776565
2026-01-01 00:23:23,2,19.1818313496839,9.114026704368952,0.0007909084768340602,0.1393510507767692
2026-01-01 00:23:23,3,46.0160698551158,15.769750105127695,0.00018964880866151102,0.5641888896817502
2026-01-01 00:23:24,0,30.088017834267376,9.46697243113102,0.0001583846941101928,0.050060234628241954
2026-01-01 00:23:24,1,50.59535037628242,12.46971746815356,0.00012629221615672172,0.3339171224093995
2026-01-01 00:23:24,2,36.65609193084408,8.506540599735978,0.0017239882866001677,0.12112332562948548
2026-01-01 00:23:24,3,20.3444968334386,12.596094422873206,0.00015020828933580015,0.4588656428347624
2026-01-01 00:23:25,0,5.0,14.34127339085877,0.0003640991458655917,0.05597240947444593
2026-01-01 00:23:25,1,64.92822977059568,14.932052718000254,0.0007352194750815845,0.30806154775658445
2026-01-01 00:23:25,2,40.28865746987267,8.350534728885599,0.0005163904974498671,0.12876857567405095
2026-01-01 00:23:25,3,57.521893568775035,18.201132086421662,0.0006373112028457689,0.6582600259203835
2026-01-01 00:23:26,0,31.338802128394757,12.25640812854143,0.0004958693197582224,0.29661280598040646
2026-01-01 00:23:26,1,19.3127131864765,11.518968379831158,0.00028291401763523826,0.18498222168996242
2026-01-01 00:23:26,2,20.814574380736705,14.78119177448642,0.0003785280917838629,0.15045580756438487
2026-01-01 00:23:26,3,23.416553124252534,13.306956813151604,0.0007270660449209885,0.5225789126484539
2026-01-01 00:23:27,0,8.136956787108653,7.9640902240866565,0.0004508196347569672,0.03378710188739144
2026-01-01 00:23:27,1,27.43108696460586,21.452294518117846,0.0010341552433201064,0.5116582859517375
2026-01-01 00:23:27,2,20.43086531312506,5.726889425552713,0.00039418471939450166,0.2582867200690246
2026-01-01 00:23:27,3,31.889767953507636,9.750699512191412,0.0005810091567223616,0.2443687246021985
2026-01-01 00:23:28,0,34.10170972930998,8.673636502229124,0.0004155768810151097,0.08894445704354195
2026-01-01 00:23:28,1,40.0321135039607,10.817072117007662,0.001090987643336781,0.41273279810931385
2026-01-01 00:23:28,2,33.29056364130407,9.186089948836907,0.0022650624018335976,0.32104643729508164
2026-01-01 00:23:28,3,83.63937112504465,21.779615960049288,5.025210570800173e-05,0.546842400474049
2026-01-01 00:23:29,0,29.417429442925204,10.104982233891047,0.000153718339676376,0.3960378985277365
2026-01-01 00:23:29,1,13.168741641302553,11.784363916348404,0.00020347021948239062,0.22262531323780219
2026-01-01 00:23:29,2,50.71822972608528,9.317788345250149,0.0002945883826413468,0.23060620235778212
2026-01-01 00:23:29,3,33.70218519029838,7.630952406271559,0.0002679914671197205,0.06571169230402035
2026-01-01 00:23:30,0,50.78865090795202,11.148570118503683,0.0017737575214992966,0.18132808165437952
2026-01-01 00:23:30,1,34.635214498947654,11.758622629754239,0.0004911682183262632,0.4064657075697172
2026-01-01 00:23:30,2,13.616516547048684,9.464950113136766,0.0001102291512682806,0.29985728318703275
2026-01-01 00:23:30,3,46.801621357674044,9.11106991394064,0.0006606748613812585,0.3271030135249227
2026-01-01 00:23:31,0,24.64880419370362,9.937128967331555,0.00010480159571867785,0.20687774239956844
2026-01-01 00:23:31,1,24.4077001401658,10.883986033832205,0.00016499001590374466,0.2920604455721215
2026-01-01 00:23:31,2,25.51589639305552,11.760376113755184,0.0007608773564381251,0.21975012410055733
2026-01-01 00:23:31,3,60.804017095239516,9.884637022757962,0.0005176821471102115,0.348144249468728
2026-01-01 00:23:32,0,22.80506569708245,16.64903998571299,0.0004969328799745653,0.2355211897764759
2026-01-01 00:23:32,1,23.803790615292108,8.036321044926975,0.0001980959961410441,0.07664887151834099
2026-01-01 00:23:32,2,18.366705992655866,8.575556579538482,4.297554826299659e-05,0.18411481861177453
2026-01-01 00:23:32,3,9.079490695906735,9.298747998419334,1.1283037394799095e-05,0.2550214365395075
2026-01-01 00:23:33,0,18.408258995851394,12.269740338863137,0.0004163862215158071,0.2539329335316538
2026-01-01 00:23:33,1,22.011987995139453,10.536917968665,0.00012518207151065297,0.03186298579804108
2026-01-01 00:23:33,2,22.19792991944534,13.851009778597351,0.000995849108893362,0.12316044828650612
2026-01-01 00:23:33,3,10.916237178766801,20.742116351697483,0.0011993109440941825,0.5497709066170339
2026-01-01 00:23:34,0,36.96028154694246,11.120404197959553,0.0032084881041116705,0.45888136471793306
2026-01-01 00:23:34,1,43.52049719119244,9.164981111197532,0.00022471357683518989,0.1786421114238888
2026-01-01 00:23:34,2,29.943709122380625,12.823948849845477,0.0013073521213539687,0.5127810234956359
2026-01-01 00:23:34,3,16.798191570726974,10.40193802313948,0.000425294171042638,0.1681335877167041
2026-01-01 00:23:35,0,41.965548962900264,15.272067565843187,0.0003398051540974929,0.3181746123171066
2026-01-01 00:23:35,1,27.816438735034925,10.65178103441375,0.00048565247940627893,0.25818767046301544
2026-01-01 00:23:35,2,75.7870565683717,10.843018141242897,0.0006448025505972142,0.3247469985259324
2026-01-01 00:23:35,3,17.105054429377425,7.8818765578065095,0.0007483403989239274,0.09066013411035721
2026-01-01 00:23:36,0,21.298362480939584,7.699591742916523,0.0007532422897666924,0.15145613384300258
2026-01-01 00:23:36,1,90.77973322197771,7.936553561942123,0.0004868392196575914,0.30766270967663406
2026-01-01 00:23:36,2,26.52722270321777,11.37529907614376,0.0006420082377639501,0.2509800080749039
2026-01-01 00:23:36,3,24.170463119944117,14.599645388757661,0.00022489504989185228,0.3962621665152172
2026-01-01 00:23:37,0,23.76911487320155,9.8091566385642,0.0009148245767394041,0.0954208154729355
2026-01-01 00:23:37,1,27.263031645536515,10.798193277082866,0.0014923623699273243,0.3276115269585346
2026-01-01 00:23:37,2,15.388739885550004,9.944462344204455,0.00025223503520598685,0.24285103644277
2026-01-01 00:23:37,3,25.68812567473778,10.978668138425114,0.00016033826104346361,0.11276123856176161
2026-01-01 00:23:38,0,35.5543776234514,11.379376395429453,0.0011060551037310607,0.233186437178141
2026-01-01 00:23:38,1,36.776688902453735,6.862441532060716,0.001187582326995066,0.1104251774697711
2026-01-01 00:23:38,2,33.279392596997354,5.528531153322321,0.0014898108203364293,0.21534934347955403
2026-01-01 00:23:38,3,60.20439752197617,19.361778677903224,3.350290492684676e-05,0.5540439539099412
2026-01-01 00:23:39,0,30.197936381297787,14.01041773168846,0.00032037638199347617,0.04487773187046392
2026-01-01 00:23:39,1,98.37928306411138,12.495033603893228,0.00020903091548290953,0.44262116006370944
2026-01-01 00:23:39,2,9.552417052303555,13.155060712174738,0.0002749419376273572,0.4092565733256599
2026-01-01 00:23:39,3,73.75784707481779,11.271509690887056,0.0005005737770573287,0.4439239361748125
2026-01-01 00:23:40,0,19.637489041361462,10.82447993925878,0.00026678801764125793,0.25521339962320577
2026-01-01 00:23:40,1,40.56006073410791,8.477874498229145,0.0033580605149349887,0.1697683620722737
2026-01-01 00:23:40,2,23.559422544650346,12.999800198798248,0.0008946088929445232,0.258405521735804
2026-01-01 00:23:40,3,33.51800940214241,13.679221624096277,0.0009632394613563621,0.41525998667826974
2026-01-01 00:23:41,0,24.239083619592055,10.01468616447668,0.0006765145671773976,0.24153221804370945
2026-01-01 00:23:41,1,25.229613549239513,9.37602833657411,0.0001535256486578518,0.2217165010348453
2026-01-01 00:23:41,2,30.535985813449695,10.851979669413838,3.5305871671958566e-05,0.4887063261683007
2026-01-01 00:23:41,3,12.63844689198238,13.85848938870755,0.0005337845720567373,0.3177860141556417
2026-01-01 00:23:42,0,23.331408325746658,10.294853754843462,0.0022670545631128178,0.2346577939479823
2026-01-01 00:23:42,1,28.173352702690302,9.296054588155695,0.001592426872253398,0.3363937271040417
2026-01-01 00:23:42,2,15.501697437956672,10.053285887114548,0.0006093830406921489,0.41607526949322204
2026-01-01 00:23:42,3,33.659374201184384,6.825862005918718,0.00041662259835035647,0.133729629322934
2026-01-01 00:23:43,0,17.06071521369107,15.889698919051721,8.975861322302648e-05,0.06616336703526395
2026-01-01 00:23:43,1,67.01362152655935,13.648643065758169,0.0013905019801691912,0.5603003888671666
2026-01-01 00:23:43,2,39.945659189805035,8.291479767562269,0.0012185468976225766,0.33409536940568574
2026-01-01 00:23:43,3,13.300272315668362,12.017370237169732,0.00015496041243186136,0.3731649997620666
2026-01-01 00:23:44,0,33.47500436407379,8.407219148817127,0.00023900556715680598,0.33682381264205913
2026-01-01 00:23:44,1,16.605868463278604,8.325998831305071,1.3078935235802622e-05,0.2144302509046323
2026-01-01 00:23:44,2,43.51775754159623,10.82007345301263,0.001816693146786146,0.13754247634927097
2026-01-01 00:23:44,3,39.6947136993387,11.91348237489132,0.0008764340826369852,0.3447170393809169
2026-01-01 00:23:45,0,25.138441869003803,13.28824250362347,0.0005374954540893008,0.15138823177312033
2026-01-01 00:23:45,1,5.0,8.819845324255214,0.0009549464378591502,0.1810044756307366
2026-01-01 00:23:45,2,96.26141192570262,10.609225070505346,0.001831665788524828,0.22341413639628954
2026-01-01 00:23:45,3,14.613538067488136,8.286968947572248,0.002911546507831597,0.14877666898206748
2026-01-01 00:23:46,0,9.906584365529323,12.104660297975725,0.0016854632318260617,0.16929818346235315
2026-01-01 00:23:46,1,16.235883142809943,11.239071502909804,0.0011789495145038955,0.2643100020703183
2026-01-01 00:23:46,2,40.97062516049086,13.864432492581813,0.0006784050124811135,0.5043404272578873
2026-01-01 00:23:46,3,20.398412551182705,9.983510867988533,0.00010669704128920941,0.22674777796402143
2026-01-01 00:23:47,0,52.68787520347754,13.549411770467191,0.0014024063606490275,0.2243385912295976
2026-01-01 00:23:47,1,16.8320820958688,9.123554785999586,0.00014181774731938585,0.1462952826221105
2026-01-01 00:23:47,2,32.65923299572429,10.58844608443005,0.0003203029570765508,0.15451734504998954
2026-01-01 00:23:47,3,31.290510290828,9.565243540671023,5.9941468984698415e-05,0.034373616778701724
2026-01-01 00:23:48,0,156.86431281268483,10.05889162643901,0.0007578961581037781,0.31213962746052676
2026-01-01 00:23:48,1,50.531800074908006,17.22761455533137,0.0010352830805852242,0.5864084961976689
2026-01-01 00:23:48,2,36.83263132707719,9.901142098516893,0.00032788369866878066,0.1237772796533893
2026-01-01 00:23:48,3,30.473870586995755,8.649032453447195,0.0004171250483956594,0.24488130824046403
2026-01-01 00:23:49,0,24.082450736246866,11.775014800968567,0.0027397219549680305,0.16032341994839533
2026-01-01 00:23:49,1,34.03447747875114,5.609990090125299,0.002917077253637477,0.33936584770138695
2026-01-01 00:23:49,2,35.44637725896243,6.57244794718527,0.0008167824951801909,0.1183456279955043
2026-01-01 00:23:49,3,25.13798802814444,26.541625313586696,0.0031595850143784705,0.4495065320618052
2026-01-01 00:23:50,0,68.39122404133454,10.68775549220371,0.00029400358872328343,0.2559473107338437
2026-01-01 00:23:50,1,36.08754890031836,10.416119387551486,0.000899050584052116,0.34083204986537635
2026-01-01 00:23:50,2,36.24267232798169,10.597233932031754,0.002161968782585244,0.31880751636466187
2026-01-01 00:23:50,3,94.30166824413212,10.852907617174235,0.001763740594347947,0.21374592574062218
2026-01-01 00:23:51,0,34.07039232660457,10.112349460338708,0.0002907402832881043,0.29904003657683376
2026-01-01 00:23:51,1,35.840475143711956,14.032870596883498,0.00038523852706725197,0.37994437683212484
2026-01-01 00:23:51,2,44.817374339703136,11.228316853652009,0.0013431124030872975,0.30806118533658533
2026-01-01 00:23:51,3,71.03983422039174,20.60594991113105,0.000485102742892225,0.6604806677523428
2026-01-01 00:23:52,0,89.89161604053561,8.931406124132753,0.0007989661282319822,0.2542561501381506
2026-01-01 00:23:52,1,33.79889044991068,8.802892309238734,0.00033731962276740035,0.4446383484669293
2026-01-01 00:23:52,2,35.65892281211446,9.253744844073516,0.0006380869237680801,0.2740084571594721
2026-01-01 00:23:52,3,61.93783533269407,17.581818581910643,0.000433083187178745,0.5136096705229851
2026-01-01 00:23:53,0,31.58710841245679,16.268632571078175,0.0003314368286426275,0.33719525246575766
2026-01-01 00:23:53,1,26.21400326586346,10.442878147962587,0.0005444894205908207,0.23565715095728204
2026-01-01 00:23:53,2,36.938773881503295,15.966026750567572,0.00026367256881509795,0.510091504407587
2026-01-01 00:23:53,3,38.626361454513756,11.894085136736923,0.0007416102028339514,0.13107337263356855
2026-01-01 00:23:54,0,19.0207403659627,13.728162710416445,0.0016698884975400302,0.13589556815638731
2026-01-01 00:23:54,1,29.927266965837138,9.263595370859262,4.61835814988714e-05,0.21907206312371183
2026-01-01 00:23:54,2,18.652769514980783,16.970507996489353,0.0001969085871485233,0.5184414882190808
2026-01-01 00:23:54,3,21.339376180294636,6.77560924654344,0.00047937237656027877,0.2734999691597519
2026-01-01 00:23:55,0,13.098931339528212,7.620755319774377,0.0002144631031082388,0.2722396003015119
2026-01-01 00:23:55,1,43.172192648518255,13.742929113414368,0.0009279831710683995,0.308151676020477
2026-01-01 00:23:55,2,63.561196238187364,13.774789430054959,0.00035296075947010083,0.41311660449687937
2026-01-01 00:23:55,3,48.55417626128857,9.648321637429222,0.0002934040109103241,0.3590096297853048
2026-01-01 00:23:56,0,30.683869331749822,9.062123075935803,0.000998724543362369,0.20682229525054258
2026-01-01 00:23:56,1,95.10381678252679,9.992377670469406,0.001408808328237287,0.16837151894930902
2026-01-01 00:23:56,2,50.955539368653454,12.108282110785762,6.782261857289941e-05,0.4630008018247156
2026-01-01 00:23:56,3,11.6803375966861,9.815509199219528,0.0007523143953173233,0.31866528900910907
2026-01-01 00:23:57,0,27.58279043236532,12.02578216044794,0.0003071277031288064,0.3274518863107986
2026-01-01 00:23:57,1,51.62732409043751,8.417878687200641,0.00026076659010231516,0.2725973999698563
2026-01-01 00:23:57,2,28.47526872294141,14.898924124709065,0.0005918223258697087,0.26936706574326913
2026-01-01 00:23:57,3,48.05368197972801,16.580189763092434,3.547048604859215e-05,0.5846845024071676
2026-01-01 00:23:58,0,15.999724723379378,10.013795216421755,0.0026921409859703236,0.14335746623701284
2026-01-01 00:23:58,1,9.880682655097372,12.114498041785783,0.0022295649768965366,0.4608925136409926
2026-01-01 00:23:58,2,46.075288768327404,13.456594319576366,0.0002521378045177944,0.30014781242116834
2026-01-01 00:23:58,3,92.85982574863088,9.738851822800031,0.0040015481290918975,0.20728803962080738
2026-01-01 00:23:59,0,43.64785908382966,7.73379956234691,0.0009041527120839675,0.23183817883676078
2026-01-01 00:23:59,1,45.3457141112581,14.056627804100088,0.00026546455712520424,0.4643653643785403
2026-01-01 00:23:59,2,33.10173497817469,12.394569998812722,0.00031135096184072,0.07780840441950188
2026-01-01 00:23:59,3,178.34533857036377,7.735866973690132,0.0004000424871029328,0.39118141367825404
2026-01-01 00:24:00,0,14.368355932597481,7.403219353767384,0.0016363710859916658,0.20199749489269356
2026-01-01 00:24:00,1,40.57114685622661,17.035060515198747,0.006541079253163869,0.607321689992169
2026-01-01 00:24:00,2,11.220718230134285,13.554603355087771,0.0006866692925951814,0.1737203033911886
2026-01-01 00:24:00,3,15.883171074365254,7.585406666236521,0.0011760091476906655,0.35629077796030956
2026-01-01 00:24:01,0,14.848358538753423,13.52138107199454,0.00011143428315742974,0.2922989023208104
2026-01-01 00:24:01,1,25.144838865219963,13.36105366958468,0.00046952364650059493,0.3160401452693429
2026-01-01 00:24:01,2,17.378438725586623,14.261963442998592,0.0006010726865605031,0.15699892669167342
2026-01-01 00:24:01,3,64.39127012116612,18.519941497401163,6.705942531637309e-05,0.4062379063069307
2026-01-01 00:24:02,0,19.068531658506625,13.739924036843954,0.0009726932680113774,0.3522303460185559
2026-01-01 00:24:02,1,18.233841118647113,12.557372337201311,0.0005918861603592633,0.3424242685399504
2026-01-01 00:24:02,2,30.880569685001223,15.51700951336647,0.00043756371837426846,0.02
2026-01-01 00:24:02,3,71.61380826477414,9.087488819020644,0.001342629027666516,0.28036151395467473
2026-01-01 00:24:03,0,28.7649157883027,12.938452150301913,9.394877703996578e-05,0.33829413323679147
2026-01-01 00:24:03,1,55.671236392584454,7.632286985747492,0.0007143952587273639,0.21989165629994864
2026-01-01 00:24:03,2,39.240110405208945,12.839558355816475,0.0004535708750661944,0.43211119482848115
2026-01-01 00:24:03,3,43.45595951621741,11.395054759265735,0.0004850089278983579,0.4135201932819553
2026-01-01 00:24:04,0,29.714034066271942,11.638220212274968,0.00038755650780347294,0.1634242006588797
2026-01-01 00:24:04,1,42.48830940779708,10.303967513047704,6.722722855039436e-05,0.1440553344484282
2026-01-01 00:24:04,2,51.50339308889149,14.195399009056139,0.0008712552438661959,0.47743133801034754
2026-01-01 00:24:04,3,41.63641635566256,11.518742884669125,0.000570849279219493,0.502970326943686
2026-01-01 00:24:05,0,28.55318213865416,10.42303044046393,0.0012074229817544363,0.22888913120218007
2026-01-01 00:24:05,1,19.59303017102399,11.075101577921924,0.0002536323346893402,0.27315102100921135
2026-01-01 00:24:05,2,47.61480842177852,8.83329379629315,0.0012361080201246132,0.22434747704609492
2026-01-01 00:24:05,3,46.90772884734778,11.435444403247223,4.488787880968576e-05,0.3922622139857636
2026-01-01 00:24:06,0,27.40847884217527,14.198729601754458,3.977081494664066e-05,0.28782826609634377
2026-01-01 00:24:06,1,29.354795722718734,11.343556258151342,7.004393661574761e-05,0.35546013724941455
2026-01-01 00:24:06,2,35.602045843665785,13.601785327880142,0.0001472626588095358,0.509561171638554
2026-01-01 00:24:06,3,24.985241104794458,11.211538172986721,0.0010810020244764779,0.2638593905400361
2026-01-01 00:24:07,0,17.142499411427586,10.455785407568731,0.0005506586086840414,0.37748120465304646
2026-01-01 00:24:07,1,67.78892465042904,12.275057179858436,0.002080612426581215,0.26745001793738077
2026-01-01 00:24:07,2,10.280417440338429,11.261592272921558,0.0009819382190575713,0.18929902160785245
2026-01-01 00:24:07,3,75.00743858623939,26.88013442489742,0.00048711715946238434,0.7878767006018721
2026-01-01 00:24:08,0,10.726997256031972,11.515442851123922,2.9363125985849477e-06,0.21604635243365364
2026-01-01 00:24:08,1,26.576284449261586,9.317039934418396,0.000270683035484053,0.32081522227777215
2026-01-01 00:24:08,2,26.219474616632116,8.526753786032042,0.002279663431392546,0.1980061037145375
2026-01-01 00:24:08,3,35.106442150984286,13.650236146752421,0.0002594774447168897,0.5662781814713466
2026-01-01 00:24:09,0,32.50478386850053,10.818474481259502,0.00010982124826656845,0.23389232287643252
2026-01-01 00:24:09,1,15.496149867758838,8.136419185957113,7.972309821261055e-05,0.11440982087387233
2026-01-01 00:24:09,2,64.9690593038424,8.013401733311593,0.0004983262945548613,0.2927682454657941
2026-01-01 00:24:09,3,20.009673770475953,12.764534510877418,0.0008151750815355975,0.42237906756214944
2026-01-01 00:24:10,0,33.9498651420794,11.198782922808736,0.00010210317917590604,0.262350524014341
2026-01-01 00:24:10,1,11.974625722232709,11.506347665302282,0.0014905517732645744,0.26796862677546784
2026-01-01 00:24:10,2,30.528797998660313,12.39694958868687,0.0011714892760056614,0.39875679276973475
2026-01-01 00:24:10,3,36.9361133863088,10.624845715729935,0.0008944684282586314,0.41473289898808285
2026-01-01 00:24:11,0,43.030642693059086,10.312220509165012,0.0001160634553681687,0.32943987524427176
2026-01-01 00:24:11,1,75.48356671989339,8.259463105044851,8.270178879216904e-05,0.3151761484252962
2026-01-01 00:24:11,2,118.44488336221066,12.182599489676107,0.0005734300347466304,0.20983732152836276
2026-01-01 00:24:11,3,60.677846977092514,9.225843406350938,0.00103913309657258,0.3268554932463841
2026-01-01 00:24:12,0,75.77425529761848,8.55111840408654,9.083798433330443e-05,0.19606249593745403
2026-01-01 00:24:12,1,165.78479464691725,8.445692107096363,0.0014611330964405984,0.23805727710561844
2026-01-01 00:24:12,2,22.15771774849861,12.070261050845382,0.0018619471024613095,0.25511709597985316
2026-01-01 00:24:12,3,54.34838275544326,19.62051539416411,0.000768471502587385,0.6075296859411131
2026-01-01 00:24:13,0,13.235253004405461,11.189974912959043,0.0032256146761722526,0.2152757131866407
2026-01-01 00:24:13,1,21.600575642440166,10.75445505511301,0.0022801543213944926,0.34617477660651363
2026-01-01 00:24:13,2,20.19818244406905,10.580975205886023,0.0010887131216179972,0.13808782402886702
2026-01-01 00:24:13,3,27.402036722558204,17.954306460942867,0.0008644412788662285,0.5908869431123527
2026-01-01 00:24:14,0,38.02443823483125,9.794647646404972,0.001798001604797506,0.3253044438543293
2026-01-01 00:24:14,1,18.16848990517517,6.9670572506070165,0.000381409646537669,0.10524106027391739
2026-01-01 00:24:14,2,54.08910948042344,14.390977123949707,0.001816254429163172,0.5393520107716802
2026-01-01 00:24:14,3,42.36634499284159,12.561814016956422,0.0006028762567631409,0.4807181780020614
2026-01-01 00:24:15,0,44.46991103357209,11.141232920854819,0.00011780044033126085,0.17727542258458773
2026-01-01 00:24:15,1,33.795920551593234,10.862313937764583,0.0012708848880467261,0.27400335669454967
2026-01-01 00:24:15,2,25.36844352324596,13.566972467230102,0.00014905117813902884,0.20603313932909262
2026-01-01 00:24:15,3,12.265708120084279,11.23123880533327,0.0010665487039673838,0.08815530540984831
2026-01-01 00:24:16,0,27.023697867196674,10.354154622091066,0.0005046054905931301,0.23282894097230467
2026-01-01 00:24:16,1,48.15244927976675,14.026732254121553,2.6693209437171564e-07,0.0969530767528654
2026-01-01 00:24:16,2,49.337956783212356,13.894566478184176,0.00040494006622589815,0.4369529753576606
2026-01-01 00:24:16,3,46.826375520665174,9.399367853124208,5.2235052844391444e-05,0.2211250772406335
2026-01-01 00:24:17,0,34.79398928674509,10.714891627030902,0.0002152892650558039,0.3055871934668765
2026-01-01 00:24:17,1,144.62108391550407,11.317831676978479,0.001549686961396302,0.2420477954269292
2026-01-01 00:24:17,2,53.65177986856985,9.120684229430292,0.0005547716603385946,0.3056809997971609
2026-01-01 00:24:17,3,71.22835199826007,28.541627680350754,0.00022397357655894125,0.7043824575647528
2026-01-01 00:24:18,0,17.960623199504074,8.441071141132733,0.00010526581951608339,0.2610778104438017
2026-01-01 00:24:18,1,33.83454858108482,9.542739856857697,0.000882070368159992,0.1168674698214519
2026-01-01 00:24:18,2,13.52909805145942,13.055330188583099,0.0008015748581265998,0.05922470147831012
2026-01-01 00:24:18,3,30.63707213272713,13.114445519323866,0.000437064756847519,0.4348612816509103
2026-01-01 00:24:19,0,23.873457268989522,11.758788220082858,0.0002402703046855305,0.46253590926113675
2026-01-01 00:24:19,1,27.386433113721942,9.15054482444901,0.001646125830105568,0.3542659165403384
2026-01-01 00:24:19,2,18.73741618935328,13.890404626370804,0.0009251782425993627,0.35988074511277796
2026-01-01 00:24:19,3,154.21762003882702,17.803478575243666,0.002512936914686824,0.6052477521281822
2026-01-01 00:24:20,0,26.40151172264083,6.165241430630939,0.0005448002193500902,0.2837679069807403
2026-01-01 00:24:20,1,8.383411290595427,12.78332648919231,0.0011913690725126743,0.3906762103582293
2026-01-01 00:24:20,2,37.180294249614796,16.783908300493966,0.00016259395571339532,0.3349110138283649
2026-01-01 00:24:20,3,16.967894600785918,10.109296032208784,0.0015124092608114988,0.34016340626019986
2026-01-01 00:24:21,0,45.34128524445235,12.088341635646572,0.0017976883572872803,0.3803320402031202
2026-01-01 00:24:21,1,13.175540631515558,17.382073363933706,0.0011397156972738683,0.29654537791917596
2026-01-01 00:24:21,2,23.920352497665874,9.725052906396712,0.0006772119621979407,0.3417061516475562
2026-01-01 00:24:21,3,13.261059785753453,11.246633425973585,0.000588038239836997,0.13759100713639663
2026-01-01 00:24:22,0,41.30948762737179,16.219316932943546,2.728166448212816e-05,0.46811150337864804
2026-01-01 00:24:22,1,20.96971986175486,12.612340459843853,0.0008355669361666294,0.1514949724066501
2026-01-01 00:24:22,2,11.020281057316959,10.282766195627527,0.001616115013527712,0.1606519594317204
2026-01-01 00:24:22,3,48.44704514725798,15.642308922317621,0.0009314241866146692,0.29469617128624176
2026-01-01 00:24:23,0,26.976476337038708,8.994537780760695,0.0011270414671610105,0.2245976620406363
2026-01-01 00:24:23,1,25.782772782402724,13.064587776369853,6.020843575735822e-05,0.45639661557061506
2026-01-01 00:24:23,2,36.269743326026685,11.873866997677617,0.0011275070018671187,0.3107449882624004
2026-01-01 00:24:23,3,53.85298884102491,11.969987494844005,0.0010767791936790291,0.30280090314892444
2026-01-01 00:24:24,0,12.600990021217012,9.175086311015239,0.001290161522649718,0.24072791555377027
2026-01-01 00:24:24,1,61.218036026245784,13.152015130223827,0.00011582333315378981,0.4901282612316972
2026-01-01 00:24:24,2,85.87343452495037,21.11846039093072,0.0007178290512736185,0.6806048322637155
2026-01-01 00:24:24,3,73.97988467422168,14.093092088862551,0.0006480329234527603,0.34665212921824373
2026-01-01 00:24:25,0,54.52476461383634,11.038636493620034,1.1928674131636593e-05,0.12988066109134538
2026-01-01 00:24:25,1,44.8771740276962,9.900585746153984,0.00040022606092342077,0.17289942870032737
2026-01-01 00:24:25,2,41.9494027558891,12.669575714835577,0.0003609993697210226,0.25740738297742516
2026-01-01 00:24:25,3,8.564550997398037,9.042495396294012,1.1780210672844295e-06,0.2742802478292391
2026-01-01 00:24:26,0,119.31128315275338,10.122883351280366,0.0008337503076161879,0.28708550466749855
2026-01-01 00:24:26,1,12.396310358901115,9.316730515458762,3.8049066636346744e-05,0.2628375000703873
2026-01-01 00:24:26,2,45.704055432802335,8.996687856545984,0.00024852725071369776,0.29239029003023065
2026-01-01 00:24:26,3,47.477996168679425,15.209881981101239,9.609941930668019e-05,0.48454711824684527
2026-01-01 00:24:27,0,11.441327265946436,14.434048211060496,0.0005794499152777392,0.45086994993942753
2026-01-01 00:24:27,1,33.23302540270387,22.36497432542081,0.0005814727933430283,0.3037902516594038
2026-01-01 00:24:27,2,38.70189240003813,15.986538198935218,0.00023527788151999515,0.5087270194459321
2026-01-01 00:24:27,3,27.0615492781867,9.404408792703892,0.0011041471065900259,0.2771193844903335
2026-01-01 00:24:28,0,18.313174824195634,7.442634522679963,0.0002637307955218353,0.20146577608439778
2026-01-01 00:24:28,1,12.283463265609685,20.72839563180538,0.0003901744407051484,0.3675654600921656
2026-01-01 00:24:28,2,17.32017876127992,8.003440695846484,0.0008477830092126584,0.20679221148056032
2026-01-01 00:24:28,3,38.31805491064883,11.569093814022727,0.0017308159622123648,0.25738004224920946
2026-01-01 00:24:29,0,62.45987089342556,14.25734159679671,0.00019288036652277742,0.281492584265903
2026-01-01 00:24:29,1,42.912829413378674,14.38182366393297,0.00030191901849404234,0.42582513546037903
2026-01-01 00:24:29,2,42.75739369008683,13.833080389440866,0.002689948936784106,0.3706400706300261
2026-01-01 00:24:29,3,31.018801937134903,10.01197561895322,0.0005227696033440261,0.3847553584880185
2026-01-01 00:24:30,0,48.09584994520335,10.084499956369045,0.0001412121162781529,0.23811702362324336
2026-01-01 00:24:30,1,54.206048843725604,7.979110656365975,0.00016432081849174936,0.27629217485113705
2026-01-01 00:24:30,2,16.05545492977084,9.930181123255506,0.0014668897664279488,0.3147395634204084
2026-01-01 00:24:30,3,33.26658112053014,20.242368907573027,0.0009710020482758472,0.5050607385545897
2026-01-01 00:24:31,0,25.31108665953356,10.136305127378877,0.0005434736042555343,0.1196049125076318
2026-01-01 00:24:31,1,43.73963593533188,12.647228178481056,7.656384476016925e-05,0.40964347168845683
2026-01-01 00:24:31,2,101.09432731072728,9.592997874184261,0.0005521312668227033,0.3466369194835525
2026-01-01 00:24:31,3,42.88543022058041,17.718277922829117,0.0004565231911260261,0.38502884105474544
2026-01-01 00:24:32,0,22.601877158858247,7.292986423898029,0.0002988681412874947,0.07266483920191574
2026-01-01 00:24:32,1,9.856292071477705,7.206011966123384,0.0013028362331117627,0.08874090444238728
2026-01-01 00:24:32,2,24.464898465615686,9.35536648371963,0.0005682028782905241,0.41981178182834133
2026-01-01 00:24:32,3,73.01377261639323,11.977853719121052,0.0002758671589487063,0.43396565665806563
2026-01-01 00:24:33,0,48.69481986886868,6.951314052461455,0.00013897137383996587,0.08787572253024502
2026-01-01 00:24:33,1,57.0429527735574,10.224131748373782,0.0017425759533306203,0.25813626588438404
2026-01-01 00:24:33,2,13.489187640274622,12.130103344547766,0.0002480550369373887,0.4818822683942632
2026-01-01 00:24:33,3,138.55910133233448,17.816107457376052,0.00028468938483915563,0.36986634120477124
2026-01-01 00:24:34,0,24.744132396239394,11.491229485915571,0.0010210901919795756,0.20965638099444892
2026-01-01 00:24:34,1,32.711404530659536,9.327837798314292,0.0003716908553645951,0.3172496012751421
2026-01-01 00:24:34,2,88.85902088269543,12.675026989672713,0.00095751560179567,0.4785315566444148
2026-01-01 00:24:34,3,63.754876415967864,13.210119649008902,0.0005443878028556035,0.3658823981329939
2026-01-01 00:24:35,0,72.75072007977583,11.198024156457967,0.0005675778283728034,0.31532949035294344
2026-01-01 00:24:35,1,94.63192065748198,13.703954960097548,0.00043342727088973784,0.26097997925707234
2026-01-01 00:24:35,2,28.072219236229692,12.289478972459575,0.0006623051788169357,0.3999640823015581
2026-01-01 00:24:35,3,12.795570226218018,11.737386425602917,0.0006021968453416126,0.45710353552668376
2026-01-01 00:24:36,0,16.743836022931,10.223000980659794,0.00015162867490707893,0.09569209309641333
2026-01-01 00:24:36,1,25.92580996694035,11.374547881034136,0.00025155793421231316,0.457034427918235
2026-01-01 00:24:36,2,36.36820155763165,13.612571327924329,0.0004841887248006451,0.1860787163237373
2026-01-01 00:24:36,3,40.55222405542818,8.26983077040101,0.0013099073571717216,0.25693917895626284
2026-01-01 00:24:37,0,28.166808689472628,7.021816216546599,0.0007836070434039204,0.28501842535731314
2026-01-01 00:24:37,1,15.323694737767262,15.390305878701627,0.0013855240092942376,0.534889568150177
2026-01-01 00:24:37,2,44.68118325935665,7.515017671655972,0.00033353772235959577,0.06680519252427253
2026-01-01 00:24:37,3,34.742672768797085,14.441449112158681,0.0008834568249720289,0.46241058076120084
2026-01-01 00:24:38,0,26.24590077739137,11.09577688120148,0.003069773845275758,0.39513629691846885
2026-01-01 00:24:38,1,21.8888397068304,10.13251876835046,0.00030483043734913897,0.26444682685417015
2026-01-01 00:24:38,2,42.87333245509759,9.424211419837134,0.00025636176472122556,0.02
2026-01-01 00:24:38,3,26.60894457484344,13.579853392459032,0.0008560267787206389,0.44154392914194707
2026-01-01 00:24:39,0,7.238880066501267,13.357900038983761,0.00032559457004096583,0.13461411121508893
2026-01-01 00:24:39,1,27.623743338261008,9.368496901627,0.0008684749947242765,0.45698166763237663
2026-01-01 00:24:39,2,56.73111753685321,10.673949364198487,0.002868708099645957,0.23716536287714918
2026-01-01 00:24:39,3,37.172788652943176,13.784628142681521,0.0008914260423507916,0.4091461389010407
2026-01-01 00:24:40,0,31.763097098627792,12.651745238454966,0.0021317905724834345,0.31375325097050655
2026-01-01 00:24:40,1,23.544591629816388,10.415809350093955,4.8262726717324494e-05,0.33604786913840823
2026-01-01 00:24:40,2,74.45406473087814,8.89224250940855,0.0012710099646827202,0.09912997091840486
2026-01-01 00:24:40,3,39.51965085070297,6.789612601912543,0.0010851676103219633,0.2700732633754362
2026-01-01 00:24:41,0,37.31050973628129,10.855896663908597,0.0006043553960383902,0.42728825885836763
2026-01-01 00:24:41,1,23.361037350125567,19.750301787991553,0.0003861934038665507,0.48089366058111627
2026-01-01 00:24:41,2,19.607676519360293,13.699597872860501,0.0005595388672556572,0.4004415471186861
2026-01-01 00:24:41,3,31.87245879320305,16.46209287226836,0.00027553508440590066,0.3759890182385862
2026-01-01 00:24:42,0,62.47698984871428,11.360658841205208,0.0001965227686670056,0.1813494809206632
2026-01-01 00:24:42,1,52.48240124599551,8.709605704330865,0.0001813536619793764,0.12357057793201487
2026-01-01 00:24:42,2,16.47273965533391,18.007538905331998,0.000538638575496645,0.4679850526960715
2026-01-01 00:24:42,3,67.10142927655042,17.989827942177488,0.00022195220127909607,0.5817426966978786
2026-01-01 00:24:43,0,46.61089837817535,7.106091357389727,0.0018386986922227927,0.15956589300372187
2026-01-01 00:24:43,1,157.89390692317215,17.288283071608205,0.0006704825657092669,0.537923312129165
2026-01-01 00:24:43,2,170.71393798122335,13.105264888389991,0.0004795647616422544,0.2901069998991753
2026-01-01 00:24:43,3,104.52868883215697,17.049033685656365,0.00010060049884314467,0.63028899767871
2026-01-01 00:24:44,0,17.611291016106936,9.600084599849973,0.0015622977920583686,0.12609568340586474
2026-01-01 00:24:44,1,16.241379740354454,12.279582785619464,0.0009817546777416966,0.3815824587174244
2026-01-01 00:24:44,2,46.41545539623662,13.353585025597877,0.000537954531337131,0.4757825068260445
2026-01-01 00:24:44,3,36.76171307383899,10.899580325781118,0.0006333231135904889,0.4067902663190194
2026-01-01 00:24:45,0,18.93088996052958,8.371427528331614,0.00027904643393759514,0.19937335883773288
2026-01-01 00:24:45,1,25.572809475282988,12.172317153008652,0.00012019727826078642,0.449140456566336
2026-01-01 00:24:45,2,46.45781871356471,14.387795499811073,8.489047324427913e-05,0.5082450750082605
2026-01-01 00:24:45,3,106.50359857515669,11.709612191629876,0.0005483749911303245,0.4876261518984197
2026-01-01 00:24:46,0,54.37605986790636,11.2452867850911,0.0005365635517512792,0.08131569713290894
2026-01-01 00:24:46,1,15.184026211131927,11.6210938466461,0.0011812216402841786,0.3144282307300871
2026-01-01 00:24:46,2,80.98741004657137,13.399735897957498,0.00018308784681751405,0.49026488362038856
2026-01-01 00:24:46,3,16.956905296653066,10.905159305089162,0.0008263692602920286,0.17009576880812655
2026-01-01 00:24:47,0,21.285112957788265,10.117611980953058,0.00018718713754268043,0.267189081973434
2026-01-01 00:24:47,1,35.67752538922179,12.355911587921133,0.0003675454392731059,0.2935729944215637
2026-01-01 00:24:47,2,18.664571867821763,11.158720095845844,1.0378230504627199e-05,0.38776597767773247
2026-01-01 00:24:47,3,30.705794553907538,15.481475429649212,0.0009611718505163481,0.23602067167029228
2026-01-01 00:24:48,0,173.81061699698893,11.203892921208444,0.0003518789830542707,0.36306269226111565
2026-01-01 00:24:48,1,24.91612203236908,20.241231914008353,0.0003900590032772454,0.4323786244558139
2026-01-01 00:24:48,2,13.344804254641543,7.288100402437685,0.001395771563340215,0.1601110902597007
2026-01-01 00:24:48,3,14.487374534801305,15.875298671736086,0.00018177887994993584,0.4758064183700761
2026-01-01 00:24:49,0,25.452913202347744,8.843862096698201,0.0005872715005133261,0.2582354400166252
2026-01-01 00:24:49,1,34.153106253800836,9.746414375934489,0.00017498380117332235,0.10045012262654926
2026-01-01 00:24:49,2,73.63765023160941,11.742834296920359,0.0021104822345691765,0.25446583550748053
2026-01-01 00:24:49,3,35.13697885027461,12.456053195046307,0.0007444571517252656,0.508150145807581
2026-01-01 00:24:50,0,9.346601055107755,12.509216265783586,0.0013940955857709362,0.16695201439050567
2026-01-01 00:24:50,1,17.171307506117696,9.785583974231539,3.4683276895342375e-05,0.20414453005763428
2026-01-01 00:24:50,2,21.86989624922988,11.034058789862652,0.0009042808898229133,0.40478581619445203
2026-01-01 00:24:50,3,47.85793628255453,17.058492216591567,0.00017552710863251404,0.4444024742148072
2026-01-01 00:24:51,0,35.96971005183667,8.156918141164637,0.0006496738406635707,0.033756527198664316
2026-01-01 00:24:51,1,34.84011608433098,13.482306464288909,0.00026908306467413013,0.4127472437372447
2026-01-01 00:24:51,2,21.569375511077332,9.565178009367665,0.0030728452636819806,0.29580708193561356
2026-01-01 00:24:51,3,45.733592284463136,10.655312315131452,0.0011619369506024782,0.2845653143269891
2026-01-01 00:24:52,0,9.96982540656953,15.497737554183438,0.0006546432039156771,0.17297208267641265
2026-01-01 00:24:52,1,18.86652520281015,7.351313234146582,0.00027144184308158174,0.3511924782392088
2026-01-01 00:24:52,2,26.747680848002247,9.14547987296283,0.0016590941454407533,0.42022294651811065
2026-01-01 00:24:52,3,38.25284933863891,8.725531755480963,0.001222610489135023,0.34928255993105667
2026-01-01 00:24:53,0,19.066132951256964,8.405291664094838,3.460823388983739e-08,0.22302977524729975
2026-01-01 00:24:53,1,23.279567366670612,16.090184957164446,0.0014672275781812947,0.22056567350523615
2026-01-01 00:24:53,2,19.15201032590723,8.936024404874965,6.86678645956355e-05,0.3282962862068823
2026-01-01 00:24:53,3,116.31318752864878,9.593680555757183,3.145135220256332e-05,0.34531084307972226
2026-01-01 00:24:54,0,19.129975840081087,10.279354984680463,0.0005301490601522684,0.1742537108536638
2026-01-01 00:24:54,1,21.44495035314672,22.397009301395055,0.0007471964864934748,0.4363919569578797
2026-01-01 00:24:54,2,28.516067360206943,11.864105415919328,0.0003105864496928407,0.06975357800127777
2026-01-01 00:24:54,3,32.457836561060546,8.947206419158375,0.0006566745345724532,0.24301925884135292
2026-01-01 00:24:55,0,23.895075593744302,8.020004210437461,0.001268629445882294,0.18364521827872538
2026-01-01 00:24:55,1,67.61168078383358,13.772725044976912,0.0014961119083291149,0.47593786759018936
2026-01-01 00:24:55,2,43.25164070200464,7.860466321643903,0.0010876390262242151,0.1416302119275309
2026-01-01 00:24:55,3,32.600461784827985,8.795478855701642,7.144882863084356e-05,0.43792385786644894
2026-01-01 00:24:56,0,33.61359482341274,10.902718994971913,0.00021272056804617817,0.10203508938426051
2026-01-01 00:24:56,1,64.39715648414142,9.820959104791923,0.0006185888664134001,0.22020449695757538
2026-01-01 00:24:56,2,50.92571077358152,7.369548276582969,0.001626425191904652,0.29573758545926865
2026-01-01 00:24:56,3,85.85925347726989,9.81500698161611,9.236060355673338e-05,0.3983496214002273
2026-01-01 00:24:57,0,38.74879420466638,10.052352046584467,0.00041806767017517555,0.2559835794679165
2026-01-01 00:24:57,1,23.297509573829263,11.141213514593408,9.486187690573958e-05,0.40179307591097707
2026-01-01 00:24:57,2,15.411489408933527,7.363105130141818,0.0011869443085235363,0.2895518921282431
2026-01-01 00:24:57,3,64.42496840434882,13.707111651989893,0.003796537745020478,0.19971221332396588
2026-01-01 00:24:58,0,59.31305734108451,10.31478852345214,0.0010406489630713695,0.18232328431752107
2026-01-01 00:24:58,1,114.47343707208961,11.289892359334878,0.0007015554813102858,0.47435181737515114
2026-01-01 00:24:58,2,76.55282007252183,10.294068340911307,0.0008777247028629445,0.4404895797784233
2026-01-01 00:24:58,3,44.434721631818796,10.305258399332693,0.001409902985040562,0.4332365392794026
2026-01-01 00:24:59,0,47.51276792666555,9.588927408919188,0.0004898093722236537,0.42382305261147707
2026-01-01 00:24:59,1,18.39470081630952,10.2399158781785,0.0007867472212637489,0.15003626390118166
2026-01-01 00:24:59,2,65.73979451247591,10.996529592756687,0.00042238165234530575,0.3384936349083638
2026-01-01 00:24:59,3,71.74932455752172,8.54751979937315,0.0005566214241995076,0.2975937232282517
2026-01-01 00:25:00,0,13.233863366756365,11.848531293003932,0.0007489949946537012,0.3488769083162656
2026-01-01 00:25:00,1,70.0922579422145,7.7638224319918745,4.109484328910374e-05,0.1421384358997137
2026-01-01 00:25:00,2,17.28886976853759,12.41599796859676,0.0015128391850738282,0.38738135509387606
2026-01-01 00:25:00,3,46.1059391703016,17.890336474088134,5.365039636715993e-05,0.5696517203211646
2026-01-01 00:25:01,0,20.1710230713437,10.796661131378693,0.0001746776906402024,0.32104917437146796
2026-01-01 00:25:01,1,15.071942485993539,7.948573996571334,0.0012012397858350255,0.1711839177897692
2026-01-01 00:25:01,2,29.026529259004718,11.64322888525919,0.000734997636101891,0.32184541411623174
2026-01-01 00:25:01,3,77.12255436005222,8.833149890245094,0.003957330965689104,0.3198576254740457
2026-01-01 00:25:02,0,62.98216643252443,10.759963296184628,0.0014161727584849708,0.07804660323991153
2026-01-01 00:25:02,1,26.171248286512448,12.066753321030687,0.00023056247358704953,0.16336487202421918
2026-01-01 00:25:02,2,20.487918230068274,10.621105543233252,0.000180646008114386,0.186097871333787
2026-01-01 00:25:02,3,6.553949961998604,13.646721729788036,0.00422037397147981,0.3232717593731464
2026-01-01 00:25:03,0,13.849113454475184,8.907919990560607,0.00028687755913151794,0.2482646422397624
2026-01-01 00:25:03,1,9.238433979048555,11.11940735525064,0.000596272091924178,0.33294353236725316
2026-01-01 00:25:03,2,59.35999858204298,19.89157568919383,0.000305099842422201,0.5638889979642157
2026-01-01 00:25:03,3,22.530773853967073,13.886483666336034,0.000285584184598536,0.13425759527584327
2026-01-01 00:25:04,0,18.777870573306373,10.400488973803506,0.0025985283528763736,0.21660101653623604
2026-01-01 00:25:04,1,47.11078643682497,11.489012579122875,0.000685217578320368,0.36964048498650864
2026-01-01 00:25:04,2,86.64074322095576,19.517051422276207,0.0006538674788937129,0.4780679741473991
2026-01-01 00:25:04,3,26.74173402385079,11.610594546333713,0.0006425089496175628,0.5689790038951865
2026-01-01 00:25:05,0,30.27886554278125,13.190082073821575,0.0006283857839090477,0.2043981791206301
2026-01-01 00:25:05,1,77.0330607275503,12.542153221033711,0.0004780176252705855,0.37775120811723695
2026-01-01 00:25:05,2,52.537324684398634,12.248261797128997,0.0007513924639280813,0.41954932524363686
2026-01-01 00:25:05,3,35.287032929269756,12.479808850160325,0.0007426228606805088,0.3169131220148808
2026-01-01 00:25:06,0,136.94860940786432,8.791936038649428,0.00033619637925227176,0.13116539255447138
2026-01-01 00:25:06,1,156.32021565247192,19.127247789520005,0.00015059768925127694,0.512947907170866
2026-01-01 00:25:06,2,29.158187880089187,8.90064776475721,0.0010018695807215057,0.17637977209640834
2026-01-01 00:25:06,3,61.18870549682924,10.540683614263967,0.00048011506282923664,0.26463484691801253
2026-01-01 00:25:07,0,60.670861202478676,12.581011853187375,0.0006659975637991624,0.08552936466493237
2026-01-01 00:25:07,1,40.14301075888988,11.203875444972802,0.00042789852641530904,0.2109886024217698
2026-01-01 00:25:07,2,37.20633607184859,8.092424321673105,0.001081336348039543,0.2658480953930353
2026-01-01 00:25:07,3,53.40367282674951,11.323403018905877,0.0011808730070418064,0.46820378603571666
2026-01-01 00:25:08,0,25.372647183923334,12.891914923200124,0.0016218441820896683,0.26443859342330733
2026-01-01 00:25:08,1,56.375474421988734,8.78839352237647,0.0005591706167060288,0.31483440774943666
2026-01-01 00:25:08,2,17.76124681357752,13.796388377862504,0.001288680701075274,0.19275944178038001
2026-01-01 00:25:08,3,27.509410943382356,9.909310518133125,0.000957334574765404,0.37337784292158205
2026-01-01 00:25:09,0,33.54963738701572,6.88245120378823,0.004259376953640886,0.08248681101599889
2026-01-01 00:25:09,1,33.740274753887974,7.108775925284198,0.0012637998177966075,0.15510673709842063
2026-01-01 00:25:09,2,16.216211739635156,14.80235742917517,0.00014363021825005432,0.4472217613674288
2026-01-01 00:25:09,3,22.250141980333144,9.93276662895629,0.000992706332615797,0.3859355721755733
2026-01-01 00:25:10,0,29.263778573676078,10.156542174527663,0.00015968786488152433,0.24761176310921768
2026-01-01 00:25:10,1,38.42910732620135,17.55910477088976,0.0005940641625550571,0.5490979305045897
2026-01-01 00:25:10,2,51.44411246252149,13.780945519714754,0.0014300672567918616,0.43523677961088475
2026-01-01 00:25:10,3,31.717410782608876,8.319630079985053,0.0004124656798246375,0.29131187350871895
2026-01-01 00:25:11,0,13.05634054354358,10.41471284915305,0.0008096595910660008,0.2878047652290924
2026-01-01 00:25:11,1,14.931736191539144,12.88852762975985,0.00012407717535914287,0.27018952036755134
2026-01-01 00:25:11,2,5.0,9.530597909045502,0.0005075727373370035,0.14276440034582794
2026-01-01 00:25:11,3,19.599837971921364,9.351017115724597,0.0003889135286820821,0.0929598737924085
2026-01-01 00:25:12,0,51.50819887708856,10.79256996382408,0.00157474791571102,0.39374000611547527
2026-01-01 00:25:12,1,27.264240745703336,13.529495152876288,0.0010082139484527627,0.4507061672429023
2026-01-01 00:25:12,2,23.337967962450584,7.283487226840047,0.0005422756921485705,0.12605878028185996
2026-01-01 00:25:12,3,54.40898758369521,10.408749910284403,0.0003638316339131415,0.23968308273855046
2026-01-01 00:25:13,0,117.85169952542154,14.567320613128473,0.004031527546688585,0.4639942232305991
2026-01-01 00:25:13,1,33.300649460418754,8.26390391367316,9.786651776330811e-05,0.3454117266071471
2026-01-01 00:25:13,2,96.13841888019414,8.222602672776384,0.0002678348142310704,0.360203734476527
2026-01-01 00:25:13,3,10.999226066979604,7.457538560091455,0.0011234231000325984,0.22637759905861252
2026-01-01 00:25:14,0,16.129991198405676,8.38937129155204,0.001030197009576152,0.07488882467872715
2026-01-01 00:25:14,1,14.192749123649618,13.265128008901264,0.0003783891481800535,0.11185177699506182
2026-01-01 00:25:14,2,15.625729831203614,10.647642298123923,0.0009113944884825392,0.3904211773924729
2026-01-01 00:25:14,3,37.43955894372605,8.585140966264074,0.0009015409054276641,0.09126696576189555
2026-01-01 00:25:15,0,18.72120939852254,9.24485457187877,0.002773566584510295,0.3491767227520247
2026-01-01 00:25:15,1,14.314745378376527,8.874396346989412,0.0013272587108598807,0.18180460831408846
2026-01-01 00:25:15,2,20.09908999297756,10.271609957304014,3.6730232346370655e-05,0.3561452143241333
2026-01-01 00:25:15,3,63.998369276877334,9.079076315744134,5.69275262391536e-05,0.0655387218523882
2026-01-01 00:25:16,0,13.309488701795027,8.770251337038415,0.0009289364830584383,0.30175890882335465
2026-01-01 00:25:16,1,134.75591956313312,12.21858613698029,0.0006214656093997364,0.43974703162286544
2026-01-01 00:25:16,2,17.11530673475386,13.49417964168105,0.0005875576399023113,0.4780057985128885
2026-01-01 00:25:16,3,31.5326803544015,10.561726109808225,0.0004702988122057354,0.16099576761536114
2026-01-01 00:25:17,0,208.958351936384,9.298690532819814,0.0008386288943386024,0.302273634784514
2026-01-01 00:25:17,1,64.74598410257366,10.364532816590483,0.0026993781686047357,0.21256203908000826
2026-01-01 00:25:17,2,16.217812901493552,14.946884668018807,0.0008694316989520114,0.37180579337057595
2026-01-01 00:25:17,3,32.15571842776236,17.782422366073845,0.0003090015000956493,0.23015361328943462
2026-01-01 00:25:18,0,49.786090481376824,7.444615418584327,0.0019284310235101797,0.2525821130176829
2026-01-01 00:25:18,1,5.726600397541692,10.066061692621,1.915252938374975e-05,0.07098389363967361
2026-01-01 00:25:18,2,32.621270558784545,8.149208374391774,0.0006356328139287628,0.3015467609378785
2026-01-01 00:25:18,3,5.0,15.69783591342182,0.001126422758492786,0.1852838992111469
2026-01-01 00:25:19,0,82.03179709339435,16.968095374420695,0.001132379668037485,0.4540932064754038
2026-01-01 00:25:19,1,20.130450293830283,7.874363322672393,0.0012091923483399092,0.22188350834470394
2026-01-01 00:25:19,2,8.807449964868429,12.98988673991158,0.0009557015832609107,0.29271819449444497
2026-01-01 00:25:19,3,6.118710600664704,9.437819334040558,0.0012201858843545073,0.2335077552690672
2026-01-01 00:25:20,0,98.59330440618295,12.821733214559966,0.00014737138792765344,0.38970426757525994
2026-01-01 00:25:20,1,45.94733618172305,9.448255838230699,7.99367277735422e-05,0.3372856861452539
2026-01-01 00:25:20,2,37.26077234246146,13.431273190397755,0.0003759680291738809,0.4999133031717526
2026-01-01 00:25:20,3,35.46802416170365,22.65922788735073,0.00011006549937785005,0.5074099069048341
2026-01-01 00:25:21,0,87.00566338011572,10.8469522882876,0.0014662349084550237,0.4898845720477475
2026-01-01 00:25:21,1,53.62096039958785,11.897387157670895,0.00046001893294178847,0.40798682388544655
2026-01-01 00:25:21,2,21.864535881040197,14.474945624885107,0.0012155952493291423,0.34544481977898717
2026-01-01 00:25:21,3,20.761500576486863,21.54212001607413,0.0012590818595454164,0.621883386715959
2026-01-01 00:25:22,0,32.492023541167555,10.283727101723048,0.003184447264197584,0.42043106373117145
2026-01-01 00:25:22,1,19.698544237369642,11.401876307293996,0.0006599915859015555,0.27895694964586004
2026-01-01 00:25:22,2,22.179912904170735,10.590876900145537,0.002678609773248236,0.3730854170330114
2026-01-01 00:25:22,3,22.53722169746225,9.141239754204264,0.0007965291412138161,0.18693277377705497
2026-01-01 00:25:23,0,13.961511433744567,10.987903110675333,0.0005454978576557807,0.2961865355580126
2026-01-01 00:25:23,1,14.976030338827043,10.61984859369734,0.0007116757812442189,0.2263576439019132
2026-01-01 00:25:23,2,46.21334150736105,10.128698396400555,0.0008245835438019269,0.3594124103312118
2026-01-01 00:25:23,3,9.833858345514376,10.858465450775645,0.00036408982912172506,0.5332879145715979
2026-01-01 00:25:24,0,14.627009352055708,6.666613064585175,0.0009539776356172049,0.08542611432755869
2026-01-01 00:25:24,1,17.721511844385212,11.283554183210615,0.0008260598769563953,0.2054564930040337
2026-01-01 00:25:24,2,10.371864061440718,11.852656462456814,0.0030820842403188934,0.04309765130666282
2026-01-01 00:25:24,3,30.881200057351354,10.335137470259687,0.0003680370458680133,0.2616205610487667
2026-01-01 00:25:25,0,17.595834393510184,9.657647340377816,0.0030525920599442213,0.1072397366801973
2026-01-01 00:25:25,1,28.238905384062356,12.414221155077069,0.001558428882434506,0.3997291718149503
2026-01-01 00:25:25,2,87.53761226944248,8.994749851922585,7.44850331839309e-05,0.3834689235984019
2026-01-01 00:25:25,3,43.05403541343095,10.659691907930098,0.003266463091822302,0.2748562831670882
2026-01-01 00:25:26,0,96.08311200936099,13.923784770352913,0.0014102694698596074,0.4546721340530175
2026-01-01 00:25:26,1,56.06543165272613,17.708074844046514,0.0006978415634877998,0.6026368614182472
2026-01-01 00:25:26,2,51.21385248757245,9.546834664285468,0.0004997770393494465,0.2950336651853644
2026-01-01 00:25:26,3,17.1513380627658,10.623465673439927,8.35605768081694e-05,0.34633437675816786
2026-01-01 00:25:27,0,5.3671126424383315,6.160497141657506,0.0011760095115937478,0.054044495436036746
2026-01-01 00:25:27,1,25.36310995551304,9.884366779401054,7.321376540098306e-05,0.27571353498345164
2026-01-01 00:25:27,2,45.977647376314266,16.635548087981363,0.00022188903416948854,0.5910179398504896
2026-01-01 00:25:27,3,29.08603468274179,18.328598680631657,0.00038477256866826923,0.21343423740618322
2026-01-01 00:25:28,0,28.740507078776865,8.670389441447696,0.0009759446146548115,0.16579020390489685
2026-01-01 00:25:28,1,90.80487518778904,12.200499307071276,8.32764627486547e-05,0.2164786570013738
2026-01-01 00:25:28,2,5.0,10.506809016026423,0.0006893742687039181,0.26724109514142586
2026-01-01 00:25:28,3,23.729669161949307,14.461394508731285,0.0012994371186837426,0.5285603001280472
2026-01-01 00:25:29,0,49.31427003496553,10.731928861612003,0.0007064609891976085,0.28673303861362104
2026-01-01 00:25:29,1,27.04787349820101,6.597539186959925,0.0006831327823297238,0.22762837458142055
2026-01-01 00:25:29,2,58.78393693065794,11.79234158104763,0.0009092522176948867,0.1886872271873929
2026-01-01 00:25:29,3,105.28516964555686,8.473653982756284,0.0010201951118513604,0.27885076473752224
2026-01-01 00:25:30,0,13.001789787011191,7.923690920193901,0.0008484470536100628,0.08822033636521455
2026-01-01 00:25:30,1,37.76446350748356,10.901816156185287,0.00019406189287842336,0.2435907471175845
2026-01-01 00:25:30,2,20.05285595454039,8.98338113827348,1.301133375031432e-05,0.23486636387357163
2026-01-01 00:25:30,3,15.212169760991433,15.406836117475592,0.003765468444185122,0.35129354683727626
2026-01-01 00:25:31,0,37.90495171511579,8.77809792755233,3.71617691017763e-05,0.3333961159726148
2026-01-01 00:25:31,1,42.50947362941464,11.908821608616822,0.0012449173922246444,0.2266948747871329
2026-01-01 00:25:31,2,20.20191509602751,9.086019375966153,0.00022771068390703737,0.07854358831815769
2026-01-01 00:25:31,3,29.97802157088305,13.619382419998754,0.00040772268092031575,0.5352043815961617
2026-01-01 00:25:32,0,19.69334089829286,6.93480507340276,3.031031354133816e-05,0.3359719073576411
2026-01-01 00:25:32,1,214.88711720789323,11.898674506641896,0.0005915045612275647,0.4366831717778741
2026-01-01 00:25:32,2,15.502489842272821,12.156812216714721,0.0001688825593089446,0.25709334101591264
2026-01-01 00:25:32,3,40.86323711629642,10.170187342179782,0.0005577479916335919,0.17118341114211946
2026-01-01 00:25:33,0,63.08723399828259,10.118044466849314,0.0004188680483416321,0.10670510947667461
2026-01-01 00:25:33,1,45.80690633257523,7.762248302321369,0.0019791319870028625,0.4248643008200595
2026-01-01 00:25:33,2,42.70800696738371,10.853064393913808,0.003263910737428954,0.33416323480370846
2026-01-01 00:25:33,3,20.568557713373767,14.62924685499122,0.0011705243831163024,0.3957842013569381
2026-01-01 00:25:34,0,28.589502816802256,13.197857107258208,0.001789981088335861,0.4144316268981406
2026-01-01 00:25:34,1,28.81581472755416,10.621805395204506,0.0006894828442311941,0.40457612987935365
2026-01-01 00:25:34,2,49.86292754033286,8.803858112205308,0.0002390977173997098,0.15084835402170402
2026-01-01 00:25:34,3,47.627146045619355,8.704065026173375,0.0005386725506298498,0.33071487031209706
2026-01-01 00:25:35,0,14.042959641800392,13.127759969879925,0.0007467844221940175,0.1815094433731512
2026-01-01 00:25:35,1,21.823805853303924,6.843974327864885,0.0014173951678488456,0.15989438370261294
2026-01-01 00:25:35,2,11.055441966776248,9.250600864337233,0.000593266356724821,0.268344044956434
2026-01-01 00:25:35,3,13.300003789386103,7.877103590753202,0.000684317774004429,0.355559664501172
2026-01-01 00:25:36,0,28.551747762716815,14.793980750672738,0.0015073620306369495,0.24612499157310258
2026-01-01 00:25:36,1,62.51703748659869,10.966188168375666,0.0018509816532105534,0.25139003338700927
2026-01-01 00:25:36,2,43.12300142865572,15.553860249602192,0.0006167562449990414,0.5856493096112423
2026-01-01 00:25:36,3,24.512718106624874,9.875787405617556,0.0026177515759418053,0.29983106434811047
2026-01-01 00:25:37,0,95.3964597502348,16.050765723296017,0.0001498563105856253,0.30228969984499754
2026-01-01 00:25:37,1,90.49548723777943,10.530733924040348,0.000654405764139492,0.3342830438881405
2026-01-01 00:25:37,2,75.11414518541001,12.10048347207086,0.0004432193306402503,0.23979734222362006
2026-01-01 00:25:37,3,101.01046285047674,17.869238737901323,8.103425034737561e-05,0.6217454420750527
2026-01-01 00:25:38,0,12.336429451424635,9.33677612495707,0.0005703406055522358,0.18982850232763993
2026-01-01 00:25:38,1,111.76679215473209,14.283396146051546,0.0012731109004572294,0.37455147299710406
2026-01-01 00:25:38,2,48.56381111968433,9.089498222030397,0.00010162774171614706,0.21451709769739197
2026-01-01 00:25:38,3,24.694310036062433,9.993378102735717,0.0005564736125520933,0.16110807805853913
2026-01-01 00:25:39,0,56.37731097638023,14.121948625236953,0.001874619491022456,0.5391264336083649
2026-01-01 00:25:39,1,41.09304738467233,8.544180554506845,0.000502193001686931,0.2355364619246581
2026-01-01 00:25:39,2,44.87459086586336,10.618781669078746,0.0004401758583219403,0.32171044403113946
2026-01-01 00:25:39,3,20.755116474014056,13.818585109957953,4.027683978794108e-06,0.296461263673123
2026-01-01 00:25:40,0,63.26178732063722,12.058681543523365,0.0002693545500558145,0.15679999422554175
2026-01-01 00:25:40,1,39.30175793619754,12.472351276449833,0.0009394800353921966,0.3805106194878307
2026-01-01 00:25:40,2,40.99078021011976,11.44561038385513,0.00030699821760812846,0.2867604770906547
2026-01-01 00:25:40,3,49.05617955650385,16.92143874151641,0.0005329927049864139,0.4212329005273258
2026-01-01 00:25:41,0,20.87282616279798,11.6185229545779,6.353433489358582e-05,0.39401507578505957
2026-01-01 00:25:41,1,28.190567969406935,8.53548571996327,0.00019213375469599842,0.09411526726925792
2026-01-01 00:25:41,2,30.85849573611022,13.05035956947108,0.0009825882799468528,0.43445215170765594
2026-01-01 00:25:41,3,12.602535569359823,9.003642367622541,0.0008547213525695697,0.054441927638757964
2026-01-01 00:25:42,0,55.39796788929818,15.458267431310176,0.001137362593601602,0.2682306806519453
2026-01-01 00:25:42,1,69.6403076958193,12.88439156813698,0.0005991807791450678,0.31556327460385325
2026-01-01 00:25:42,2,27.0749976471887,16.312002353265527,0.0018652587718051695,0.2892498637822298
2026-01-01 00:25:42,3,24.018392198523266,14.9546904385769,1.4198944445548349e-05,0.4739745324311516
2026-01-01 00:25:43,0,20.82962146725943,11.86950090270367,0.00026877882572585044,0.12680136040206735
2026-01-01 00:25:43,1,35.65612850872228,9.04797406153243,0.0001390570341638741,0.3454705640633076
2026-01-01 00:25:43,2,15.8141613640933,9.617677698700168,2.947417899035102e-05,0.18804143565846493
2026-01-01 00:25:43,3,51.264082943567026,12.691389738978685,0.00014966501989523175,0.17063276587843718
2026-01-01 00:25:44,0,42.98628282111416,15.017013633712956,0.0006813482611125716,0.40123182619797443
2026-01-01 00:25:44,1,48.61675605264401,12.27242912612684,0.000696935357555259,0.3293823968302224
2026-01-01 00:25:44,2,44.529330453800036,11.49502429353933,0.0012436461983739266,0.3794846228281116
2026-01-01 00:25:44,3,83.41560045020114,6.120376704921964,0.001718507991815818,0.17053477401804362
2026-01-01 00:25:45,0,47.557809041529985,11.049653868802217,0.0009425156551475796,0.3234866149349993
2026-01-01 00:25:45,1,38.88861524588018,12.11899833063224,0.00033472929121216736,0.27854984366060015
2026-01-01 00:25:45,2,15.790844078951158,8.004350308133922,0.0008703745086735637,0.18226459526603128
2026-01-01 00:25:45,3,26.4127850929778,10.625088712689564,0.0007956033593026459,0.1601706078332136
2026-01-01 00:25:46,0,171.87820829640978,12.662528833184734,0.003008340872811117,0.5134251462310082
2026-01-01 00:25:46,1,27.55176536175703,12.458298997969747,0.0001046637761544678,0.3952280662115764
2026-01-01 00:25:46,2,38.872358390263166,11.03404858811469,0.0012044064270242696,0.33832147567981535
2026-01-01 00:25:46,3,21.61041461842669,8.35651563995299,4.8235996165948275e-05,0.22239168724266434
2026-01-01 00:25:47,0,64.77628564208355,6.954199568843896,0.0007227533275070401,0.30534636798826076
2026-01-01 00:25:47,1,48.33669039482062,11.648938543132697,0.00025484494895807716,0.2501517470396853
2026-01-01 00:25:47,2,46.605840793413286,11.657880192580706,0.0006924179611537247,0.37890488752119483
2026-01-01 00:25:47,3,23.396247566392347,10.262445486232318,0.0004296062754149507,0.31505284471772965
2026-01-01 00:25:48,0,52.43793734514854,9.63235783914715,0.0019407756829556307,0.14672196872347695
2026-01-01 00:25:48,1,35.614973106808016,10.589736958709853,0.00019528469705845628,0.3021191537749831
2026-01-01 00:25:48,2,58.3381672063404,12.736525762367336,0.0007030584745320908,0.41201088128549673
2026-01-01 00:25:48,3,13.14289108539001,15.305914541097868,0.0007677709224371138,0.32419269871122935
2026-01-01 00:25:49,0,17.86520537038305,12.420071996141417,0.0017307725694850917,0.38836607779087284
2026-01-01 00:25:49,1,17.79955699509019,10.668445276298582,0.0005191997944057597,0.09988141024992497
2026-01-01 00:25:49,2,8.00285698272203,8.493058522482935,0.001011801364792453,0.07939196875836382
2026-01-01 00:25:49,3,27.761429460244734,11.160761068555427,0.0033122553173601937,0.4236083526797328
2026-01-01 00:25:50,0,16.401625573314842,13.78761585154274,0.0015946787330307927,0.17778782531663773
2026-01-01 00:25:50,1,30.967506134492453,11.196175713736874,2.7964698850679937e-05,0.3824778354132485
2026-01-01 00:25:50,2,13.89083165613514,9.899373218963403,6.888156738442238e-05,0.1877937464227812
2026-01-01 00:25:50,3,73.26863009600028,11.379614889522744,0.0005045085227128888,0.1601194602737025
2026-01-01 00:25:51,0,8.281400464660914,11.681444012727887,6.037489644649034e-05,0.25240275550203023
2026-01-01 00:25:51,1,34.39365190117419,9.815960573213806,0.0001566922871256505,0.23621184677436
2026-01-01 00:25:51,2,28.12114912138527,8.870475179410496,0.0009826444634422821,0.23269395900205675
2026-01-01 00:25:51,3,52.01232534910509,10.87012824572877,0.0006307750853359868,0.37606999878128633
2026-01-01 00:25:52,0,118.33919613611309,9.705610176584678,0.0012718163818105559,0.39281501004129427
2026-01-01 00:25:52,1,17.726283086186235,10.719321921887813,0.00029680304632946343,0.1532557276589498
2026-01-01 00:25:52,2,19.054922077957734,11.375147111734844,1.2339418490009793e-05,0.4213259098540569
2026-01-01 00:25:52,3,9.4052316837514,10.26657245763373,0.0031234176514029197,0.2731018266060467
2026-01-01 00:25:53,0,48.08182503624823,7.312273642928296,1.100748840094316e-05,0.12900425994776923
2026-01-01 00:25:53,1,44.41602850652671,14.365366880728882,0.003108015547655504,0.3255079755314972
2026-01-01 00:25:53,2,54.72650219302616,8.76101653056547,0.0005675829983749005,0.3256859911786368
2026-01-01 00:25:53,3,20.529986485926592,12.328165287898488,0.00030298826592938655,0.4705175084991349
2026-01-01 00:25:54,0,29.98990836964703,11.560450203688088,0.00020289849440772767,0.1603460743833397
2026-01-01 00:25:54,1,31.397623932489275,14.982210054053187,0.0009418736111584228,0.4135866733557846
2026-01-01 00:25:54,2,31.165545114589833,13.047924904882812,0.00012591568088671468,0.3086227128414817
2026-01-01 00:25:54,3,53.512358153464504,12.296382726808133,0.0010224305304751395,0.4221991512671199
2026-01-01 00:25:55,0,15.60888261529157,14.721833014114445,0.0012270506602198826,0.20524468260749315
2026-01-01 00:25:55,1,18.257002443038488,11.36088818593532,3.773903255349923e-05,0.046482198379636505
2026-01-01 00:25:55,2,22.587359035138956,9.537232644185831,0.003430580177831112,0.42214145220860727
2026-01-01 00:25:55,3,35.073260389711606,8.660933689608095,0.00014998203013228862,0.2000725645706397
2026-01-01 00:25:56,0,42.09581332601129,12.40717159464473,0.0005447503414440566,0.33591943376395833
2026-01-01 00:25:56,1,51.42022045035136,9.735958546481143,0.002305142322579318,0.393322160110196
2026-01-01 00:25:56,2,58.98200362754279,7.9987128543846335,0.0013214579456088439,0.3559093569932725
2026-01-01 00:25:56,3,46.86012219278203,8.472911832938662,0.001632950975423884,0.3004022735766655
2026-01-01 00:25:57,0,46.42909870481134,11.047237618481935,0.0007934056765910899,0.17559230151418678
2026-01-01 00:25:57,1,128.2728267742179,14.029357655366379,0.0007663087639294492,0.3960966687016644
2026-01-01 00:25:57,2,28.126756113588264,10.778622620385608,0.00035176057918091493,0.35374157788087623
2026-01-01 00:25:57,3,53.51155076718744,12.35509849291332,0.00018034649059794162,0.4729011260560453
2026-01-01 00:25:58,0,20.469974161889095,12.135687509472127,3.597394632952592e-05,0.3238687106768921
2026-01-01 00:25:58,1,34.63544704024019,15.157157959973222,0.00037292301614345007,0.3971982091562971
2026-01-01 00:25:58,2,13.132439198435463,9.943172499067199,0.002011621228774061,0.27197979062395217
2026-01-01 00:25:58,3,54.5104186735225,21.63811639111839,0.00042958095559613086,0.41404433987352485
2026-01-01 00:25:59,0,21.19403260981227,10.982486819855932,0.0011426035548764133,0.24031747416121585
2026-01-01 00:25:59,1,20.71146120101238,12.530491154471157,0.00045751680984308765,0.18101595521785918
2026-01-01 00:25:59,2,21.167307337890833,9.530842177220402,0.0006518205979683968,0.24412627599344508
2026-01-01 00:25:59,3,37.053430111442985,7.935996613230192,3.9924431851245816e-05,0.2986761532237904
2026-01-01 00:26:00,0,50.47544686898019,12.224888616444552,0.0007475440149253209,0.02
2026-01-01 00:26:00,1,46.648303707232664,9.645732258365257,0.0003875729709993204,0.4022929022786396
2026-01-01 00:26:00,2,48.65026195552869,12.016373298653882,0.00019333666125579866,0.5499109188085421
2026-01-01 00:26:00,3,23.192660825480203,14.971969078299798,0.00024968377179557174,0.2809593342745694
2026-01-01 00:26:01,0,73.65155436653168,14.32392117354794,2.9383640689245705e-05,0.44661332776343576
2026-01-01 00:26:01,1,46.71511326240546,15.768530802344518,0.0006784528346744819,0.3305373885732401
2026-01-01 00:26:01,2,11.186577459417872,6.425248150562593,0.0011558549961281635,0.1756150349961454
2026-01-01 00:26:01,3,52.85836043072779,13.104366522287753,0.0011324718495512533,0.31227907274072497
2026-01-01 00:26:02,0,39.657937285514784,13.717270257106849,0.00041806673932588706,0.45764184646497996
2026-01-01 00:26:02,1,103.25075612554136,9.91018656827174,0.00041542673605587715,0.27507523651268473
2026-01-01 00:26:02,2,38.795154186825485,12.17370566201209,0.0011657451809274245,0.39718141696969733
2026-01-01 00:26:02,3,62.43914637966892,14.19062541152829,5.4164973874046055e-05,0.44340098868873434
2026-01-01 00:26:03,0,14.033667389466236,14.274287798326394,2.6706801794231928e-05,0.1545254772336026
2026-01-01 00:26:03,1,16.82002856576046,8.023439338654917,0.0012223005554149386,0.02
2026-01-01 00:26:03,2,5.0,7.652840567883029,0.0006713647461690307,0.14174664940746678
2026-01-01 00:26:03,3,46.118930057921105,7.8973906278418875,0.0003043887979100532,0.33205800912417227
2026-01-01 00:26:04,0,36.96020253101408,13.279587387486355,0.0005473679505186486,0.5035902637553213
2026-01-01 00:26:04,1,31.879022413316193,10.289679918235652,0.00014990662893293413,0.4507673169822815
2026-01-01 00:26:04,2,39.01254270225727,14.035602306731665,4.241673768768371e-05,0.2697436057709201
2026-01-01 00:26:04,3,51.37827461681334,9.798004774342973,0.0018655881909920883,0.3225180226643177
2026-01-01 00:26:05,0,27.41299750671352,8.800910156404578,0.0005472140483304851,0.1575182749360335
2026-01-01 00:26:05,1,12.375920163053697,9.610151782690325,0.0037598475867766435,0.09030811323416127
2026-01-01 00:26:05,2,55.443039072918246,27.049831140323555,0.0001278632423595437,0.24281690505994646
2026-01-01 00:26:05,3,41.06236749656219,13.282777963812523,9.239403773898998e-06,0.5471779502280497
2026-01-01 00:26:06,0,25.37763632922984,11.333210050176136,0.0007600414839520775,0.22746118132681567
2026-01-01 00:26:06,1,311.4647940581909,7.582338464105408,1.1267592765166012e-05,0.27523608479075473
2026-01-01 00:26:06,2,37.203224843010105,9.181155207908937,0.0018666824630671458,0.29126153862001547
2026-01-01 00:26:06,3,25.726671699058716,13.380652274439658,0.001766168039015281,0.38854823939931366
2026-01-01 00:26:07,0,43.65831245935931,13.444941037281545,0.002747014577399975,0.4302032164991278
2026-01-01 00:26:07,1,25.263378850411506,11.619291811749525,0.0009898272026468776,0.4103284708800975
2026-01-01 00:26:07,2,30.510095157128337,8.771744910372886,9.474945419618276e-05,0.12807048228951917
2026-01-01 00:26:07,3,40.23545006453544,12.608062134972524,0.0006423383084428367,0.4427085428121945
2026-01-01 00:26:08,0,23.27714081358954,11.855027873392348,0.00021896852827520342,0.17288219221199622
2026-01-01 00:26:08,1,32.786144076513104,14.683867069092438,0.0003866917255764897,0.40635767689008084
2026-01-01 00:26:08,2,23.621334145565662,10.29867377956175,0.0004741081739375848,0.3781569434238733
2026-01-01 00:26:08,3,70.0388977883057,10.5184912110189,0.0007614999866319648,0.3448901115101456
2026-01-01 00:26:09,0,17.784732732460572,10.790955748188141,0.00034094399555842906,0.12971351534047582
2026-01-01 00:26:09,1,21.719252892615017,9.565449927519246,0.001760807970216563,0.16709011453500652
2026-01-01 00:26:09,2,102.17360177483586,16.655490152194094,0.00043836248221988455,0.4540229928499339
2026-01-01 00:26:09,3,24.850438204823828,8.569822208746011,0.00028147820896874334,0.26724224206623526
2026-01-01 00:26:10,0,80.81921347455297,8.348722174365426,0.001118317628449957,0.21282359266007692
2026-01-01 00:26:10,1,26.362463214751138,17.285639772686455,0.00024548919473750774,0.5408556229952549
2026-01-01 00:26:10,2,69.96195906175944,15.622698017711452,5.309637804453648e-05,0.5133338325892551
2026-01-01 00:26:10,3,26.62031801917432,11.430806835950294,0.00043546992903402453,0.2273432521927747
2026-01-01 00:26:11,0,16.112437854392997,11.655326667392819,0.0011570294225708379,0.10999717737669161
2026-01-01 00:26:11,1,40.326777481098425,12.631209120859385,8.020715860092288e-05,0.21974942166297262
2026-01-01 00:26:11,2,72.30274833071965,10.703202864282375,0.001593611605138801,0.35656142724281276
2026-01-01 00:26:11,3,80.96235239684682,13.352090097401641,0.0001032623977880506,0.39861916159992944
2026-01-01 00:26:12,0,17.553333357857028,10.828873911832611,0.0003123634537685462,0.20614081180227972
2026-01-01 00:26:12,1,16.876234217802025,13.401416058575172,1.5964062794793093e-05,0.32952576093357455
2026-01-01 00:26:12,2,140.97995564233815,16.288408938554703,0.0005669763951195656,0.48974706829139353
2026-01-01 00:26:12,3,20.51209899037913,14.756556222631824,0.0005943989989580137,0.15218745695819244
2026-01-01 00:26:13,0,49.26671175661242,9.908701536921365,0.0009597711628682474,0.35696458651855567
2026-01-01 00:26:13,1,48.1538508636554,21.683324793391016,5.157059808745365e-05,0.5562872626712347
2026-01-01 00:26:13,2,39.21672347955397,13.339424436654399,2.0378203362062938e-05,0.22050110266604456
2026-01-01 00:26:13,3,21.75411588135893,9.5031953953877,0.00014978765909628625,0.21712488895841878
2026-01-01 00:26:14,0,21.642395636712116,10.02257398348457,0.0011303583180275552,0.33290304868151854
2026-01-01 00:26:14,1,25.661356960064925,8.769561346955758,0.0005669083491183175,0.2827053911176337
2026-01-01 00:26:14,2,37.799785458531105,11.901912968231223,0.00032065200503822563,0.3681975271055573
2026-01-01 00:26:14,3,46.77263167106841,9.782328237947002,7.569257578488445e-06,0.35765380139101355
2026-01-01 00:26:15,0,17.14772981181437,9.576935601833668,0.0007792623252252787,0.3236321287869746
2026-01-01 00:26:15,1,29.059552375290338,10.985631021139222,0.0032136760116694427,0.44795426321779314
2026-01-01 00:26:15,2,108.83986142324858,13.806028638427744,0.0012212724037887902,0.2338983698058751
2026-01-01 00:26:15,3,53.19999168295257,12.12795201613808,0.0011819707330477764,0.4388906610390971
2026-01-01 00:26:16,0,41.68951252975599,12.202076014630832,0.0005192382172980891,0.3042132366185031
2026-01-01 00:26:16,1,38.52108253431108,8.766506625386063,0.0010546180926552988,0.3546679746235134
2026-01-01 00:26:16,2,76.66038542970286,10.680605763533325,0.0004613548773214202,0.29634241109560333
2026-01-01 00:26:16,3,43.152756568400115,15.959591094153634,0.0019329853492447736,0.44978300323842746
2026-01-01 00:26:17,0,29.046631081805252,10.143496673969386,0.00010588247086987102,0.29164134175448675
2026-01-01 00:26:17,1,20.4737281962908,9.907385390123046,0.0025669500178951794,0.2355421163122507
2026-01-01 00:26:17,2,105.26799144661906,19.19383251821506,0.001398142955054182,0.3790652639703328
2026-01-01 00:26:17,3,27.716045295403205,12.18613551232613,1.6632759538796037e-05,0.17429781314579312
2026-01-01 00:26:18,0,14.046412685359968,21.290874422838648,5.3651149732274605e-05,0.08477132124959491
2026-01-01 00:26:18,1,37.475237538926386,12.415440932308261,0.0002909355654771904,0.3609742036279995
2026-01-01 00:26:18,2,480.0,9.529048525502027,0.0002145538149512485,0.30098345666323606
2026-01-01 00:26:18,3,8.237550124561672,9.366131294558404,0.0001764612296903041,0.2533525768673934
2026-01-01 00:26:19,0,16.194112582488188,7.396938538103122,0.00012689490733667976,0.23768110759509087
2026-01-01 00:26:19,1,38.19005247132503,10.20515077119625,0.0009450635202611938,0.3148141599987073
2026-01-01 00:26:19,2,39.09990107795376,12.867566116070947,0.00013504511368524582,0.27719881604251934
2026-01-01 00:26:19,3,52.52480744198044,18.938338396515615,0.0013263539816881565,0.6087347584743948
2026-01-01 00:26:20,0,27.69823573508381,11.35736896164358,0.00039968304757572674,0.2595153297464588
2026-01-01 00:26:20,1,69.9169495523395,12.048578303868021,0.00018406533998014996,0.43556259008374043
2026-01-01 00:26:20,2,30.980193051156853,12.162671120144186,8.61744263971998e-05,0.48689343449424544
2026-01-01 00:26:20,3,53.87951801854979,11.51123873134735,0.0006343994625842242,0.2452486945345756
2026-01-01 00:26:21,0,30.750303008001477,12.642858237005905,0.0013812499494441294,0.49711288883736465
2026-01-01 00:26:21,1,42.482779308937694,12.019727476416456,0.0005308160735676832,0.2838104136464637
2026-01-01 00:26:21,2,30.16983250463251,9.437629833343975,0.0004032534588215139,0.38480596044058685
2026-01-01 00:26:21,3,43.10729670634834,7.830563505446738,0.0004999561849453996,0.18386898407193514
2026-01-01 00:26:22,0,42.250370031423,12.977159323040224,0.002071066947446211,0.352459697867107
2026-01-01 00:26:22,1,61.987844846513205,10.643968581919761,0.00019337141611515664,0.3191458274773388
2026-01-01 00:26:22,2,25.906866695556623,10.681970892174473,0.0014465528152791177,0.09009142276884581
2026-01-01 00:26:22,3,135.33787136478924,15.639568948404264,0.0012924227965899746,0.5253170408617451
2026-01-01 00:26:23,0,32.22164570079919,14.086263517823829,7.661209398945591e-05,0.4668916483703125
2026-01-01 00:26:23,1,30.39039811172664,9.702810434226484,0.000535951814872908,0.21153903061359397
2026-01-01 00:26:23,2,54.5270719329275,17.65056702903069,4.99523586111714e-05,0.5136513974325789
2026-01-01 00:26:23,3,25.328790848404505,23.567029302271674,0.00027016460462423705,0.7511272843665427
2026-01-01 00:26:24,0,24.902078383718614,11.947667979977238,0.001487575617349519,0.2036010844982611
2026-01-01 00:26:24,1,27.655991529281277,10.753670978010375,0.00078814459790941,0.18586155305813543
2026-01-01 00:26:24,2,60.513587846939075,8.4692630498896,9.688986248759077e-05,0.29851361366685897
2026-01-01 00:26:24,3,27.280034332481012,17.615320122788486,0.00078722325383165,0.5674561203936174
2026-01-01 00:26:25,0,17.27244952559195,7.2257951401388265,0.00012631321864057913,0.20494171647079606
2026-01-01 00:26:25,1,81.90442125471553,10.12426753307803,0.0003603143988071879,0.059160271096740755
2026-01-01 00:26:25,2,19.332442411667913,9.360089293060428,0.00010396567948738347,0.2625757676115299
2026-01-01 00:26:25,3,6.534433784379721,8.43247926265444,0.0002468504104648655,0.15304078173159621
2026-01-01 00:26:26,0,17.422862013324224,9.260328289590694,2.666236327890189e-07,0.16629768831195463
2026-01-01 00:26:26,1,9.567668413297435,8.559956456655142,0.00021282302547512546,0.21662970937692297
2026-01-01 00:26:26,2,19.378983123117788,7.874119648717158,0.00012235083908341234,0.27956054438070665
2026-01-01 00:26:26,3,17.312573506882064,11.273438961363908,0.00015412695557704374,0.1853228435778429
2026-01-01 00:26:27,0,16.437361081367634,17.81236868604524,0.006580969557115566,0.26779226563737846
2026-01-01 00:26:27,1,37.22897817328681,12.132590507783608,0.0005929729073877653,0.3598613568102076
2026-01-01 00:26:27,2,28.436527548429368,10.407449524018496,0.00040122720328984675,0.330447930229787
2026-01-01 00:26:27,3,27.358590183172776,10.554667279527225,0.0003437939919477633,0.37621761582689794
2026-01-01 00:26:28,0,17.549105582157896,8.48471883715036,0.0005953729522273027,0.25495928694662445
2026-01-01 00:26:28,1,49.41106127630117,12.87880221210179,0.00048693271168674006,0.3227495541608082
2026-01-01 00:26:28,2,23.308856170159284,8.420191803088045,7.653974124243299e-05,0.2944059762089072
2026-01-01 00:26:28,3,16.068901077333717,8.788973159291498,0.0025696114943386367,0.04546836438651759
2026-01-01 00:26:29,0,48.96162459201455,14.3597170531053,0.0003410057066709035,0.5353696221216858
2026-01-01 00:26:29,1,23.651556886712406,12.09952180563371,0.0007396917461425285,0.4206222191593401
2026-01-01 00:26:29,2,35.86715948636105,7.904294514246635,0.0020627750943185237,0.28396319742528775
2026-01-01 00:26:29,3,69.60099444978523,10.37289370806684,0.0005736084329734936,0.404063916805023
2026-01-01 00:26:30,0,45.96413739757374,8.557861630079616,3.182410889610493e-05,0.11953990337118231
2026-01-01 00:26:30,1,70.63072663347907,11.841326856931218,0.0023141068914068765,0.2738182503166342
2026-01-01 00:26:30,2,31.59514188312179,13.440922438763517,0.0003426408063651953,0.5538349458308913
2026-01-01 00:26:30,3,20.7607053823292,12.739727458512666,0.00035816781640100767,0.553118272504267
2026-01-01 00:26:31,0,17.990406854722405,11.951158941865462,0.0006814411913996722,0.02
2026-01-01 00:26:31,1,77.0056023688057,12.780967587971396,3.4553109903172134e-05,0.41570686289670217
2026-01-01 00:26:31,2,60.196068934119005,9.853749916029379,0.001057051034677988,0.2559941251759063
2026-01-01 00:26:31,3,39.39527527271261,14.152415536329382,0.000584622998798312,0.5131153941380707
2026-01-01 00:26:32,0,101.94553360721766,10.10870417634246,5.79506063108629e-05,0.24281997666471514
2026-01-01 00:26:32,1,18.3092158091812,9.893472363373395,0.00010402017249496163,0.4000196772462117
2026-01-01 00:26:32,2,40.96146524488762,8.94177208431824,0.0005072257860253107,0.02
2026-01-01 00:26:32,3,64.0569279399853,9.099852314854509,0.001585685068711705,0.16254621984947223
2026-01-01 00:26:33,0,45.155495973842434,8.429300964302797,0.0014972047722914467,0.26922739300403187
2026-01-01 00:26:33,1,32.45565080689655,9.762531192363953,5.757913548493432e-05,0.1166779135286489
2026-01-01 00:26:33,2,64.73880620320061,12.312392633437812,0.0001870280006763918,0.21480092269066822
2026-01-01 00:26:33,3,46.04649283381979,14.358257771087365,0.0005589551242544339,0.5159631224882958
2026-01-01 00:26:34,0,28.010217554509868,19.16001688133428,0.0022834106351999773,0.34065601486622105
2026-01-01 00:26:34,1,9.989498385831292,9.768164709047484,0.00028877804747006597,0.1648042442491448
2026-01-01 00:26:34,2,34.96161072349365,17.145684944584296,0.00021367770243538683,0.31112872925408747
2026-01-01 00:26:34,3,42.667609088539294,14.668662023143561,0.0003937187937027892,0.3598959363747179
2026-01-01 00:26:35,0,37.63882463869714,11.078039011823853,8.43368003710907e-06,0.42736781264106427
2026-01-01 00:26:35,1,26.66468721108457,11.882027481196198,0.0001536659012372039,0.18151347293647752
2026-01-01 00:26:35,2,26.81034633921318,10.459515750545814,0.0008167442789209605,0.3083516751503163
2026-01-01 00:26:35,3,69.21203041415049,15.130963067239419,0.0008021011512326757,0.4922733722015356
2026-01-01 00:26:36,0,26.206091354726606,11.326849385540449,0.0010782360695036101,0.21712490946716656
2026-01-01 00:26:36,1,10.308961034519218,15.47181812615494,0.0013467513237771073,0.4101086309281616
2026-01-01 00:26:36,2,19.223982520044878,15.549672989006353,0.00023177753685999343,0.5649638495548777
2026-01-01 00:26:36,3,18.669819337019607,9.996203659867444,0.0004952722522613722,0.29718319986413083
2026-01-01 00:26:37,0,38.66230522122775,7.700193671990521,0.0007958809408851896,0.4141007194922147
2026-01-01 00:26:37,1,28.436810892307328,12.866764396405248,0.00046573081316111876,0.4448410105155193
2026-01-01 00:26:37,2,21.50117655254169,10.154042444507121,5.9595769028782645e-05,0.44404651938855627
2026-01-01 00:26:37,3,67.74222963418376,12.215556569951659,0.0010671153304733338,0.360472029400168
2026-01-01 00:26:38,0,22.86277011815253,11.529342905508162,0.0010789180147237854,0.1237467502964331
2026-01-01 00:26:38,1,27.5365643241188,10.266814872362485,0.0009577716289827034,0.47238024210949664
2026-01-01 00:26:38,2,97.42912710145819,18.51813941438298,0.00030949713140907876,0.46589387597618753
2026-01-01 00:26:38,3,19.707366320678513,13.830497193390086,0.0001281976752948281,0.4515382390234366
2026-01-01 00:26:39,0,70.61431586305841,11.25052833946466,0.0009933602159671526,0.3578437987248162
2026-01-01 00:26:39,1,20.77065414102959,9.395620872106104,0.002501724800727595,0.09103690313365156
2026-01-01 00:26:39,2,77.773665124692,13.105412165740855,0.00045647113847766034,0.39377618516033885
2026-01-01 00:26:39,3,32.92014399362722,15.27435275893469,0.00038259186006944735,0.4017769917870603
2026-01-01 00:26:40,0,24.672170658171495,13.873867211276309,2.107344470088413e-05,0.3562959996779565
2026-01-01 00:26:40,1,20.752962702588906,10.627313278465028,0.00015224373076573944,0.14847957070599604
2026-01-01 00:26:40,2,23.585507835402677,14.885765070269535,0.0012699114307430002,0.1940692709375326
2026-01-01 00:26:40,3,49.4013875761065,12.477643233947285,0.0016840374476951756,0.2503668704835559
2026-01-01 00:26:41,0,101.41988301177733,11.81390813175895,0.001288180400627231,0.2788888407490248
2026-01-01 00:26:41,1,25.288993674253735,13.62705763412529,0.000877310166123376,0.30211599088907476
2026-01-01 00:26:41,2,144.88603656632628,13.308432064298547,0.0010329600323259534,0.4773671904426345
2026-01-01 00:26:41,3,42.22924447644081,10.413438144868733,0.0017074490535907085,0.2656104444750711
2026-01-01 00:26:42,0,28.232369722248656,7.867813019689629,0.0016311286245460747,0.02
2026-01-01 00:26:42,1,43.72080224567235,9.81429190926243,0.0008697159646509239,0.3984880994974917
2026-01-01 00:26:42,2,62.48866241788853,11.295974319827318,0.00027862254547721664,0.21783368956906743
2026-01-01 00:26:42,3,53.275270453404616,11.05905548168698,0.0016432822877078409,0.06055492895843528
2026-01-01 00:26:43,0,15.515421245730167,10.830119204404085,0.0003796755220194225,0.08740985560503359
2026-01-01 00:26:43,1,23.754845830585968,9.59255596752622,0.00035523247926187436,0.3927475340127614
2026-01-01 00:26:43,2,18.69022907919954,11.991323791006224,0.0004930004237194066,0.2738477905249407
2026-01-01 00:26:43,3,173.50522310696067,7.298818506282858,0.0016564208605312268,0.029374808934450852
2026-01-01 00:26:44,0,38.789862438285276,11.748574802135723,0.0012800218916769988,0.18045510347253516
2026-01-01 00:26:44,1,42.603001081318084,16.325651058055872,0.00036347118415988567,0.35104049399088305
2026-01-01 00:26:44,2,197.4707623229452,19.905976710393485,0.00196895147782447,0.6210534710720415
2026-01-01 00:26:44,3,61.07848787761864,14.793578937002492,0.0007908896479384618,0.5164686515731564
2026-01-01 00:26:45,0,63.59956989691841,10.680726502750824,0.00020177539674852142,0.4458465485994707
2026-01-01 00:26:45,1,36.01945414924315,7.42870612083621,0.0002699416211206975,0.19069941242491215
2026-01-01 00:26:45,2,81.1588573452078,14.992015594930162,0.00031004429925817834,0.5659634641370169
2026-01-01 00:26:45,3,32.71619918152402,12.795800128728668,0.0009679012200787487,0.3048896245059116
2026-01-01 00:26:46,0,32.058525601332555,12.349763799146285,3.764694333149156e-05,0.34763420944175055
2026-01-01 00:26:46,1,29.899799604283427,12.46151179126866,0.0019440174791530923,0.3166870447948398
2026-01-01 00:26:46,2,9.781609536771052,16.475968883518146,0.0010409380946065482,0.5198266977989019
2026-01-01 00:26:46,3,39.779026812719124,8.586271502004037,0.0008303655895795037,0.22724804092871403
2026-01-01 00:26:47,0,32.79702409898361,13.496466553727679,0.00013632484360830502,0.17218123610540975
2026-01-01 00:26:47,1,37.63614416716925,10.258233118440991,0.00022132013910760733,0.31702305723538715
2026-01-01 00:26:47,2,12.256908262531512,10.957557678918453,0.0011571277989354724,0.156226147929619
2026-01-01 00:26:47,3,30.200418343934246,13.472818754192621,0.0010643938263254582,0.429042616680999
2026-01-01 00:26:48,0,14.028319467307881,15.31589588247033,0.0013206176532002784,0.22446845516226038
2026-01-01 00:26:48,1,34.409056490455036,14.446039351974447,5.357373070879871e-05,0.2946401426725609
2026-01-01 00:26:48,2,47.35431401240909,9.631479822922119,0.00015640504750073027,0.21118498130689725
2026-01-01 00:26:48,3,71.78127111804568,19.21285053810739,0.0004564568190347062,0.5501168849551271
2026-01-01 00:26:49,0,11.844487471401605,9.193479727991184,0.00046847481284963984,0.2895480283104506
2026-01-01 00:26:49,1,111.51033956761317,9.233374098039661,0.0018487901430767626,0.21628647409060686
2026-01-01 00:26:49,2,25.336410865407593,11.54926613121936,0.0010233341044561814,0.18569551168906986
2026-01-01 00:26:49,3,15.065537265056632,9.814065925554953,0.0025469512495774212,0.31165585385680966
2026-01-01 00:26:50,0,26.154258385848916,14.456061915321666,0.0006817959350531799,0.18698521631833473
2026-01-01 00:26:50,1,57.85953303327091,7.51517529511857,0.0005977992427002023,0.2391785382998203
2026-01-01 00:26:50,2,50.95909148835299,11.102667555030559,0.0007625326859812926,0.45257646013906055
2026-01-01 00:26:50,3,56.19380583586296,9.500002865496427,0.00021807829128326912,0.1766944786119034
2026-01-01 00:26:51,0,18.009684830710764,9.122920558551014,0.0007901394083524773,0.21760715114207427
2026-01-01 00:26:51,1,25.86595266431256,10.162665720784801,0.000598422912649339,0.28104428399299375
2026-01-01 00:26:51,2,76.96708275855305,12.916057803693377,0.0004494791858871894,0.33525054245640795
2026-01-01 00:26:51,3,109.02634260500508,11.702286835752128,0.0006394808242726733,0.343310818558841
2026-01-01 00:26:52,0,22.494471031382698,15.497349967268764,0.0007478488709422711,0.2727239006138039
2026-01-01 00:26:52,1,17.647292793983002,11.641929523542236,9.967108730421688e-05,0.402277190391649
2026-01-01 00:26:52,2,65.8189382188249,11.414275549292498,1.0845237434405365e-05,0.4408023993761102
2026-01-01 00:26:52,3,49.43464876995595,10.454033130603705,0.00037478436354773436,0.37577748177949855
2026-01-01 00:26:53,0,19.07147499885802,9.124510023560042,0.00018205057765794354,0.16723411726134935
2026-01-01 00:26:53,1,18.702280643745024,11.700963378105092,8.257448394957562e-05,0.454267963900365
2026-01-01 00:26:53,2,12.858705133298098,9.073813111056172,0.0015980280353287716,0.11069678661797733
2026-01-01 00:26:53,3,81.49189231311124,10.239485739589513,0.0021815554947147145,0.2886745250311663
2026-01-01 00:26:54,0,63.81995197193074,10.891572899354896,0.000653131407303576,0.4366006384579416
2026-01-01 00:26:54,1,73.03983193336543,13.159596459368874,0.0015073897128314332,0.3157523104607499
2026-01-01 00:26:54,2,9.515232321862955,16.052937794625713,0.00019455127177537345,0.2536424650845871
2026-01-01 00:26:54,3,30.613782244631526,10.244676796609811,7.587075242491215e-06,0.3675612142149644
2026-01-01 00:26:55,0,73.99910787032019,6.704989019703952,0.0003121429143932813,0.33253019119693383
2026-01-01 00:26:55,1,14.853262369630755,10.701249168995838,0.0002530741474115934,0.14379267289966827
2026-01-01 00:26:55,2,31.8752752500214,9.395003460849498,0.00019796836370455372,0.2829981529810795
2026-01-01 00:26:55,3,39.73635217295155,13.67170011769628,0.0014283526551510655,0.18518270161629022
2026-01-01 00:26:56,0,15.308352379440286,11.250773984282409,0.0007984545440890297,0.46648775263775377
2026-01-01 00:26:56,1,91.42527632912376,12.510872890080138,9.76226602468968e-05,0.4193992560803046
2026-01-01 00:26:56,2,25.724492084518314,13.892603654150546,0.0023439787209428836,0.37199984835977945
2026-01-01 00:26:56,3,33.30859557218671,13.661132805307155,0.0004269434505101564,0.4060890375140023
2026-01-01 00:26:57,0,20.892830427591846,8.410859116485705,0.0011994800333811897,0.3221163836440415
2026-01-01 00:26:57,1,28.044650579262917,11.060092919402932,0.001076541476419869,0.2796883086251967
2026-01-01 00:26:57,2,57.51565548542855,15.364792676150431,0.0006054454356699263,0.5029241629202617
2026-01-01 00:26:57,3,48.78106948343421,13.35014325662879,9.916894062816848e-05,0.5081556047950798
2026-01-01 00:26:58,0,27.646554682340863,6.3013623841439825,0.002516820433772076,0.1771830669120408
2026-01-01 00:26:58,1,21.505568929011122,12.396160276084988,0.0004346871344845983,0.14470717807672326
2026-01-01 00:26:58,2,33.59826998596963,10.612199252146292,0.0017652955364289803,0.24828991342925683
2026-01-01 00:26:58,3,6.316655765026024,13.861488216459584,0.0009067531920695313,0.3829336444288629
2026-01-01 00:26:59,0,33.657099679419794,11.541131450983851,0.000893425010167816,0.30250526365581937
2026-01-01 00:26:59,1,38.11985117327841,8.193376968886017,0.0005802165214412452,0.4124665098653665
2026-01-01 00:26:59,2,25.04278714207662,9.707011097611682,0.0007591249001057856,0.09246102950133908
2026-01-01 00:26:59,3,104.17984024250644,18.079832194987176,0.0005601594807509866,0.15584396326204528
2026-01-01 00:27:00,0,19.33017065962936,14.62762411693828,0.0009822464064310878,0.36489875020225987
2026-01-01 00:27:00,1,14.311652941869584,8.134529226429486,0.0022740852162272435,0.14519900775553612
2026-01-01 00:27:00,2,7.0555314932358115,11.409081658641643,0.0009473992277148817,0.02
2026-01-01 00:27:00,3,24.65714402938897,13.885323422009456,0.0002554883834359453,0.36764895782512347
2026-01-01 00:27:01,0,50.61464056107571,8.757961084272551,0.0006138931518583631,0.02
2026-01-01 00:27:01,1,71.59240659240058,10.019422037974772,4.423794197315008e-05,0.36169362604978994
2026-01-01 00:27:01,2,76.91877533258425,12.094794616915022,0.0005242328100600893,0.3317855907290048
2026-01-01 00:27:01,3,47.15306690084817,13.374720236782423,0.0008672808479309041,0.45774453413709254
2026-01-01 00:27:02,0,43.72502931101188,14.559294185756242,0.0016598012405811145,0.45254517286234913
2026-01-01 00:27:02,1,18.216353708687947,11.031270440522029,0.00039454239297034567,0.12641769433189765
2026-01-01 00:27:02,2,15.88166009153187,12.002601081449745,0.0027075128936790097,0.03718423897492157
2026-01-01 00:27:02,3,51.834643986356056,7.681211685110714,0.0013772030572348382,0.02
2026-01-01 00:27:03,0,34.23350974917508,14.979758668566603,0.0002727811802561683,0.4095510201145594
2026-01-01 00:27:03,1,38.31851565513308,8.41617092860643,9.73683686865509e-05,0.18651590819855304
2026-01-01 00:27:03,2,30.74897145819989,13.257297452448679,6.474897329788785e-05,0.25645163975082597
2026-01-01 00:27:03,3,39.96657457816831,9.320101711769901,0.0012490113062205036,0.1716353461932409
2026-01-01 00:27:04,0,69.53658531307835,9.987422084987754,0.0005485796874556972,0.3605629896284368
2026-01-01 00:27:04,1,37.04826564836731,13.418092893917066,0.0006222747125826782,0.5594715662618923
2026-01-01 00:27:04,2,42.99632161067857,12.839700621015599,0.000120773735858318,0.32925618853169525
2026-01-01 00:27:04,3,53.91112792987165,10.82506547099816,0.0004885659944111587,0.16962577176015264
2026-01-01 00:27:05,0,16.475834859587877,11.786927636212683,0.0016095106526421658,0.26872486984594357
2026-01-01 00:27:05,1,7.660483867669308,10.323726326557686,8.326069056007581e-05,0.14491086386848265
2026-01-01 00:27:05,2,47.838227320180586,8.098201011683376,0.0001792348449634143,0.05168804684674979
2026-01-01 00:27:05,3,29.02376079061959,8.76939146435553,0.0033242202772923606,0.24148249500649938
2026-01-01 00:27:06,0,14.462891601928353,8.128551939125996,0.0008064746047388154,0.10692830736466084
2026-01-01 00:27:06,1,72.69847211066369,9.579395111438636,0.0004837961169609086,0.21712633385718316
2026-01-01 00:27:06,2,65.03608628738702,12.850237436971039,0.0008952762883540621,0.5409493269798442
2026-01-01 00:27:06,3,109.33439245963473,9.931773589847685,0.0017853171638239082,0.3536551870817436
2026-01-01 00:27:07,0,9.842864104727878,9.109268408766049,2.7804043874026174e-05,0.23584229274494772
2026-01-01 00:27:07,1,49.858265353022425,8.534986688782528,0.0012296829348818438,0.21089900767547037
2026-01-01 00:27:07,2,85.78316998154153,10.717300661522668,2.4320446535393142e-05,0.3758883925444841
2026-01-01 00:27:07,3,20.275036570716164,8.658109625970795,0.00011720142568793526,0.31079966544773746
2026-01-01 00:27:08,0,37.837503700111725,7.933357350935661,0.00011749622289363977,0.17191177070471939
2026-01-01 00:27:08,1,36.49225088531294,13.915819462783524,0.0007253045482057682,0.4746297460965772
2026-01-01 00:27:08,2,26.559537226704016,17.29324234235546,0.00031905270367162136,0.5052499776348727
2026-01-01 00:27:08,3,53.81001414021978,10.469138598250405,5.6075079330107974e-05,0.3578596466714601
2026-01-01 00:27:09,0,46.34071615211069,10.071867666197539,0.0004201110374747421,0.2574633550957993
2026-01-01 00:27:09,1,53.59981574855282,13.120397852769106,0.00011799331233267237,0.4731592409370098
2026-01-01 00:27:09,2,33.39507975677387,6.997177963765219,0.001869319202688836,0.24546983281543305
2026-01-01 00:27:09,3,58.12700070613701,9.353207721370808,0.0015931851498131682,0.3428592993494344
2026-01-01 00:27:10,0,34.7865237416801,8.286233662210096,0.0010915189527480604,0.29725168476294156
2026-01-01 00:27:10,1,11.667944381168482,14.010872824244828,0.0007386693475348442,0.39242892563360593
2026-01-01 00:27:10,2,30.561344690010646,12.142573759967664,0.00010312346054133934,0.3657653393707149
2026-01-01 00:27:10,3,29.714595926026433,9.70692833671303,0.0017950799578215098,0.17101963917387447
2026-01-01 00:27:11,0,25.37512977988494,15.192639424581937,2.656715081620136e-05,0.39439494800088515
2026-01-01 00:27:11,1,57.033937777943606,13.679867628771785,0.00021428107854363346,0.3019109908862321
2026-01-01 00:27:11,2,49.36570528183813,14.129564716652123,8.925260179719673e-05,0.4106543778110311
2026-01-01 00:27:11,3,24.426568721945248,11.096076576293902,0.0007381460442713461,0.4376179296256002
2026-01-01 00:27:12,0,56.37032828298151,10.235330823693387,0.0019688436888014946,0.1632718142868811
2026-01-01 00:27:12,1,29.843147128177566,13.402467215316301,0.0002535355122447053,0.4010103474563965
2026-01-01 00:27:12,2,13.621817437378645,9.745628775716918,0.0014042619436601597,0.25342648237687543
2026-01-01 00:27:12,3,167.48389928060442,17.085489603876592,0.0016448066725866925,0.5960903720124723
2026-01-01 00:27:13,0,23.57214396290084,11.770468138188987,0.00011516763941658502,0.35597457624762663
2026-01-01 00:27:13,1,34.177194479983235,10.08316805096987,0.00019400507024951383,0.39680395412542047
2026-01-01 00:27:13,2,11.102693503749885,7.735253894538843,0.00046449616098788926,0.14111687467336362
2026-01-01 00:27:13,3,21.185079145237296,15.933841880759003,0.0006138675796097283,0.518047107565618
2026-01-01 00:27:14,0,27.342862069283264,17.177921205153922,9.712430247136713e-05,0.5065495309663627
2026-01-01 00:27:14,1,43.676897805162334,11.610284143048512,0.0003793929189371796,0.28748639223208716
2026-01-01 00:27:14,2,22.463615204841442,9.454490177959356,0.0007343541366471058,0.08284034609404098
2026-01-01 00:27:14,3,63.396809806531195,11.607750128784318,0.0016737301127654387,0.43242236734946116
2026-01-01 00:27:15,0,29.214250342491532,10.010429445876248,0.000815104547804797,0.1905380206440034
2026-01-01 00:27:15,1,38.64021971941881,11.715040602756133,0.00023182470334589956,0.2861681957895404
2026-01-01 00:27:15,2,37.754874179483195,11.010610239283967,0.001085085094528186,0.24408754335114285
2026-01-01 00:27:15,3,26.93011365381563,13.349165089174054,0.0010943024610278727,0.3917166793007321
2026-01-01 00:27:16,0,50.798746610323235,10.018032676110344,0.0006067601875644115,0.2623643522771565
2026-01-01 00:27:16,1,101.40307300409829,11.225376442368507,0.00020953106422844436,0.19170747960352297
2026-01-01 00:27:16,2,20.39487142867331,8.90239953384252,0.0002056417256561797,0.1401448316904975
2026-01-01 00:27:16,3,49.52848552245121,12.816271220256999,0.00045908581991655856,0.3559909794857967
2026-01-01 00:27:17,0,54.01023546927742,11.157043736913115,0.0036524413555060428,0.40729608127094247
2026-01-01 00:27:17,1,46.67028312970742,16.738278047428658,2.7516558242429603e-05,0.4978730454532933
2026-01-01 00:27:17,2,81.0676131648966,11.030378068511439,0.001994482362012179,0.42439065459071
2026-01-01 00:27:17,3,21.604264013611484,15.071966270637976,7.610270894912901e-05,0.12207275697184089
2026-01-01 00:27:18,0,27.483541852156925,8.764467252499076,0.0005507034053552765,0.36353940698140813
2026-01-01 00:27:18,1,24.406631975531898,14.466445788112232,0.0004667010969739844,0.257495990309968
2026-01-01 00:27:18,2,9.012861334528484,15.097807681618924,0.0006047254086556539,0.36209190681699077
2026-01-01 00:27:18,3,22.29812764995513,12.228186041031412,0.00024411680324527558,0.5585875343086686
2026-01-01 00:27:19,0,28.676806219171926,11.053571985435182,0.0006344732396398715,0.3221830782093438
2026-01-01 00:27:19,1,9.661952918584745,8.75320935653024,0.001397254088109969,0.32920828328221446
2026-01-01 00:27:19,2,22.161537697985022,10.831692660583528,0.0012408354579250813,0.26305259147692467
2026-01-01 00:27:19,3,17.907566278676967,7.808406098630087,0.0010288913259140764,0.16524507392676907
2026-01-01 00:27:20,0,11.830769119909382,9.422210292720761,0.00016036145879508448,0.20554600002829565
2026-01-01 00:27:20,1,40.75232860810891,9.41461159149565,9.936095396987591e-05,0.2985816866033102
2026-01-01 00:27:20,2,31.912042339750734,12.303381092765237,0.0009738240588997613,0.29827127793561575
2026-01-01 00:27:20,3,19.027782065174044,17.327797576724244,0.0056755508096589,0.19708097293464052
2026-01-01 00:27:21,0,33.31540425782941,8.513049694934043,0.0009880176308592057,0.23322408126714037
2026-01-01 00:27:21,1,40.81968266845204,14.746280325717759,0.002556269064279907,0.5148283958791425
2026-01-01 00:27:21,2,60.083213682984905,15.927134060319869,0.00047884089318343196,0.42008515501204996
2026-01-01 00:27:21,3,26.405252560486066,10.87245005414345,0.00212932195895611,0.17268899231330403
2026-01-01 00:27:22,0,31.552135357622305,13.959428133496392,0.0007642383548348062,0.2219190901731856
2026-01-01 00:27:22,1,36.73546779503512,11.06674628442288,0.0008556869026912027,0.46329453452644626
2026-01-01 00:27:22,2,34.75082278607136,11.945537784173911,0.0016706969743613992,0.26898105049290444
2026-01-01 00:27:22,3,70.9741788646651,9.637889907085556,0.0004320834655602874,0.38731792809693094
2026-01-01 00:27:23,0,46.04328272196655,10.527617443323207,0.0005363612037158914,0.4542376696952048
2026-01-01 00:27:23,1,93.09657549696148,15.20341089167888,9.163441958507449e-05,0.47032403814833257
2026-01-01 00:27:23,2,145.62920527528544,5.891673828824549,0.00040713457872960284,0.24246547457524842
2026-01-01 00:27:23,3,51.01973449428356,9.47874765373242,0.0005557181482039745,0.38619359689089877
2026-01-01 00:27:24,0,41.91413232400547,10.879836766212321,0.00025667445492798865,0.22987539685061495
2026-01-01 00:27:24,1,76.61161165180388,14.275501893246386,6.631206505065273e-05,0.5397161916104778
2026-01-01 00:27:24,2,38.751830010003644,11.445872097248557,0.0002439935587600195,0.36458196678719174
2026-01-01 00:27:24,3,133.08712616379728,13.597296216366226,0.0005790252782523023,0.4711663688520378
2026-01-01 00:27:25,0,10.582764143278464,8.348383376817758,0.0006039121500366489,0.37121564061100704
2026-01-01 00:27:25,1,44.161759894458896,11.851449448238103,0.002265839598526435,0.4481594685721332
2026-01-01 00:27:25,2,55.120311276582605,5.934185263042297,0.0006277593708633929,0.15807937862115362
2026-01-01 00:27:25,3,50.78826560113919,9.679715911931595,0.0006293862723179139,0.331499632596154
2026-01-01 00:27:26,0,59.78077106942536,9.3120537256629,0.0007209966228133589,0.02
2026-01-01 00:27:26,1,19.415519552485364,8.597224862877907,0.0006726008734155822,0.3452120503817135
2026-01-01 00:27:26,2,65.86613903302889,12.888327389241002,0.00023632426983772483,0.2684401935596928
2026-01-01 00:27:26,3,25.362822593194895,15.949550037128315,0.0001347518826240573,0.07150959129447074
2026-01-01 00:27:27,0,10.255568781946716,10.793883926876335,0.0007492433721969809,0.03415133395019865
2026-01-01 00:27:27,1,55.31879267712602,11.927164952399295,0.0005387974463007851,0.4785701102700817
2026-01-01 00:27:27,2,50.86424332183907,7.013108661827478,0.0002611868908573591,0.2899239192458266
2026-01-01 00:27:27,3,21.782704142886775,19.32009145322778,0.0007662707075573976,0.5391976440323439
2026-01-01 00:27:28,0,41.917038569452224,8.419543686727549,9.226102990044916e-05,0.2167815760442324
2026-01-01 00:27:28,1,27.031049713680442,10.846083775060777,1.66196749742783e-05,0.3990693618263822
2026-01-01 00:27:28,2,55.61147960256294,7.065225697460803,0.0023731649661985197,0.31700754541953186
2026-01-01 00:27:28,3,14.890226603508815,12.141872143867982,0.00021664759642655047,0.23298436220974544
2026-01-01 00:27:29,0,57.78989982122788,7.9216569809799875,0.0008077324109075408,0.05574710557941757
2026-01-01 00:27:29,1,78.93878860749115,8.780432827940603,0.0005933544645065237,0.1663170715904684
2026-01-01 00:27:29,2,18.16130090311945,8.639027170591538,0.0015167586992216023,0.08330202113959828
2026-01-01 00:27:29,3,36.29552228216025,17.419508569380437,0.00016686779722383584,0.5228374578157594
2026-01-01 00:27:30,0,91.68684990654653,10.073292909654416,0.0012709769441851529,0.29327444335454755
2026-01-01 00:27:30,1,17.538600654759932,9.102424282352533,0.0025761649092615364,0.37514204479257224
2026-01-01 00:27:30,2,115.77874415803846,8.374965128256685,4.409565024876743e-05,0.18991748479420908
2026-01-01 00:27:30,3,42.61404111156053,17.727911786911996,1.0791823182264477e-05,0.20655186823088617
2026-01-01 00:27:31,0,27.303822147969573,10.723289681810888,0.0006917900508642652,0.17134965364583582
2026-01-01 00:27:31,1,105.58660780122115,13.096394108358544,0.001777193200248079,0.4854129022229123
2026-01-01 00:27:31,2,26.94724508102202,11.02543799194139,0.00020153688088039805,0.28860332946456857
2026-01-01 00:27:31,3,26.5499329242559,16.227851447918347,0.0037344115397141596,0.6111567508314762
2026-01-01 00:27:32,0,23.911704258196995,15.285728074316026,0.0002241249957497638,0.18884981457779315
2026-01-01 00:27:32,1,11.051987017562386,9.45848174747643,4.899628105628458e-05,0.4080731065417848
2026-01-01 00:27:32,2,41.95708170823482,8.840804489049772,0.00022518025587885755,0.30287757335621335
2026-01-01 00:27:32,3,13.166188528397623,7.215196868602869,0.0006866584704810233,0.2706938570131856
2026-01-01 00:27:33,0,29.23592538958532,8.12473997983103,4.682795429157942e-05,0.3261947448458372
2026-01-01 00:27:33,1,58.25555304607971,13.073023347490263,0.00035133599569715383,0.32756303244484264
2026-01-01 00:27:33,2,18.38129858467223,11.008819713458303,0.00107810298314803,0.2866439247871943
2026-01-01 00:27:33,3,74.57984465466616,14.639401083377752,5.6267071619717625e-05,0.4252535958279848
2026-01-01 00:27:34,0,9.722904794286181,13.620176386623028,0.00022665289294037714,0.07831050920030966
2026-01-01 00:27:34,1,60.586630837962694,15.970765448374381,0.0010995104510834715,0.4037383279049714
2026-01-01 00:27:34,2,34.134237885999305,10.918892169846814,0.0003939038899946296,0.2797240934653253
2026-01-01 00:27:34,3,50.458404818796055,8.344835045638309,0.0007517448092809186,0.1997117769895793
2026-01-01 00:27:35,0,43.67700354035969,18.01196922988926,0.0020370911600569547,0.23314207720179161
2026-01-01 00:27:35,1,44.72434276995886,10.608063116495897,0.0007174430470969003,0.3583230708201441
2026-01-01 00:27:35,2,34.46722594522358,9.074061540065138,0.0003941827065144944,0.15395583450914987
2026-01-01 00:27:35,3,27.247188194623266,16.178534213066975,0.00018173086360053685,0.46029566011494694
2026-01-01 00:27:36,0,50.11070226535424,10.322381681320575,0.0012642453140328301,0.29788588300150187
2026-01-01 00:27:36,1,25.113207507937084,12.527709082608114,0.0001249542261198699,0.2986791729699187
2026-01-01 00:27:36,2,28.261904552338894,8.589430811669695,0.0023810300973582284,0.17231027268304439
2026-01-01 00:27:36,3,48.042859763327705,18.58951913492006,0.0008153719037338782,0.43141638461149395
2026-01-01 00:27:37,0,31.57962262325739,15.23572873154116,0.00035126751432591833,0.35997590952475766
2026-01-01 00:27:37,1,38.035957603796184,17.631262547811623,0.00018590178556986438,0.5602856291591816
2026-01-01 00:27:37,2,14.674149062643034,9.594583433265582,0.00010081465238654469,0.21853189175002113
2026-01-01 00:27:37,3,34.096449574251956,13.095719368726664,0.0027164274419005014,0.5536332236057612
2026-01-01 00:27:38,0,25.100242086905325,13.094182494393234,0.0007285225695050438,0.2785456099080194
2026-01-01 00:27:38,1,28.17787274258377,8.900213364475727,6.135126782908694e-06,0.2580681221704679
2026-01-01 00:27:38,2,48.97919607576778,8.534905860895734,1.999490667628832e-06,0.2734203112755944
2026-01-01 00:27:38,3,21.510360187745853,15.311724922378739,0.0009844619444361916,0.5279722069480411
2026-01-01 00:27:39,0,20.74297520279846,11.45766025893595,0.00022752928737970624,0.076848795513177
2026-01-01 00:27:39,1,28.947446190288126,13.632850321644998,0.00015308935761028028,0.5478941830597989
2026-01-01 00:27:39,2,70.21347302637946,13.412919509867557,0.00022822135893846217,0.48313608386826773
2026-01-01 00:27:39,3,20.804840507834413,8.223662453651501,0.0034517282160724393,0.04381295227143386
2026-01-01 00:27:40,0,36.749300246718136,10.564482494437923,1.921035687563999e-05,0.2376985274605591
2026-01-01 00:27:40,1,24.362489361910853,11.64791953366034,0.001161531618221031,0.30811210212203705
2026-01-01 00:27:40,2,18.753011730843884,8.616401252374414,0.00026976942952858403,0.20669688908343184
2026-01-01 00:27:40,3,37.52546199485204,13.745321513318913,0.0019718008831625133,0.4521042851234384
2026-01-01 00:27:41,0,41.48473566233448,8.98272249116176,0.0005674900889277976,0.3365402719294855
2026-01-01 00:27:41,1,20.06113847998592,11.178538974868014,0.0004933312924559958,0.29243916139587983
2026-01-01 00:27:41,2,17.72959818700848,12.689499233237761,0.00011031440867697745,0.2633494275847191
2026-01-01 00:27:41,3,35.596566411435624,15.948129189071656,2.7364679616245832e-05,0.451434836482418
2026-01-01 00:27:42,0,105.38114005212898,11.18764141364861,0.00012969207269628195,0.4385377127131531
2026-01-01 00:27:42,1,13.975570046037573,13.108661327604377,0.0010075554327216457,0.3160341496293901
2026-01-01 00:27:42,2,45.116485054296184,9.710998940760788,0.001353137070481781,0.2035851508835939
2026-01-01 00:27:42,3,18.273599976344624,13.108508494407703,0.0002419118723650998,0.427750971127205
2026-01-01 00:27:43,0,81.06973167694984,9.481182926635103,0.00236475541598496,0.31983124526167644
2026-01-01 00:27:43,1,11.626965421855882,9.172988930280576,0.0005121525437206404,0.3030169712436086
2026-01-01 00:27:43,2,43.520095828749746,10.292353586186433,0.001645131102875231,0.38174042324521923
2026-01-01 00:27:43,3,82.66664320656656,16.915009002070626,0.001264260658005769,0.5981930101126731
2026-01-01 00:27:44,0,32.045949128060656,9.774183805998746,3.641229596320316e-05,0.2311863086606467
2026-01-01 00:27:44,1,123.41660229872939,14.697068574720003,0.00010518083099661822,0.12664010410347132
2026-01-01 00:27:44,2,37.933529977687705,15.144422851420426,0.0012834581206021705,0.466259126584417
2026-01-01 00:27:44,3,48.32112729600441,12.691386956911552,0.0003236716053792258,0.4646961521936421
2026-01-01 00:27:45,0,54.93085528529921,8.885245563644519,0.0002693364054385558,0.2963807160132088
2026-01-01 00:27:45,1,121.38489554231157,10.001222330603223,0.0002630890844971801,0.21730350411308946
2026-01-01 00:27:45,2,27.06556617354891,11.394890769993122,0.000305183152189881,0.4120124572783855
2026-01-01 00:27:45,3,71.8500648955376,19.406255998530888,0.00037599182280428873,0.4139959492560464
2026-01-01 00:27:46,0,135.09513779676044,9.965687454584204,0.0006617608738379969,0.2473100696245578
2026-01-01 00:27:46,1,110.59213567648676,16.027952699359275,0.004581545504114988,0.4341351158286304
2026-01-01 00:27:46,2,28.279493216774725,8.712362534646937,0.00037920396282538777,0.18184222240489084
2026-01-01 00:27:46,3,8.693093334216394,7.650562802890336,0.0005188130858237864,0.18829370280158014
2026-01-01 00:27:47,0,18.258679940748525,13.495261409956017,0.0009093682740190071,0.32064867199381214
2026-01-01 00:27:47,1,64.35559199615321,11.000961383045972,0.00020030648613872715,0.3906927139250329
2026-01-01 00:27:47,2,26.504995586643535,15.099241419043482,0.00012052705255246614,0.5147314028448808
2026-01-01 00:27:47,3,12.582745761508749,9.818802637814041,0.001534622234049561,0.3207219083861523
2026-01-01 00:27:48,0,17.37415925662417,10.719320387584556,9.524879354924469e-05,0.25020973229578447
2026-01-01 00:27:48,1,34.03106431675072,9.743441181770834,0.0001110471397409487,0.35722230254367754
2026-01-01 00:27:48,2,17.5666872938164,16.79772084154632,0.0007603709821206477,0.46378399419542865
2026-01-01 00:27:48,3,56.239384415267324,13.679061838241484,7.04414724184749e-05,0.41636969954114367
2026-01-01 00:27:49,0,22.522678900684276,10.121916938299758,0.0017236662692544165,0.18480099913328796
2026-01-01 00:27:49,1,41.45860212757257,8.517481138968327,0.00016690491528596955,0.21087016877792092
2026-01-01 00:27:49,2,56.139492398005366,12.812481084486013,6.84149430003229e-05,0.4255760775906245
2026-01-01 00:27:49,3,19.846151324520147,6.873847714165736,0.001365154989812847,0.24663911210468686
2026-01-01 00:27:50,0,55.53314495588539,11.069743298389147,0.00031983344279819454,0.15450486012464004
2026-01-01 00:27:50,1,11.10013373700957,11.138157019110444,0.004432465931797692,0.34274516629136714
2026-01-01 00:27:50,2,32.596237689979965,14.59088341614429,0.0009878234403258902,0.4302852876736887
2026-01-01 00:27:50,3,17.164762101621843,9.898510785469577,0.00012519348644926724,0.1113241726727984
2026-01-01 00:27:51,0,23.63943396291228,11.041910244063766,0.0017457908700272563,0.2510826805146082
2026-01-01 00:27:51,1,27.480473628454767,7.818992209838491,0.0006144802354699546,0.14482928395810088
2026-01-01 00:27:51,2,21.59797080341337,12.8747513428625,0.00036715642529188227,0.23790479035457648
2026-01-01 00:27:51,3,81.37819003346576,15.172171834039796,0.00019859143494689978,0.500834132008433
2026-01-01 00:27:52,0,48.375302733192854,15.880986947684693,0.0008355563405648509,0.23985859503083687
2026-01-01 00:27:52,1,49.70448881022278,16.604428045883388,0.00042435342234955966,0.409276474028862
2026-01-01 00:27:52,2,29.384736196883146,10.646062723356547,0.0015664436751894485,0.25822667501999286
2026-01-01 00:27:52,3,22.365738587093645,11.981215751874963,0.00022007475499689978,0.15796168803526583
2026-01-01 00:27:53,0,53.02228648555911,12.108332214520292,1.9456232495124516e-05,0.2519062279316913
2026-01-01 00:27:53,1,199.2013402859713,9.317681943649964,0.0012579227674253508,0.3394880496421358
2026-01-01 00:27:53,2,25.17019180134195,8.104563720227814,0.001198748891863305,0.17953969201394718
2026-01-01 00:27:53,3,24.844112118027464,10.939169205104147,0.0005258966684299727,0.3093413869783695
2026-01-01 00:27:54,0,26.558694648244547,13.068860416274426,4.8858105909047136e-05,0.2697663670363482
2026-01-01 00:27:54,1,19.37747485737114,9.428782409488354,0.00104541316837076,0.19998706909254552
2026-01-01 00:27:54,2,25.985373442700375,12.141265295185834,0.0013126963860365189,0.16897909256589586
2026-01-01 00:27:54,3,57.57486478978067,11.691389125215588,0.0005650616932833102,0.29831866924146694
2026-01-01 00:27:55,0,17.510702417381772,12.407522725720016,0.00015645191700353102,0.15046079699013531
2026-01-01 00:27:55,1,14.035853867012845,7.682193537972511,0.00010454150929735596,0.22448018523357616
2026-01-01 00:27:55,2,24.79124808618402,14.24689087043335,0.0018566855459544293,0.3400252208245063
2026-01-01 00:27:55,3,24.749539706419274,6.51519809828643,0.0009280340382923037,0.24342824710924688
2026-01-01 00:27:56,0,51.10043148495387,8.229186494561116,0.0009334247844614329,0.23786757916912843
2026-01-01 00:27:56,1,30.472976100523937,13.553066770929721,2.7808109596349952e-05,0.4115790575232473
2026-01-01 00:27:56,2,42.88476998901986,9.86865713407633,6.6552108356598e-05,0.48246027293399296
2026-01-01 00:27:56,3,93.8340005984741,11.959089580387303,0.0008574118397636774,0.39832276392652155
2026-01-01 00:27:57,0,170.3501202170354,12.329321225145272,5.819032627349199e-06,0.4583962657408141
2026-01-01 00:27:57,1,28.27117700163131,8.675785719402795,0.0005953954277549226,0.387278720449856
2026-01-01 00:27:57,2,18.290136159692935,9.205300963962708,0.0002348684143328296,0.15825697176985634
2026-01-01 00:27:57,3,115.41741035762051,15.584488346771664,0.0003084282552753753,0.4209221573126065
2026-01-01 00:27:58,0,18.58726194930355,9.768236277801053,0.001065313923354839,0.3499301700058812
2026-01-01 00:27:58,1,25.018327432509917,12.271605593066772,0.0011763675270921735,0.4358675419619716
2026-01-01 00:27:58,2,16.486111419810157,7.232846701317723,0.00021487022604728192,0.111812884962739
2026-01-01 00:27:58,3,28.826852433432574,25.27204960049652,0.0003978993132383263,0.6884918973795878
2026-01-01 00:27:59,0,26.741721207414635,11.81843572854142,0.00034112983072987337,0.39154344764666105
2026-01-01 00:27:59,1,17.499154145573797,7.592240213749003,0.0004196307060774247,0.1913178533876395
2026-01-01 00:27:59,2,24.47565128294032,14.290664101196356,0.0004191183361037407,0.36394758451263337
2026-01-01 00:27:59,3,39.65289064140007,11.310088014705102,0.00044141346380210565,0.19772754534840511
2026-01-01 00:28:00,0,34.07426660077833,9.206866061291798,0.0007270189213549015,0.0421514480959464
2026-01-01 00:28:00,1,67.79225915583838,11.988440009215243,0.000341365004856305,0.32784053913859007
2026-01-01 00:28:00,2,25.01336098026819,14.205286009362334,0.0014582555897197126,0.3614321780056742
2026-01-01 00:28:00,3,109.95178790340836,10.585938713255084,0.0003407060893697304,0.13612919610916996
2026-01-01 00:28:01,0,55.31392756800452,11.403152646497256,0.00012243231500894686,0.18158385591354564
2026-01-01 00:28:01,1,33.584903834419094,8.401686976163742,0.001158776016134799,0.169952659458628
2026-01-01 00:28:01,2,65.82379684541442,12.801681254994222,0.0014982778298301492,0.3157059117081461
2026-01-01 00:28:01,3,26.00207821727628,12.154089639587422,0.00024683270373850106,0.27516203334661193
2026-01-01 00:28:02,0,13.329837895974354,9.962681679622674,0.0007274837394168121,0.26009388432298386
2026-01-01 00:28:02,1,32.05047952781335,11.625376300464096,0.001146867463214101,0.4545571870333265
2026-01-01 00:28:02,2,19.530114396642936,9.97941481682544,1.4533381857167505e-05,0.3148715613842241
2026-01-01 00:28:02,3,29.767991464885352,19.003390963477035,0.00024846883219049035,0.6738403822749025
2026-01-01 00:28:03,0,25.940489208754983,9.27359416898727,6.277307702725769e-05,0.23541351108610073
2026-01-01 00:28:03,1,37.889679385777974,10.960094272199342,0.0004645497662509803,0.4688808030306263
2026-01-01 00:28:03,2,16.134606055669217,13.44590559412134,0.0011509159640962269,0.33180618995831124
2026-01-01 00:28:03,3,15.384245968655298,10.279463147689022,0.0029242581753423295,0.1837875936602111
2026-01-01 00:28:04,0,20.075268260085934,7.4800660585070435,0.002547527921495621,0.17378580646692307
2026-01-01 00:28:04,1,21.228024865210323,9.945217428651647,7.618638536505483e-05,0.29770417360053103
2026-01-01 00:28:04,2,34.11483681832824,9.357845391452523,0.0013035626639362145,0.1425527804617909
2026-01-01 00:28:04,3,48.5747387249674,10.032263780421854,0.0007926175605587073,0.4488619119225427
2026-01-01 00:28:05,0,105.61929027127053,18.25896962304771,0.0008872346515314554,0.42620348004220976
2026-01-01 00:28:05,1,31.18423815579134,9.912703774668097,0.00017141893394297865,0.15277834480890476
2026-01-01 00:28:05,2,51.86520196886273,9.775974015915411,8.821262129292094e-06,0.39479474727988223
2026-01-01 00:28:05,3,35.54620176962413,12.53637112991805,0.00022477662008519737,0.1935453971978729
2026-01-01 00:28:06,0,34.149801125735515,8.752490600228981,0.0007759096866717715,0.2789614966890611
2026-01-01 00:28:06,1,19.82101335570276,9.020799110631797,0.00039654662658375597,0.1881246946557502
2026-01-01 00:28:06,2,21.525662915666132,11.56708946444063,0.0008422194868507343,0.4184651039619065
2026-01-01 00:28:06,3,50.15527200010618,10.318719787440283,0.0013639411050436233,0.4550542117921639
2026-01-01 00:28:07,0,44.63315638330984,10.08187192654869,0.00023301945855607747,0.23440444364634458
2026-01-01 00:28:07,1,52.00094890440889,10.496129626623178,0.0005047973740553588,0.3432251354790218
2026-01-01 00:28:07,2,18.423990569724538,9.3787157341025,0.00019976019690198208,0.18574533554206776
2026-01-01 00:28:07,3,29.673714277148157,10.293068658737313,0.00019139567868671606,0.21666490621694343
2026-01-01 00:28:08,0,70.62874393504168,10.639018831651882,0.00032114885035941965,0.40905878605706825
2026-01-01 00:28:08,1,59.55965317997024,13.538586835132998,0.0002809337688909747,0.4714577293041763
2026-01-01 00:28:08,2,35.03616525287998,10.128732162397263,0.0014156294704975251,0.2626489566780223
2026-01-01 00:28:08,3,102.85861219173893,10.767026238234005,0.00021009901311872463,0.42766977890346153
2026-01-01 00:28:09,0,40.021448117748356,8.517454822893749,0.00026045625562944296,0.14576381937637303
2026-01-01 00:28:09,1,35.605105479079945,11.566048350321985,0.00012496276813975214,0.127504662905418
2026-01-01 00:28:09,2,36.197138063857125,11.477878048784612,0.000970844941367421,0.39064704564294706
2026-01-01 00:28:09,3,35.39720541600529,10.948234606360451,0.00033608980369373426,0.27494384485259077
2026-01-01 00:28:10,0,18.347123640274486,18.235311740229438,0.00015658875122573547,0.20442637065303831
2026-01-01 00:28:10,1,27.70416922847869,12.704796800432167,0.001123999108654187,0.3343519667384721
2026-01-01 00:28:10,2,9.473680221790241,11.70327703331385,0.0029935719549126407,0.17649801609328858
2026-01-01 00:28:10,3,10.195115000827036,23.72220382373166,0.0002757139266282533,0.6901340416123175
2026-01-01 00:28:11,0,16.25729498793379,10.496025984620895,0.00043987939549590307,0.230260298758452
2026-01-01 00:28:11,1,31.06231133673841,15.570180354755152,0.0006098191237364106,0.26180099724846606
2026-01-01 00:28:11,2,63.87102687421335,11.762496170678569,0.00011488803573294941,0.4776770992687696
2026-01-01 00:28:11,3,46.392243649176606,10.591917308111865,0.00010137828091917408,0.25654638017783227
2026-01-01 00:28:12,0,36.99148242344163,4.963736533193525,0.0001718643055414569,0.030571556706688076
2026-01-01 00:28:12,1,13.105466715153085,8.354083956936943,7.81914027880539e-05,0.2900569255713834
2026-01-01 00:28:12,2,37.31466005287451,12.017400330363255,0.0005267494159519088,0.3145664603493032
2026-01-01 00:28:12,3,42.50542521536191,10.60594793770049,0.00036721072308174425,0.40107755621851504
2026-01-01 00:28:13,0,26.9382447015604,14.728231278928163,0.0021697271530467725,0.030812449445260032
2026-01-01 00:28:13,1,6.955737101877327,12.717464701471531,0.0012331074460785337,0.2547439891626243
2026-01-01 00:28:13,2,83.06339350304155,11.825807797198348,0.0019449892591691539,0.3227869009369696
2026-01-01 00:28:13,3,17.732818256074747,7.7917873187849365,0.0011899941390119042,0.2397469304248626
2026-01-01 00:28:14,0,11.307486031775532,10.177769421537123,0.00022070668513514288,0.02
2026-01-01 00:28:14,1,21.196609443586176,7.38616718741131,0.0014726529527031428,0.14245442924705728
2026-01-01 00:28:14,2,150.78457278655833,12.585983929717314,0.0006739520840700918,0.49775139499824916
2026-01-01 00:28:14,3,29.226292643901004,14.436468618050155,0.00031366575785874156,0.5896913855638585
2026-01-01 00:28:15,0,23.0266609377428,12.091042863891332,0.0007761051607406377,0.23257561490412101
2026-01-01 00:28:15,1,17.606754876061824,6.5903158395719155,0.0004201705245933158,0.19285415493759134
2026-01-01 00:28:15,2,17.44519451768889,5.344538950629433,0.00023856825539442564,0.05473081368396558
2026-01-01 00:28:15,3,24.58669106107258,17.39965218523584,0.0005705693481649781,0.08657880432170563
2026-01-01 00:28:16,0,31.14975385433694,10.402240557549556,0.0005117062903290028,0.2870826718423841
2026-01-01 00:28:16,1,26.67552489829156,8.62257101550152,0.0003805716410541222,0.3712875418059951
2026-01-01 00:28:16,2,16.841101294064213,16.173047924826335,0.0018035027616981854,0.5994371236091922
2026-01-01 00:28:16,3,29.592615965123922,15.023335447261264,0.0006691189776266512,0.15774362825596533
2026-01-01 00:28:17,0,20.19219957622601,10.429207874268291,0.0001427316729634085,0.19389505501769239
2026-01-01 00:28:17,1,31.341115536365304,6.817136075156244,0.002613863987368534,0.12332530442950826
2026-01-01 00:28:17,2,22.589798622895998,11.618006988974049,0.0006678671621908938,0.18837419021439042
2026-01-01 00:28:17,3,14.756758935083035,9.876921845438869,0.000617217038510827,0.3066943792561721
2026-01-01 00:28:18,0,15.305755029391495,10.895583069283713,0.0005518634257796289,0.14831612392497628
2026-01-01 00:28:18,1,13.865149799598504,9.86857523496409,0.0013121381317257096,0.17467845040428495
2026-01-01 00:28:18,2,59.20533563737767,8.56335637862743,0.0002505037664504282,0.14645825708118326
2026-01-01 00:28:18,3,76.39769569167865,13.507129055729818,0.0015147979380678836,0.43883374449651985
2026-01-01 00:28:19,0,7.615176188955628,10.30080314971848,0.001887974073242242,0.06576950943435626
2026-01-01 00:28:19,1,40.53192371907588,12.980149631160767,0.0024484743480309916,0.13955355553093485
2026-01-01 00:28:19,2,33.70321377781892,8.634189672104496,4.835768819217882e-05,0.2674019438729089
2026-01-01 00:28:19,3,16.753909877338554,10.788365453201916,0.00019246098386959827,0.17970110485418067
2026-01-01 00:28:20,0,10.300741030284826,8.45745436633424,5.297129931817536e-05,0.045136077317666376
2026-01-01 00:28:20,1,27.98547814952016,12.352779233784018,0.00025465836213038015,0.5184812906214734
2026-01-01 00:28:20,2,12.726017992329547,7.632906272662191,0.0024982519091923104,0.139910677737151
2026-01-01 00:28:20,3,83.01980877542888,18.985278325595825,0.0012230933221148935,0.5271499652691849
2026-01-01 00:28:21,0,31.51434825376587,7.821489054015645,0.0016259449373788272,0.02
2026-01-01 00:28:21,1,136.13521100378364,8.655811397328078,3.3550591825267486e-05,0.2943017505062507
2026-01-01 00:28:21,2,9.027604551826466,9.714743158141706,0.0003096996492184326,0.04114714421017878
2026-01-01 00:28:21,3,74.7595039297439,9.747438310394239,0.0004027299760362066,0.18732421229907922
2026-01-01 00:28:22,0,13.909006972458174,10.935884434784187,0.00035256524811895897,0.22982747948060864
2026-01-01 00:28:22,1,12.14906456902732,13.244290599684104,9.045852230294221e-06,0.22487222662139783
2026-01-01 00:28:22,2,17.807879164159726,10.330446778691615,0.0002531224619147376,0.2594025984624378
2026-01-01 00:28:22,3,44.025433654625516,8.984898173121458,0.0006832609244819602,0.38676782834137863
2026-01-01 00:28:23,0,11.024832837027448,10.554705473031136,0.00015150167890652083,0.2635297292898962
2026-01-01 00:28:23,1,15.206101001081874,7.917767688256977,0.00013539965609126283,0.2879058073060039
2026-01-01 00:28:23,2,33.20673375688982,11.801668996687003,0.0002482786892339552,0.30590545385422574
2026-01-01 00:28:23,3,24.736743954044215,12.51343326970822,0.0012299264018147855,0.32917219335492237
2026-01-01 00:28:24,0,19.459761606415576,10.60812618952166,0.0006301927468333124,0.07179746890941745
2026-01-01 00:28:24,1,16.874222845680144,14.30233666036226,0.00045553810208313623,0.5710946411518084
2026-01-01 00:28:24,2,30.84453122016584,10.16291457069185,0.0016508721413726712,0.23358491093163203
2026-01-01 00:28:24,3,21.54675313157628,11.60540390959569,0.0009451606587953915,0.383552033887949
2026-01-01 00:28:25,0,44.074867124879084,11.418653507193447,0.0006187763791438187,0.2247628184430579
2026-01-01 00:28:25,1,25.39650516406668,10.49591018223541,0.0005723133138212872,0.16577112972435784
2026-01-01 00:28:25,2,22.018243595814567,16.21896888670249,0.0005450447839461667,0.2053165533219459
2026-01-01 00:28:25,3,166.10336906130027,10.718451259755916,0.0007086609569021792,0.41050233265956376
2026-01-01 00:28:26,0,11.105147183957516,7.9025030325385845,0.0012301542155613518,0.2179838115373509
2026-01-01 00:28:26,1,31.71902376310174,13.068538766094907,0.000653622595884628,0.37770350766342586
2026-01-01 00:28:26,2,18.004329167599117,9.261092515073058,0.0002972647749467482,0.2564253315289663
2026-01-01 00:28:26,3,37.01059195982426,13.120946834877962,0.00010683179936653578,0.15720034051588527
2026-01-01 00:28:27,0,26.482346151535474,10.637456410539187,0.001485394062305118,0.49704328731933656
2026-01-01 00:28:27,1,134.24634201145554,11.52615411567082,0.000680999401017494,0.32683887132511097
2026-01-01 00:28:27,2,32.4899417526026,12.897392999841765,0.0013545723493848974,0.3822110468339951
2026-01-01 00:28:27,3,24.372856856022263,20.351957228452395,0.0021977184629996486,0.46351784075523544
2026-01-01 00:28:28,0,193.0028341735178,9.439365272795875,0.0005879728846955382,0.262627051121031
2026-01-01 00:28:28,1,34.91380377809241,13.05209958435821,0.0008647154556931716,0.3606513854151747
2026-01-01 00:28:28,2,143.67686184250576,14.810607064522362,0.0007528029594070319,0.3591474241471143
2026-01-01 00:28:28,3,22.054142775100903,11.906027257951934,0.0012017562910987406,0.16691524104928265
2026-01-01 00:28:29,0,31.344102358230863,16.272861583673155,2.1453311844467356e-05,0.5284199404688675
2026-01-01 00:28:29,1,107.39544620826103,7.28352448356348,0.00016771797459716643,0.18080755634914725
2026-01-01 00:28:29,2,77.3228597905353,17.288466361534127,0.0011580658192445667,0.3533351438203739
2026-01-01 00:28:29,3,105.15026483004252,11.705614201588814,0.0005577720848077026,0.45712185365202
2026-01-01 00:28:30,0,34.53070977279066,7.515806375815835,0.00189537010233933,0.1990419065300097
2026-01-01 00:28:30,1,36.072638393889115,11.558670443352295,0.0014495941415089112,0.2525847442165971
2026-01-01 00:28:30,2,42.150896515544964,9.462779350493058,0.0014563374459543197,0.22008077531409587
2026-01-01 00:28:30,3,17.185990678703632,8.93165975004472,1.6299945325502526e-05,0.22280085954658294
2026-01-01 00:28:31,0,81.05529546050018,11.856707026270662,2.0418771001035263e-06,0.37830896826627963
2026-01-01 00:28:31,1,73.40300151881763,7.077898387718705,0.00019113908897080704,0.34600803797992197
2026-01-01 00:28:31,2,70.70102089231341,13.342529421325171,0.001200653163611279,0.44805518879317874
2026-01-01 00:28:31,3,26.011319434002292,12.71417865907106,0.00027472490336494443,0.5136565348962983
2026-01-01 00:28:32,0,66.46666294874731,8.853459551455028,0.0007682174319887095,0.18704654134197574
2026-01-01 00:28:32,1,52.027846933952816,10.189830219395082,0.000852398252054823,0.14884419676085953
2026-01-01 00:28:32,2,14.01919615523492,17.547996159408953,4.9469191115983685e-05,0.27186338978800045
2026-01-01 00:28:32,3,61.14106200605534,12.423494564258377,0.0009687927261636782,0.6004460693357221
2026-01-01 00:28:33,0,36.37739814052895,12.76501323554201,0.00025235136611100994,0.1380922304943701
2026-01-01 00:28:33,1,26.308704297089577,9.299086257939848,0.0007616323357279121,0.29627494491221307
2026-01-01 00:28:33,2,44.25189119408479,8.179876443937971,0.000328381012995824,0.16750209763220916
2026-01-01 00:28:33,3,35.091908742455196,11.738630230865343,0.0005910892273455453,0.46087578846924504
2026-01-01 00:28:34,0,14.676717419626316,8.279911202193968,0.0009465702316304406,0.14864260304022975
2026-01-01 00:28:34,1,8.403669788142128,11.10670753041915,0.0007587375016239162,0.15499550497148942
2026-01-01 00:28:34,2,33.39698549812884,14.070650872953946,0.0005645744322288645,0.1812147513431757
2026-01-01 00:28:34,3,27.36538804063652,16.10402403804724,0.00023620308998443395,0.46596809749646556
2026-01-01 00:28:35,0,42.372538788089166,7.419154909001101,0.00017177378146375033,0.33890209217395734
2026-01-01 00:28:35,1,11.71213863583033,9.884017626585884,0.0011956166141081056,0.41136018753493564
2026-01-01 00:28:35,2,23.641997826456716,8.010386992675329,5.736470246522249e-05,0.26018872571364576
2026-01-01 00:28:35,3,45.548387615276525,9.491699732184392,0.0001528411506761075,0.3247645397864048
2026-01-01 00:28:36,0,22.931583518882153,21.458390127368443,0.00016289267653379278,0.2970906478774301
2026-01-01 00:28:36,1,87.48705521520529,10.53104507269299,0.0004281636190721545,0.4219470621840442
2026-01-01 00:28:36,2,31.702656493705618,16.507633015413514,0.00020439248942910861,0.5152386255280794
2026-01-01 00:28:36,3,35.41034728540052,14.901252688514747,9.975682614577524e-05,0.4233549824082652
2026-01-01 00:28:37,0,33.054999982303514,14.142349623250507,0.00030975375908604946,0.37579217629922607
2026-01-01 00:28:37,1,17.34561944813442,6.769629394699829,0.002222403363110337,0.16177284527461844
2026-01-01 00:28:37,2,15.30768097367504,10.297778738489242,0.0005337409594277317,0.41048007032426254
2026-01-01 00:28:37,3,5.70580852813613,9.280295789861425,0.0019392849750336858,0.19370559445712626
2026-01-01 00:28:38,0,88.36919583417652,13.311163545864465,0.00040807372380221576,0.22414950455539764
2026-01-01 00:28:38,1,43.417061786023055,10.544796070719748,0.0013397536918182637,0.23846364011042556
2026-01-01 00:28:38,2,103.72932239909973,14.640082852843792,0.0006801067848892145,0.5469201463730423
2026-01-01 00:28:38,3,20.56008926698687,14.210190478475988,0.0011184184087679387,0.31582605948006726
2026-01-01 00:28:39,0,24.365424172409483,10.232198674353345,0.0013302958684657533,0.27727286130967577
2026-01-01 00:28:39,1,53.34126255004318,12.655880114914321,0.0004006699232958691,0.44950063218931546
2026-01-01 00:28:39,2,20.769461878932233,8.21216476514185,0.00028488185352827677,0.2149981353558546
2026-01-01 00:28:39,3,25.63977133856012,11.077598563815599,0.0004793442095644442,0.2736385246744547
2026-01-01 00:28:40,0,11.481031843449745,7.59735659112748,0.0009076206259028428,0.24635327313146957
2026-01-01 00:28:40,1,65.76741736865876,11.206204412246516,0.0007091965884649269,0.34184590946787313
2026-01-01 00:28:40,2,19.462143135310846,7.223491100674892,0.0007069107885843006,0.1089262098059228
2026-01-01 00:28:40,3,16.142819477576065,13.140613372162417,0.0006502957743653226,0.5452682048866195
2026-01-01 00:28:41,0,46.77111637857712,10.883629770686964,0.0007586014692180682,0.3859920553415498
2026-01-01 00:28:41,1,35.460642096321465,12.47759881859003,0.00016802936139213433,0.4126853932371809
2026-01-01 00:28:41,2,81.63047491992272,8.975652431046667,8.561185123996887e-05,0.49371624660536756
2026-01-01 00:28:41,3,39.4628844904281,9.814759901964514,0.0010410674787090439,0.20762930579729194
2026-01-01 00:28:42,0,15.970679082056527,18.186463869182653,0.00036441504820765384,0.13407241539005435
2026-01-01 00:28:42,1,50.17295469851041,9.089778703175156,0.0008804537888628433,0.21961847247162553
2026-01-01 00:28:42,2,23.18673877980722,14.501736886230539,0.0001817936815755925,0.25649081740164864
2026-01-01 00:28:42,3,44.830951822684256,12.744050939277436,0.00016061270395250723,0.2100388287002208
2026-01-01 00:28:43,0,64.0948979332719,11.42585621076609,0.0007805114147351816,0.2500956253144516
2026-01-01 00:28:43,1,21.876153805812397,11.265523526854995,0.0007998386807252461,0.3852573385655683
2026-01-01 00:28:43,2,23.269141561411757,16.460226493413025,9.788780930175963e-05,0.5028899090089946
2026-01-01 00:28:43,3,48.87223552476151,12.837497319103665,0.00031242143543343004,0.30109264689792853
2026-01-01 00:28:44,0,21.373784341354376,11.7008067289083,0.0004093369879445548,0.16049349779388963
2026-01-01 00:28:44,1,21.197760194249042,9.593902201921434,0.00011966993580785217,0.3676402959929505
2026-01-01 00:28:44,2,29.88738583430339,7.647061244241759,0.00038225923843117566,0.2972562982234297
2026-01-01 00:28:44,3,13.712485692081076,14.033407301795817,0.0008668295772960166,0.32168734651814707
2026-01-01 00:28:45,0,14.784395177226346,11.463870509631313,0.0004188363827613532,0.40976797915789975
2026-01-01 00:28:45,1,13.852030715806626,10.732062318794233,0.0011514883301530297,0.037273061162762085
2026-01-01 00:28:45,2,11.038853507095743,12.034754162397574,0.0004928917365395753,0.14374328152634505
2026-01-01 00:28:45,3,12.491376630962444,10.423529766254935,0.0009740472255596369,0.40561062429121997
2026-01-01 00:28:46,0,55.499315313689436,11.938403654417314,0.00035708716310686907,0.07357069651904419
2026-01-01 00:28:46,1,19.47422137491055,7.359958279562874,0.000334701686965162,0.20330670953262886
2026-01-01 00:28:46,2,46.095197979823226,13.337853685118143,6.378742173326497e-06,0.3068584091987118
2026-01-01 00:28:46,3,21.17424512547161,16.94423673270792,0.00034198378799916903,0.6044794076783346
2026-01-01 00:28:47,0,104.15873654954784,14.406563830085682,0.00024284398688013902,0.4648900804820145
2026-01-01 00:28:47,1,6.515856232337501,7.659252657889487,0.0032941023937454504,0.22214745629684451
2026-01-01 00:28:47,2,51.389102974453465,9.582801946189235,0.0008689868586837158,0.30116622842748064
2026-01-01 00:28:47,3,134.37062231156708,10.531651349677972,1.3977953751336756e-05,0.3385997377569768
2026-01-01 00:28:48,0,33.58617968683563,9.5360423436549,0.0009238678846868652,0.07029913177672387
2026-01-01 00:28:48,1,43.97030428583295,13.99196584576726,6.317930084891507e-05,0.3771428995500907
2026-01-01 00:28:48,2,25.140486873489017,16.479698091464737,0.0002656848812025915,0.2743354584300503
2026-01-01 00:28:48,3,12.544415522631509,10.956446158387413,0.0004434608844706115,0.18483845074721117
2026-01-01 00:28:49,0,120.75451572318941,8.727016118808193,2.1174448180628383e-05,0.3342796257982788
2026-01-01 00:28:49,1,41.40100181852303,12.137139588576659,0.0007665570398522323,0.43505325203703904
2026-01-01 00:28:49,2,15.900781401499467,11.164879979090927,0.0003743096210206004,0.22997674157744147
2026-01-01 00:28:49,3,35.87244932057406,12.338738003824169,0.00012355372639438124,0.44022509828075795
2026-01-01 00:28:50,0,12.127565339688593,6.968334988763642,0.0006956727213089319,0.08568068063113765
2026-01-01 00:28:50,1,58.67969054738305,11.122390566949054,8.480052008872227e-05,0.4111198194074288
2026-01-01 00:28:50,2,40.40783397892494,18.096809165437794,0.00043919454716590445,0.5715716926939228
2026-01-01 00:28:50,3,30.93330324196962,7.857029708458932,0.00020469084984437057,0.1389455802172832
2026-01-01 00:28:51,0,22.361119079856802,8.549453621240266,0.0005126026851656547,0.2713523490278614
2026-01-01 00:28:51,1,15.929061048271464,11.424357321734371,0.0021012420759152915,0.28526671041050145
2026-01-01 00:28:51,2,36.05491890703769,10.042289040065185,0.0018534238178121944,0.07664859849337272
2026-01-01 00:28:51,3,45.43963471784964,9.266513788591457,0.001416174633863442,0.4070439616266477
2026-01-01 00:28:52,0,42.78609712658304,13.534312836332345,0.0017456538576467438,0.16311438089551203
2026-01-01 00:28:52,1,22.72662684131292,6.764955827107967,0.00012218805363901181,0.1649126954511176
2026-01-01 00:28:52,2,10.955508515348296,13.854052129265751,0.0004893277692230303,0.3954928148600643
2026-01-01 00:28:52,3,64.03945459894173,11.783225554907785,2.0546219679069785e-05,0.4078754759118014
2026-01-01 00:28:53,0,15.486124601456789,12.214053774556161,0.001181299638103727,0.4793199679165087
2026-01-01 00:28:53,1,27.97040239145577,9.199846983478798,0.0008717439249138564,0.3168406470457928
2026-01-01 00:28:53,2,47.131417650690885,15.189138326733492,0.0012558983954985819,0.5758658835059252
2026-01-01 00:28:53,3,121.35437300563282,11.374691403099565,0.0007654455997837268,0.4397133365782291
2026-01-01 00:28:54,0,14.802388759411576,7.471543455562805,0.0012339763489919986,0.23566095047647462
2026-01-01 00:28:54,1,35.429780957333485,7.477179335470181,0.000304275526733502,0.32883341193903487
2026-01-01 00:28:54,2,13.078385584881477,8.014413818930514,0.0005350387499456745,0.19204626180500678
2026-01-01 00:28:54,3,39.652235074938375,13.06951589381779,0.0014550804452485178,0.549279852769772
2026-01-01 00:28:55,0,59.78830896305895,12.200801246751363,0.0010739032122316886,0.3912367337821683
2026-01-01 00:28:55,1,23.489251180385615,8.641684964197012,6.703994003681729e-05,0.3379321713881083
2026-01-01 00:28:55,2,29.363273798203778,8.863604128245752,0.00020834924374559975,0.23658456109213122
2026-01-01 00:28:55,3,68.94480633005064,11.461841854023662,0.0006484239888830645,0.5181589885415993
2026-01-01 00:28:56,0,22.171102432851164,7.7959655030005,0.0010644657107643947,0.07785821633081781
2026-01-01 00:28:56,1,77.8168978752861,12.049532564531521,0.0022573063192134427,0.35160620933136905
2026-01-01 00:28:56,2,74.01594330531043,13.862148774858333,5.026068588978736e-05,0.3440093962765601
2026-01-01 00:28:56,3,64.6780942893737,16.939946868812996,0.0008125976293971365,0.47947519381435
2026-01-01 00:28:57,0,79.87060526727281,10.504655424962392,0.00333719764494805,0.30234046664061437
2026-01-01 00:28:57,1,42.80088806034698,14.470437303340265,0.0004925918004803607,0.22968199605868603
2026-01-01 00:28:57,2,14.140239875255261,7.88328207546265,0.0014217588521063197,0.09429976162615347
2026-01-01 00:28:57,3,7.622959804207657,13.537302950431707,0.0013398965361275201,0.3778573216118486
2026-01-01 00:28:58,0,52.83640688838245,10.183458585059636,0.0010035427119272809,0.28086158995134697
2026-01-01 00:28:58,1,35.852719509225565,10.848232571795233,0.0009717283777983509,0.3687344716567023
2026-01-01 00:28:58,2,83.75791402600822,11.687561472666516,0.0012711056751729922,0.26772922158617773
2026-01-01 00:28:58,3,85.8124473121633,15.162084122288604,0.002963359490475983,0.5473832020288639
2026-01-01 00:28:59,0,83.0431501687477,9.943249092649875,0.00012668461545565414,0.2520650820184221
2026-01-01 00:28:59,1,32.99607674112992,15.694867511136076,0.0010902628310354614,0.5171975299097299
2026-01-01 00:28:59,2,56.05148959419543,12.356646097167573,1.9633530425332766e-05,0.5022633975829179
2026-01-01 00:28:59,3,24.365076243953798,13.25864410436798,3.531624644187329e-05,0.4549176149569536
2026-01-01 00:29:00,0,20.24837241827509,9.697264958386285,0.0008769534380086752,0.20457187643207803
2026-01-01 00:29:00,1,28.009251032051452,9.343061299050564,0.0013345043512780468,0.2995133516704377
2026-01-01 00:29:00,2,37.50233887572794,12.052700532043708,3.1532882950324112e-06,0.3290615236807295
2026-01-01 00:29:00,3,71.61648117698938,8.116377057809693,0.000495032674246085,0.13639553267431265
2026-01-01 00:29:01,0,20.552642190519546,13.595465573296059,5.044049016467963e-05,0.42144230384072373
2026-01-01 00:29:01,1,60.22332375668518,14.671751799261672,0.0005499194582272196,0.32973130785718824
2026-01-01 00:29:01,2,128.1092997745911,12.551244282617533,3.398246995545219e-05,0.4937171473739857
2026-01-01 00:29:01,3,45.76803487293527,9.880317086663789,0.0002116224806841284,0.3365902075968199
2026-01-01 00:29:02,0,45.10308038292044,11.357895564112312,0.0038840962042964843,0.45700917152089093
2026-01-01 00:29:02,1,42.09174557671181,10.47240831990542,0.0002907863748632314,0.16005491324558838
2026-01-01 00:29:02,2,35.33476135415893,9.038474875342256,9.655970629217925e-05,0.2154433436088849
2026-01-01 00:29:02,3,54.99434528813703,9.635050903233187,0.0005723031460093024,0.2621355140049076
2026-01-01 00:29:03,0,21.257564653602532,11.00440776248138,0.0012498025358289224,0.2392803431628719
2026-01-01 00:29:03,1,21.4148385667543,13.593242575411253,0.0005429128657892473,0.48484049053082606
2026-01-01 00:29:03,2,82.20213149286533,22.12178930873836,0.00039472361380624323,0.7130319806530414
2026-01-01 00:29:03,3,25.59480077736059,8.900851492555782,0.0002821878039857612,0.24241096393127118
2026-01-01 00:29:04,0,174.4125206138842,13.177511886137188,0.0007360292972474488,0.3522487539067744
2026-01-01 00:29:04,1,66.35709843721777,7.498287569337664,0.0014375450886586279,0.3074768482970553
2026-01-01 00:29:04,2,19.683433677051006,9.26307525154037,0.0012414712914207864,0.2756561920707454
2026-01-01 00:29:04,3,50.210164203129025,11.025019793366104,4.990160795169318e-05,0.3483094547475647
2026-01-01 00:29:05,0,29.097523511962244,11.719698750272729,0.000620438931279068,0.43339283173888954
2026-01-01 00:29:05,1,34.67208652323135,14.382872191761273,0.00030409177200942545,0.3972676010946466
2026-01-01 00:29:05,2,26.155772410434945,20.268048111537244,0.0037704844994981266,0.3776042060362352
2026-01-01 00:29:05,3,46.862018452475944,15.720458346280825,0.001521039180273862,0.523767500095461
2026-01-01 00:29:06,0,10.502600519068128,11.389587953859298,0.0007557120570766426,0.02589520394216122
2026-01-01 00:29:06,1,13.581955689599074,5.410485081665065,0.0005322876700886074,0.21308945926348624
2026-01-01 00:29:06,2,13.888121753165263,11.674348360871313,3.789953386043241e-06,0.4215734166867961
2026-01-01 00:29:06,3,52.73750133668091,13.26541162910718,0.001657705291473951,0.45086686106222584
2026-01-01 00:29:07,0,26.722196495279388,13.547482593236918,0.00216788461621495,0.22681691445845392
2026-01-01 00:29:07,1,5.0,11.00322996791748,0.0003078348475186993,0.15840495806781477
2026-01-01 00:29:07,2,31.80586521585224,12.30259058303957,0.0033838520609358654,0.48389806643946426
2026-01-01 00:29:07,3,118.40444078711923,14.840799078709876,0.0013023157018111052,0.5481218062940028
2026-01-01 00:29:08,0,52.94528639956902,8.781972125390574,0.00022514828184004343,0.26906176125606557
2026-01-01 00:29:08,1,20.70776593347132,8.11178435298392,0.0002653333897950169,0.22816925473838703
2026-01-01 00:29:08,2,39.421167028771535,12.38145886207554,0.0006615572609572758,0.3685957901845986
2026-01-01 00:29:08,3,116.78701290771446,16.291453137925302,0.0010413870159269225,0.5381615740642536
2026-01-01 00:29:09,0,11.58948172914898,7.343400285209909,0.0008561455218181024,0.1964503869957549
2026-01-01 00:29:09,1,13.654087989003404,10.221962557807025,0.0006129870766068158,0.06456785011946747
2026-01-01 00:29:09,2,24.804472661854966,10.130517805058737,0.002308977415433055,0.28312899471989134
2026-01-01 00:29:09,3,40.85717592858837,12.83091592755684,5.063447744823655e-05,0.2510425938839804
2026-01-01 00:29:10,0,7.973525809452354,7.3296739883104625,0.0008964693044497796,0.22284695274788094
2026-01-01 00:29:10,1,27.867274131874815,8.80655918466307,0.0010581632173917055,0.2792712079939376
2026-01-01 00:29:10,2,72.77695640496599,14.234654816999697,0.0022818136461400513,0.2945947731492463
2026-01-01 00:29:10,3,130.13103894277327,10.463058541560589,0.000497560740686871,0.3879077932949078
2026-01-01 00:29:11,0,47.13337795766484,10.202293837005103,0.0005488258141520748,0.37553447269572054
2026-01-01 00:29:11,1,11.328794816610385,11.499149117535637,0.0011446397585953057,0.3250314490154146
2026-01-01 00:29:11,2,27.237352860257705,9.922924545978459,0.00122491335849459,0.24900710302448398
2026-01-01 00:29:11,3,94.22279009481436,9.977399864695652,0.0011040563728094601,0.35054468300598396
2026-01-01 00:29:12,0,19.17379279329012,9.014052598284696,0.0029343608828921045,0.29738208150125833
2026-01-01 00:29:12,1,11.453905306884053,17.093182686984576,9.303710412478167e-05,0.24779998295598515
2026-01-01 00:29:12,2,44.522985794711836,13.33341462452918,0.0006436601932981638,0.43007263054643874
2026-01-01 00:29:12,3,18.53228915754082,17.600575212054363,0.0004910948973157513,0.49285584687345646
2026-01-01 00:29:13,0,37.34897562892386,10.763754953575006,0.00043194999137811,0.13434814213647925
2026-01-01 00:29:13,1,20.073852045545447,11.357933136253852,0.00010005709663030418,0.053473797833600754
2026-01-01 00:29:13,2,42.34934751228941,13.968411767034018,0.0025104074524072437,0.5562342552932366
2026-01-01 00:29:13,3,55.48752958976967,11.984498686019847,0.0011108458194608935,0.32835052157926925
2026-01-01 00:29:14,0,60.746134953502114,8.516019693597226,0.000673031493799808,0.07122801402002546
2026-01-01 00:29:14,1,28.581331632647856,9.539007889314325,8.539040191605405e-05,0.22589618351044766
2026-01-01 00:29:14,2,12.50608203180053,11.557525035786757,0.0007465178436499368,0.16628365553914431
2026-01-01 00:29:14,3,44.28880722346375,12.989007110820546,1.5894891437612418e-05,0.49331572586085565
2026-01-01 00:29:15,0,31.779450890450914,13.29700611488415,0.00012446902206746078,0.17126833950090495
2026-01-01 00:29:15,1,87.87767775667538,18.31967918585676,1.4452265966071588e-05,0.5935983854426442
2026-01-01 00:29:15,2,50.39877915705291,12.21357845837083,0.0025294256006348245,0.35606779921301185
2026-01-01 00:29:15,3,26.384960553189995,7.741749473377956,4.585484265153263e-05,0.28067642266727183
2026-01-01 00:29:16,0,90.36996498248548,11.472987855289984,0.001099701704474669,0.42282621695339556
2026-01-01 00:29:16,1,14.037501612401613,11.371886226294802,0.001550796919778774,0.37813815343013857
2026-01-01 00:29:16,2,77.85896769696001,15.17409551276431,0.0015895278302951689,0.454713968850404
2026-01-01 00:29:16,3,68.32489439753954,15.004139038462672,0.0013426471025001674,0.5435598984592402
2026-01-01 00:29:17,0,20.842578556935802,4.805038349374261,0.0003947885917056836,0.1100183991674741
2026-01-01 00:29:17,1,27.038712163663376,6.957750531225957,0.0005989025390339553,0.1896534934127197
2026-01-01 00:29:17,2,37.54720481175218,13.12687184529697,0.00046725069982286795,0.4968897549948256
2026-01-01 00:29:17,3,28.944411467455318,9.955124822741933,0.0012604693840951957,0.16389706227547501
2026-01-01 00:29:18,0,36.82823286902113,12.05885652479982,8.796289102502244e-06,0.3954878649695554
2026-01-01 00:29:18,1,31.292404411570384,8.487313869417717,0.0003503507895276439,0.09577171696228742
2026-01-01 00:29:18,2,13.897752808176536,8.991152968935392,3.668795219964962e-05,0.1695041761850247
2026-01-01 00:29:18,3,30.269335592928453,11.172010868667709,0.00045436595910439945,0.31814176167694924
2026-01-01 00:29:19,0,79.07747287729774,14.491954948176154,0.00019028746622299535,0.4600095374785656
2026-01-01 00:29:19,1,82.37228037460662,8.499721704147268,6.839883972278238e-05,0.32303822139577865
2026-01-01 00:29:19,2,51.79793912857058,16.6817835282408,0.0007756980402646507,0.37484887846158443
2026-01-01 00:29:19,3,103.4918292763911,14.148105087877564,0.0004323618285699268,0.4545508944158634
2026-01-01 00:29:20,0,10.527357950066401,14.465083420135185,0.0006914904527266866,0.160831986065103
2026-01-01 00:29:20,1,89.28573214657938,7.790353504823833,0.000911905784848052,0.19809049564824158
2026-01-01 00:29:20,2,52.07979084837693,9.021793894812605,8.92636732663956e-05,0.4217598352432664
2026-01-01 00:29:20,3,17.154670419700196,16.924126957904306,0.00139335721013311,0.46776868913229647
2026-01-01 00:29:21,0,23.63050031415556,11.182440004976575,0.0006899032143281386,0.08187512235780003
2026-01-01 00:29:21,1,33.39921036972705,17.25423631838659,0.00017512551587137157,0.06972020267886114
2026-01-01 00:29:21,2,37.33532960384968,9.590822999717727,4.0210453689426674e-05,0.3154181088523577
2026-01-01 00:29:21,3,17.566097837171572,10.791217621640712,8.921051209534015e-05,0.06012764006624915
2026-01-01 00:29:22,0,32.81076452715475,12.038906636120837,6.564893116112744e-05,0.23273468873994013
2026-01-01 00:29:22,1,62.512954816153524,15.889689638432653,0.0012117582936685342,0.5490679861545453
2026-01-01 00:29:22,2,38.79792606043102,12.914152839734218,3.165189903655189e-05,0.548228758236564
2026-01-01 00:29:22,3,68.79976387246326,12.638015588257577,0.0003272639904912575,0.3932154016689136
2026-01-01 00:29:23,0,8.84436951683444,14.121150759307593,4.370072186899336e-05,0.24366194084634968
2026-01-01 00:29:23,1,31.69581374157342,6.609907385637874,0.0005456851035208135,0.18774344034373744
2026-01-01 00:29:23,2,39.098431659596294,11.099372382475819,0.0004892152415314021,0.46389174220069873
2026-01-01 00:29:23,3,25.37898477457651,7.1190493364990735,0.0001661811617431388,0.10033120534030282
2026-01-01 00:29:24,0,42.28147915183473,10.211725473700428,0.0007337456828161581,0.24342196998165386
2026-01-01 00:29:24,1,34.01420563819683,11.53981666063825,0.00206175987193682,0.44593451142834756
2026-01-01 00:29:24,2,45.97471849836383,12.744892245395363,0.0027135052640848353,0.3479041169156396
2026-01-01 00:29:24,3,20.974932375874403,12.119149578824207,0.0007222687029188599,0.11183439095390513
2026-01-01 00:29:25,0,33.553600154872555,13.899559810623044,0.000424718597827121,0.3035839755397992
2026-01-01 00:29:25,1,43.26507595305911,12.69813524669129,0.0003064529035789021,0.40996503182187605
2026-01-01 00:29:25,2,24.360946288224138,10.493141073765234,0.0018328761534501755,0.40488476414692537
2026-01-01 00:29:25,3,38.893676419729395,7.694976518008424,6.045451806113116e-05,0.08739099958896446
2026-01-01 00:29:26,0,32.018329959904236,11.366234007882312,0.0005636311107229386,0.07230854328445446
2026-01-01 00:29:26,1,94.96651195938298,9.049946954218996,0.0002475323220215297,0.1866177353025424
2026-01-01 00:29:26,2,25.826847613799398,13.859100204707289,0.00022047534878108928,0.3405474739258749
2026-01-01 00:29:26,3,108.92967119048001,15.431418868318906,0.0002544802608175485,0.49775825614453395
2026-01-01 00:29:27,0,21.919623159883248,11.179750371700338,0.0008703667544460331,0.2671915548176711
2026-01-01 00:29:27,1,20.024534282500035,12.826036952298836,0.000510186482370809,0.2833896440926409
2026-01-01 00:29:27,2,46.74707962366998,8.339890802789856,0.0021082757058044107,0.18510724515763546
2026-01-01 00:29:27,3,45.8235160551656,8.81750103955954,0.0006263878541156367,0.12898947307648517
2026-01-01 00:29:28,0,7.976613991764654,8.08108172157354,0.0029667948103654874,0.15894887261977322
2026-01-01 00:29:28,1,26.844858697192368,10.54672225843956,0.0006234846483029186,0.17728339337641136
2026-01-01 00:29:28,2,18.47385242607735,11.03830441336773,0.00029002722791323884,0.24757015622603204
2026-01-01 00:29:28,3,58.30984340296868,13.293339723110954,0.0005094820420488292,0.11664115275108058
2026-01-01 00:29:29,0,20.64530213692818,7.48171638376615,0.0019269547490983452,0.2490512595065286
2026-01-01 00:29:29,1,8.46314392727074,8.874526932106047,0.0010664040301318766,0.09055821668373631
2026-01-01 00:29:29,2,27.198624531480505,8.039712351134783,0.0005220977179312817,0.11523742411482979
2026-01-01 00:29:29,3,97.22381845769262,14.469867186437051,0.001416108566458717,0.5440117385819201
2026-01-01 00:29:30,0,33.76371861074799,14.811985581769504,2.060314963955814e-05,0.4221681430317584
2026-01-01 00:29:30,1,10.2742827585376,16.226146705899836,0.00026018658347623643,0.5367982022637933
2026-01-01 00:29:30,2,70.44109931841373,9.676943187233986,0.00021051160117086285,0.18987247729314263
2026-01-01 00:29:30,3,15.487968663448436,10.442861363576004,0.0005952477340497787,0.22642865570512713
2026-01-01 00:29:31,0,35.70729774909809,8.417219333656007,0.00017528592900582966,0.12911365028689054
2026-01-01 00:29:31,1,72.73407043559953,8.550815538976542,0.0010705633244826925,0.24139912809992803
2026-01-01 00:29:31,2,32.47571937423944,7.7110799658902325,0.00015258472865923393,0.14998626291334963
2026-01-01 00:29:31,3,31.014474496738853,10.974403254714042,0.0001614598906250843,0.3549377755011132
2026-01-01 00:29:32,0,25.741734904590444,12.008337146429449,0.0011662493665793462,0.4880835277599112
2026-01-01 00:29:32,1,7.140332543355244,12.237273719690414,0.0011035319770442244,0.14300356372285683
2026-01-01 00:29:32,2,8.0335237621125,10.07127892965006,0.00013724375325631515,0.20848419061738666
2026-01-01 00:29:32,3,151.89994823804258,18.32174047721325,0.0020750697578781306,0.26545193737398176
2026-01-01 00:29:33,0,34.5320641881235,9.99008748244389,0.0003384960857416093,0.13839885740589294
2026-01-01 00:29:33,1,19.422032934839844,8.90462396173168,0.0003226460513655577,0.5061444577145038
2026-01-01 00:29:33,2,55.40070802179804,16.0573261921591,0.00029620198284502125,0.43586916631900857
2026-01-01 00:29:33,3,76.55806926107907,9.733526916515924,0.0006646160543912817,0.31202001079902975
2026-01-01 00:29:34,0,15.874438688418586,10.034064998192367,0.0006882985112006493,0.10879591088113147
2026-01-01 00:29:34,1,36.870810439750386,9.214063815564991,0.0008350268269370653,0.19385620850648178
2026-01-01 00:29:34,2,53.104795051600775,11.328015783944382,0.0005552668046092819,0.45825153973552446
2026-01-01 00:29:34,3,18.643653483942728,9.664099722210942,0.0016593531409967175,0.09233813663433778
2026-01-01 00:29:35,0,39.78762422456337,4.684529117633307,0.0018121938787820245,0.14422678524255578
2026-01-01 00:29:35,1,14.70102230117473,11.579546825936692,0.0007591744539347787,0.2995109303917263
2026-01-01 00:29:35,2,38.36135183031215,8.897654996536296,0.0031953020543609564,0.26332284281719487
2026-01-01 00:29:35,3,25.964430116754862,16.26703732343175,0.0002842664138525267,0.5609977614651275
2026-01-01 00:29:36,0,25.817326633635883,10.500833178741804,8.060575313764688e-05,0.3942071486788816
2026-01-01 00:29:36,1,26.842484314011298,6.743871299339139,9.20889498807865e-05,0.19563640746304883
2026-01-01 00:29:36,2,16.581768633453706,11.064115177698572,0.00014322859481213376,0.2896421869232319
2026-01-01 00:29:36,3,16.789072311499407,11.712812309699627,0.00034009141909936675,0.33504184065835485
2026-01-01 00:29:37,0,75.13754603381369,13.69040073338084,0.0011450415664426299,0.48726630403263943
2026-01-01 00:29:37,1,40.15593364370041,8.190165835056833,0.0009169169759252697,0.1944193407402889
2026-01-01 00:29:37,2,50.8159233109914,10.716973098530671,0.00015048820909720561,0.2909370729239037
2026-01-01 00:29:37,3,33.04535492429073,21.45412851204336,0.0026836948263328207,0.6000288655596812
2026-01-01 00:29:38,0,25.651488290841684,11.3358867427741,0.0005424688579477764,0.0743494586507311
2026-01-01 00:29:38,1,11.426896642543717,11.543644224004465,0.0010620345447543299,0.19319766771512065
2026-01-01 00:29:38,2,14.611518215028358,9.949963081721961,0.0004620535490062376,0.37642050830790436
2026-01-01 00:29:38,3,78.01778618044149,8.069558393816829,0.0007339013755849106,0.2818955060705697
2026-01-01 00:29:39,0,21.095255043805068,18.094644986464417,0.0002690558921693397,0.41288287982051297
2026-01-01 00:29:39,1,65.149118269921,11.647992274021368,0.0008210308624042549,0.14324028414516393
2026-01-01 00:29:39,2,34.55728513519271,8.603992455925493,0.0020428756736483623,0.33884396093126595
2026-01-01 00:29:39,3,68.85074998445775,15.742807294721624,0.0004982978041256371,0.481250483286703
2026-01-01 00:29:40,0,19.790454595502055,12.86588611788994,0.001074112183924788,0.25262408059396785
2026-01-01 00:29:40,1,29.663722655824074,14.531895873429104,0.0004916453489702965,0.5348409269910964
2026-01-01 00:29:40,2,26.7625902589643,10.1454187720228,0.000353435223751951,0.1955318721144161
2026-01-01 00:29:40,3,27.681163782880123,11.611255043808097,0.0009782582659428735,0.17275188439835404
2026-01-01 00:29:41,0,85.005260067016,12.70752158042514,0.0007442571565690884,0.3983008223956285
2026-01-01 00:29:41,1,42.26381465654555,8.984635703088989,0.0005746389797073442,0.2827089167321707
2026-01-01 00:29:41,2,9.161784907918767,12.127782806035706,0.0033635092144255183,0.10014102451126417
2026-01-01 00:29:41,3,64.29154132021655,12.572300492961231,0.0002941242716733657,0.2972261940874844
2026-01-01 00:29:42,0,31.381147999172665,12.970076459421023,0.0005472740153982898,0.2615403802953673
2026-01-01 00:29:42,1,16.686230349720837,9.30669230202518,5.545221484053128e-05,0.3201986875274263
2026-01-01 00:29:42,2,31.658567986143176,13.049086095661455,0.0007860605347147258,0.13453872066612244
2026-01-01 00:29:42,3,30.093436819621772,14.984837482992555,0.0006090139393507942,0.4121996513428434
2026-01-01 00:29:43,0,61.047066600549634,8.914010067449809,0.0016877761210454389,0.31790377720224566
2026-01-01 00:29:43,1,54.71614826737717,12.398456181264367,0.00040598760599518455,0.20252259875536635
2026-01-01 00:29:43,2,16.497421835438203,9.653437153540349,0.0007067563212877173,0.17620399410197146
2026-01-01 00:29:43,3,30.966980919751066,20.110780049920645,0.00019957382245108015,0.5107983300817147
2026-01-01 00:29:44,0,26.875671526981563,9.695950070409022,0.0016189483004282628,0.12478389473797781
2026-01-01 00:29:44,1,10.858028228757414,13.147496380786752,0.002166226548118494,0.07718966202230365
2026-01-01 00:29:44,2,114.2364228673407,12.574156229392205,0.00012932285488265283,0.4748575080097841
2026-01-01 00:29:44,3,59.174455476600144,14.652699235349157,0.00010327279090623028,0.5233912854086489
2026-01-01 00:29:45,0,26.06032528746757,9.50381777512233,0.0007934623239486498,0.06074040285649485
2026-01-01 00:29:45,1,34.57531584189575,9.743766258328947,0.0004847839702434694,0.411521419091494
2026-01-01 00:29:45,2,28.307321172767388,12.124031472901038,0.000262665818083515,0.14198654972390057
2026-01-01 00:29:45,3,44.90251853626387,14.047697963472888,0.0019004320114836535,0.14016454688889565
2026-01-01 00:29:46,0,8.331732216682319,11.368430786938545,4.253017081406285e-05,0.25554039738907014
2026-01-01 00:29:46,1,81.06743126777172,8.226917112072138,6.386983746008027e-05,0.24360465554708716
2026-01-01 00:29:46,2,32.14964225970421,8.508344040482683,0.0012743056322289377,0.29788105642995655
2026-01-01 00:29:46,3,15.247923543737748,12.170856691566991,0.00011318821316739922,0.5043366207986316
2026-01-01 00:29:47,0,42.57741762870132,12.377634860577373,0.00035588643474578156,0.1739148101688417
2026-01-01 00:29:47,1,32.808276384699184,7.925843622080554,0.0008608061418885392,0.2692619436286208
2026-01-01 00:29:47,2,95.95973781185627,9.556789167333864,0.0002415094499044931,0.0779773669071819
2026-01-01 00:29:47,3,58.68508810463757,7.709953341943351,0.00023313622958473122,0.21299380892359404
2026-01-01 00:29:48,0,20.384458050424296,9.414631804363625,0.0011837447861567261,0.17007150343003583
2026-01-01 00:29:48,1,28.557065821103272,8.48514031744286,0.0012553591976940484,0.2340259227806226
2026-01-01 00:29:48,2,51.58182647094231,11.159434357321699,0.0007274308535147316,0.17472114203345773
2026-01-01 00:29:48,3,89.48846030306751,8.400693196512892,0.00010830037518956342,0.26990250576375907
2026-01-01 00:29:49,0,50.25478982481559,14.408781998204212,0.0002738773453831547,0.4405443409776336
2026-01-01 00:29:49,1,12.460070159699153,9.59128680769139,0.0006675256831161641,0.3093164505266587
2026-01-01 00:29:49,2,35.30617341733706,10.037829707663231,0.0009691056728637266,0.25615278078857084
2026-01-01 00:29:49,3,35.06804568794182,8.326935712974153,0.0014632653230652634,0.3104162197434438
2026-01-01 00:29:50,0,85.28806192344032,10.013922054215463,0.0005333893749619263,0.4459655495237692
2026-01-01 00:29:50,1,22.37299824898929,10.810325576405422,2.517857752536684e-06,0.20147594545977054
2026-01-01 00:29:50,2,52.618470817417766,12.378958283607194,0.00018196965072533376,0.4800425641520537
2026-01-01 00:29:50,3,36.9764682246442,8.635002745026139,0.00041509359124422557,0.4083715191799901
2026-01-01 00:29:51,0,34.33221342998426,13.367406945455773,4.8036528975422654e-05,0.1480383182133593
2026-01-01 00:29:51,1,90.4018278584139,23.92445139458284,0.0013071748923949636,0.5665888524218539
2026-01-01 00:29:51,2,32.757247157001835,7.67252546239809,0.000794711940528906,0.16853615043732892
2026-01-01 00:29:51,3,15.974372420817629,6.537881253127413,0.0015560328956425137,0.3142229999879965
2026-01-01 00:29:52,0,30.489240248108178,12.659846865452574,0.0002810596163059941,0.35157463164213315
2026-01-01 00:29:52,1,5.9119234746574385,16.30647220420766,4.486711602254714e-05,0.20031961895343267
2026-01-01 00:29:52,2,58.304511578455,14.780751171887047,5.6169341974701565e-05,0.5171410883316911
2026-01-01 00:29:52,3,12.863536313615537,16.136160684402395,0.00048295246193988395,0.39873792008538284
2026-01-01 00:29:53,0,25.794376918457505,7.503425258301296,0.00014377155771564177,0.2709733803917629
2026-01-01 00:29:53,1,37.789923354532824,12.993292191462025,0.002731117120525353,0.13615572995068093
2026-01-01 00:29:53,2,36.81596430568728,6.421550713465311,0.0013846917112381536,0.2779356965421388
2026-01-01 00:29:53,3,37.73345768751301,17.201120066435383,0.00033569795046977497,0.5403880180325971
2026-01-01 00:29:54,0,32.64142139190401,9.880744890023525,0.0003429516640616988,0.22154511074335803
2026-01-01 00:29:54,1,107.94622927974866,5.828438970499877,0.0003087220761819852,0.4279906147040748
2026-01-01 00:29:54,2,96.51367441104765,9.075070228300229,6.209573979015681e-05,0.3879074522894409
2026-01-01 00:29:54,3,18.745011378161163,10.915547022566448,0.0007106163885878856,0.22429251772306624
2026-01-01 00:29:55,0,49.885769560696396,8.807427811622647,2.54297146766033e-05,0.15235387341551956
2026-01-01 00:29:55,1,53.41274784548246,10.171394112931127,5.545562680781211e-05,0.2701143270910591
2026-01-01 00:29:55,2,29.860160106252927,8.139804495121046,0.0004033951897259781,0.059153381373883235
2026-01-01 00:29:55,3,125.55471102887799,8.056717006218852,0.002258012637279477,0.4279947554627415
2026-01-01 00:29:56,0,66.2249097732479,7.278789506775372,0.00033763009458464026,0.19196595748225936
2026-01-01 00:29:56,1,6.345376499755258,6.153419814325404,0.0002912508617130456,0.11270349652730761
2026-01-01 00:29:56,2,31.33436418263159,11.495899453043302,0.0007992335100828534,0.205298311032318
2026-01-01 00:29:56,3,70.37047957038209,11.16847414412553,0.0012723165925392947,0.4963882324133106
2026-01-01 00:29:57,0,97.45608541574708,14.862552005963321,2.943387543514825e-05,0.34352474962814455
2026-01-01 00:29:57,1,36.328704182344914,8.082937358062424,0.0009241009295291097,0.1560358792036994
2026-01-01 00:29:57,2,19.50094537812124,11.489293187608524,0.00020346123405637684,0.11949898002434481
2026-01-01 00:29:57,3,28.475259038779377,14.37683736387251,0.0015045896561942552,0.2887552623517399
2026-01-01 00:29:58,0,7.773704417157235,11.511228112926828,0.0006474655821303158,0.3559255824768901
2026-01-01 00:29:58,1,46.31492384073236,6.844351277218136,0.0028028661507287335,0.08151049286515918
2026-01-01 00:29:58,2,25.46180549644739,17.895455396164593,0.00019731384547802395,0.3380475724051226
2026-01-01 00:29:58,3,13.411456229178132,14.918426067864951,0.0007367187144366941,0.4600591004651402
2026-01-01 00:29:59,0,24.35814700014219,9.527882884348799,0.00017858976451491318,0.2024045429440836
2026-01-01 00:29:59,1,58.04044174277879,9.036642843734535,5.07850726221731e-05,0.3600185652256872
2026-01-01 00:29:59,2,24.442865560906064,16.371451076930214,0.0007542641276496368,0.4873958294450316
2026-01-01 00:29:59,3,84.04289339664959,10.553252951685643,0.0004277924299669209,0.5109045865930973
2026-01-01 00:30:00,0,22.9293114491141,10.037215457238284,2.268909039918119e-05,0.2835875714585691
2026-01-01 00:30:00,1,15.276871843039803,12.73026038703884,0.0010744532350777335,0.1749688476028808
2026-01-01 00:30:00,2,78.88692158073714,15.275099796233242,0.00024374962153910575,0.4502527349786428
2026-01-01 00:30:00,3,45.10380114692061,18.410522372582026,0.00034438258328322344,0.5762636026439513
2026-01-01 00:30:01,0,61.94433068832325,14.890137672385904,0.0007167683567914103,0.4728002669407116
2026-01-01 00:30:01,1,118.39510516804096,13.098514938774578,0.00019304480817113368,0.2843132208170673
2026-01-01 00:30:01,2,43.49987826597607,13.293211144290648,0.00048067359280068764,0.22801616763875193
2026-01-01 00:30:01,3,47.88990071009838,14.371554769126718,1.7336620771634852e-05,0.4218710455640274
2026-01-01 00:30:02,0,9.854816010368236,10.71071262242216,0.0014803214808796303,0.1919428361935466
2026-01-01 00:30:02,1,14.477645956801085,11.183743539394463,0.0007649553081435187,0.30841754654104453
2026-01-01 00:30:02,2,7.766740487445101,9.947143909275688,0.0013509506571926448,0.02
2026-01-01 00:30:02,3,10.365079630960388,13.30369244104583,0.0016879639499400927,0.2708402638731097
2026-01-01 00:30:03,0,83.3450548683459,14.78288598982061,0.00024755019819531354,0.24459600445272578
2026-01-01 00:30:03,1,31.76588950334459,12.103396188840316,0.0006160278651757741,0.3441174884614052
2026-01-01 00:30:03,2,36.64873514344737,12.964856235202527,0.0006516489470997439,0.26536549199985354
2026-01-01 00:30:03,3,16.478284216374057,16.701490832667787,0.0001423805933039148,0.4609846746334797
2026-01-01 00:30:04,0,17.540545715967756,5.306212620269213,8.777602332595622e-05,0.12972884659742076
2026-01-01 00:30:04,1,58.69145889044418,13.504518796052427,0.0018131349037935707,0.11104006682412444
2026-01-01 00:30:04,2,22.348979191346274,9.619597518756358,0.000560086406532025,0.3268496998803237
2026-01-01 00:30:04,3,44.518453133497424,13.305388455899374,3.1976475783037676e-05,0.48315301384058124
2026-01-01 00:30:05,0,23.059916986844673,10.089921838008934,2.503413523614853e-05,0.17295616398599067
2026-01-01 00:30:05,1,27.8440004780673,9.797265008100421,0.0047964662245926085,0.026925825414789505
2026-01-01 00:30:05,2,23.682211263209886,8.967565826073507,0.0007768818876689658,0.23610129330060417
2026-01-01 00:30:05,3,239.91782616018114,11.227842554211477,0.00027344460498946913,0.33014858003063824
2026-01-01 00:30:06,0,26.690995217563387,8.785194967167527,0.00040847203058378155,0.26031538545613425
2026-01-01 00:30:06,1,127.61835217978962,8.446595468418352,7.104367580142122e-05,0.27329116116267427
2026-01-01 00:30:06,2,37.10607863320989,14.675113264407099,0.00031245000887497674,0.38652505542963994
2026-01-01 00:30:06,3,77.61399127384722,15.733959387576409,0.0029875192274202334,0.5577925818457063
2026-01-01 00:30:07,0,78.03922570138681,10.654949202260958,0.000657569881958038,0.28271684813094283
2026-01-01 00:30:07,1,83.39680981206072,9.28416477967301,0.0008708464913335868,0.1921344900667009
2026-01-01 00:30:07,2,19.010052483456924,9.751625643063136,2.7244412621748027e-05,0.08457188562077353
2026-01-01 00:30:07,3,42.754195740466045,13.907656314550195,0.0015374510699768134,0.4221471920805655
2026-01-01 00:30:08,0,38.01078446852712,10.56191220052829,0.001381219071852389,0.09015091703590199
2026-01-01 00:30:08,1,16.297290085861803,9.82247168231819,0.002311113365784863,0.059718403233172256
2026-01-01 00:30:08,2,33.940656523609675,14.250442832995743,0.00023597688121809748,0.5378829644168871
2026-01-01 00:30:08,3,23.20322613078506,12.609457160570601,0.0006275208012570177,0.092119868107814
2026-01-01 00:30:09,0,32.140735820933564,11.644703949138258,0.003482349651121549,0.33885085617340244
2026-01-01 00:30:09,1,88.24741274199476,12.384445694093833,0.00014809411035927324,0.20841637045482697
2026-01-01 00:30:09,2,89.6029301994958,10.521563830509784,0.0029032640368503353,0.34758237888935495
2026-01-01 00:30:09,3,74.68666818875442,7.56048825126692,0.001062089749312225,0.28589299661909384
2026-01-01 00:30:10,0,34.85291268345309,10.04503937955161,0.0012385624256994888,0.14466422295303635
2026-01-01 00:30:10,1,47.421566981010734,7.253147295977128,0.00029409197655429095,0.19176200358057066
2026-01-01 00:30:10,2,45.53877894499245,15.873399140326676,0.0016220690913442148,0.43767791917677257
2026-01-01 00:30:10,3,127.64517219575788,12.193248859410772,0.0004713697846909437,0.37084956120608326
2026-01-01 00:30:11,0,35.728632738900934,9.26490195935772,0.0007596140648828644,0.2204991727185022
2026-01-01 00:30:11,1,31.77002877209366,12.177534385458106,7.755932594577445e-05,0.23197232524902114
2026-01-01 00:30:11,2,24.299364766277115,13.099551968678641,0.00031127895746223017,0.5420134567119463
2026-01-01 00:30:11,3,14.47507877352428,6.897999897642598,0.000561884187351621,0.1738458710120338
2026-01-01 00:30:12,0,130.73180134439886,9.4023787464617,0.0021577181128532483,0.19671091752056694
2026-01-01 00:30:12,1,27.428149272367495,13.321305714162698,0.002616077314196827,0.4097806637279734
2026-01-01 00:30:12,2,143.25349979227434,11.511972017150818,0.0002541211351577435,0.3514710989006063
2026-01-01 00:30:12,3,27.806168038791164,9.281772440893407,0.00017840931499231463,0.2652776860536566
2026-01-01 00:30:13,0,24.875213888481046,12.175571423271977,0.0003112771485460161,0.35188106639654726
2026-01-01 00:30:13,1,49.45087815754231,12.564031230829656,0.0016026130004289194,0.38576698633800477
2026-01-01 00:30:13,2,48.115726605088774,12.351391946929368,1.8002510398644276e-05,0.47195428904957754
2026-01-01 00:30:13,3,40.30324646596144,8.957476537136667,0.00031860998454713324,0.10930560699785571
2026-01-01 00:30:14,0,51.6154756130777,7.609411020092364,0.0002494711512622931,0.12763033562382237
2026-01-01 00:30:14,1,22.779024505336775,9.914793500263599,0.00021719348983836084,0.24742699844701804
2026-01-01 00:30:14,2,29.44362704815186,10.759459695426298,0.0016474561339520368,0.4031371586788988
2026-01-01 00:30:14,3,49.50715482622626,13.73147307875882,0.001507548558330699,0.5170530293836696
2026-01-01 00:30:15,0,47.175020622596186,11.027924735983161,0.0018676254927181423,0.35596679102671375
2026-01-01 00:30:15,1,22.24902324002789,6.503055586127459,0.002269242754934665,0.030572174063478716
2026-01-01 00:30:15,2,20.980165028020508,9.998875576440515,0.0014890177074691243,0.11805950305287229
2026-01-01 00:30:15,3,145.48165811960132,14.615980891786858,1.6745542844856915e-05,0.5886517107908602
2026-01-01 00:30:16,0,12.49879501858592,12.55041047881361,0.0003099151121646864,0.18376783309376266
2026-01-01 00:30:16,1,41.830522558061844,9.063156857161063,0.0016410451150387848,0.14670203701638693
2026-01-01 00:30:16,2,46.08636871922399,10.239657788120518,0.001022340596468605,0.21840979750437306
2026-01-01 00:30:16,3,61.49414143157156,23.5284354452092,0.0017553298387453797,0.607689895523194
2026-01-01 00:30:17,0,32.37964302501245,7.192847812417661,0.0012777146469394752,0.1389833009868694
2026-01-01 00:30:17,1,25.101673245330286,9.143198336763998,0.00026239573143836594,0.13000977703072725
2026-01-01 00:30:17,2,63.68945984919499,8.425492602144882,0.0002148443390218735,0.16941750445524612
2026-01-01 00:30:17,3,29.311231945290796,11.309168035517496,0.0007672259411014967,0.34654502104027296
2026-01-01 00:30:18,0,26.928290370879207,10.474447780406711,0.001996225673324713,0.20246024733182857
2026-01-01 00:30:18,1,23.267593651282567,13.276298626368671,0.0002056331480078589,0.4455477629833691
2026-01-01 00:30:18,2,52.90161245120105,15.43473816324173,0.0017948061033071251,0.10551901037017977
2026-01-01 00:30:18,3,54.75758291789926,13.899692171016111,0.0012260111781245296,0.3525975597046729
2026-01-01 00:30:19,0,27.334463959459686,9.495349714658774,0.0007707955646189254,0.43119503445019386
2026-01-01 00:30:19,1,25.656978391813556,11.143958536397218,0.0014641545306285093,0.2025034568490525
2026-01-01 00:30:19,2,23.182541770626475,9.071056904039406,0.00032860166019774297,0.14796219585581877
2026-01-01 00:30:19,3,31.27831354900983,9.637418875590916,0.0007324993686891928,0.12039802410669176
2026-01-01 00:30:20,0,43.63408866696076,11.231091582468625,0.0007693409031020032,0.3658144892550249
2026-01-01 00:30:20,1,42.311336737609125,8.404784311224688,0.0008670150464338509,0.2891028860013003
2026-01-01 00:30:20,2,30.29456431982256,11.086811190633306,0.0018268424931566923,0.22688769312460322
2026-01-01 00:30:20,3,27.095844057539782,12.334548770656797,0.0003708119028472803,0.46846672161369174
2026-01-01 00:30:21,0,21.53800612093879,10.039162126625877,0.0015035711404756671,0.30268538721929666
2026-01-01 00:30:21,1,47.45904808192476,13.308209561442524,0.0018856214702842335,0.31478126011975677
2026-01-01 00:30:21,2,16.44640909745047,9.921184630886328,0.0008846374017856581,0.1014549013287997
2026-01-01 00:30:21,3,54.11709877723144,11.745645924756362,0.000290578169713015,0.24569641378903048
2026-01-01 00:30:22,0,19.012878180633038,10.089520238680404,0.0016922105540426557,0.13219569024088546
2026-01-01 00:30:22,1,61.918898174027866,18.89911284217788,0.0005978863635151706,0.5512973617205397
2026-01-01 00:30:22,2,51.17958522444588,12.964094294106184,0.00019413471595437065,0.461306787298119
2026-01-01 00:30:22,3,49.95006482046321,7.841179625627542,0.00023169231023893394,0.2200590422182179
2026-01-01 00:30:23,0,54.908256921713146,10.33343430675001,0.0007262341636020017,0.38189729702551306
2026-01-01 00:30:23,1,17.190277479190975,12.84068938117736,0.004725910905725031,0.3028893965896371
2026-01-01 00:30:23,2,39.24541777089286,5.924144110880706,0.0004581757758205794,0.1696321774219914
2026-01-01 00:30:23,3,212.03933291722524,8.370875110137364,0.0006820344871111134,0.3209682466170246
2026-01-01 00:30:24,0,32.300343999998574,14.619850783253248,8.436723613761262e-05,0.30772200391020504
2026-01-01 00:30:24,1,71.78835589333549,10.314482469580586,4.706142056309487e-05,0.1120494622487265
2026-01-01 00:30:24,2,111.52461942637545,15.645767022710658,0.0018907426736144565,0.5675961231832053
2026-01-01 00:30:24,3,20.565264544045128,8.069367465368803,0.0002177830163196715,0.2777910757294223
2026-01-01 00:30:25,0,92.91695914046795,10.672389054824055,0.0006464762443561155,0.46452318876045245
2026-01-01 00:30:25,1,35.30295950342174,11.272990617291953,0.0009459421775775381,0.37008876510942984
2026-01-01 00:30:25,2,29.41193978669234,8.325732061390259,0.0007224338587767937,0.13595301680211963
2026-01-01 00:30:25,3,206.21875118369218,10.726622587952551,0.0018298797193981894,0.37144984232223976
2026-01-01 00:30:26,0,41.182949455097905,10.465377969129772,0.000685603560037206,0.34865810006652265
2026-01-01 00:30:26,1,28.825263745970453,5.435863623552045,0.00031983962872919846,0.24877526483671336
2026-01-01 00:30:26,2,18.777096169306326,20.349678175189233,0.0005965471186186008,0.418126071969355
2026-01-01 00:30:26,3,107.628405867698,13.442252755689978,0.0003285778353375793,0.5838886288912083
2026-01-01 00:30:27,0,63.03049660810963,9.841766887913023,4.381600333433785e-05,0.2092958080244397
2026-01-01 00:30:27,1,8.027964044445502,8.716602811721483,0.0015592400682277361,0.1912073463628551
2026-01-01 00:30:27,2,61.068927056033495,12.394897497032424,0.0005434007442977318,0.42892523234486635
2026-01-01 00:30:27,3,36.38407782052351,22.576660967111152,0.00028295322137495587,0.6602287699403091
2026-01-01 00:30:28,0,62.714625092152936,14.205312541229473,0.0005766887491502129,0.20771015318392655
2026-01-01 00:30:28,1,33.73660969151872,9.391688296223268,5.461675155603905e-05,0.11121418559118289
2026-01-01 00:30:28,2,10.100926573210277,9.488314665164689,0.0010649804229600753,0.22078048352745752
2026-01-01 00:30:28,3,39.899724437930146,12.520394699102168,0.00028644923511019307,0.44247887311973977
2026-01-01 00:30:29,0,44.45126316700433,9.68672758693331,0.0005395306924757698,0.36477912895417847
2026-01-01 00:30:29,1,22.744016178643538,10.557004114946146,0.00016672565503824636,0.29306089965696885
2026-01-01 00:30:29,2,56.45813357141052,15.182682710551239,0.00084009790390788,0.5642479821778574
2026-01-01 00:30:29,3,31.10358008362035,13.534851409736872,0.00046895071706946174,0.4363997990379487
2026-01-01 00:30:30,0,39.74490837178505,13.640623755970338,0.0004317044096235412,0.22365826766434307
2026-01-01 00:30:30,1,90.79902897142723,9.977372637829614,0.00044169091644229814,0.4254979601173446
2026-01-01 00:30:30,2,51.26256326210579,8.84104922504062,4.155759216826521e-05,0.1563671309126809
2026-01-01 00:30:30,3,25.35976783555856,12.457511892677616,0.0011202439808147792,0.5451302638574987
2026-01-01 00:30:31,0,122.93169905812809,6.25272231047601,0.00013073156929955027,0.15841313424477793
2026-01-01 00:30:31,1,25.533640910218676,9.135106354765261,0.0018471352670053165,0.05703800175768229
2026-01-01 00:30:31,2,39.90969052066097,13.921138482587292,0.002677384549556345,0.42105009557444745
2026-01-01 00:30:31,3,18.456774395241165,12.619125489601078,2.612152288656281e-05,0.3062528576253286
2026-01-01 00:30:32,0,64.00662649247037,11.448507599959985,7.020792449761864e-05,0.3677416144851665
2026-01-01 00:30:32,1,44.56205139074301,9.09749885262303,0.001238081210541905,0.20167802442204968
2026-01-01 00:30:32,2,119.95671812119197,11.635933061237402,0.0009429160462133688,0.2564434341509502
2026-01-01 00:30:32,3,25.844561884273237,14.34457921784814,0.0003927450681731414,0.5249891699999836
2026-01-01 00:30:33,0,22.37502580211671,10.121992759728268,0.00039041232395247935,0.26448946326305484
2026-01-01 00:30:33,1,21.30009626127347,12.802611221627622,0.0023955945943205945,0.2416208154982332
2026-01-01 00:30:33,2,20.628224486540766,10.455144238810227,0.0004037453661300069,0.33810192466498185
2026-01-01 00:30:33,3,78.20934630298275,14.128701698737403,0.0002225715583602723,0.6276924030115191
2026-01-01 00:30:34,0,13.6276032609185,11.977949730763061,0.0009091472933553752,0.21435057359233461
2026-01-01 00:30:34,1,19.44948398748617,15.984128924849824,6.248615941695854e-05,0.36580812574080723
2026-01-01 00:30:34,2,40.09505980376521,7.784236138939586,4.543817709968881e-05,0.3662772335050596
2026-01-01 00:30:34,3,33.263480133738,10.935662220379431,0.0013409593725463758,0.23670305087970198
2026-01-01 00:30:35,0,21.831349726341173,9.80008095116082,7.594411734584249e-05,0.287841516078131
2026-01-01 00:30:35,1,24.685988442750183,11.38735529439466,0.0007219406406968034,0.22938108845403382
2026-01-01 00:30:35,2,19.287803475655362,12.591430731012522,0.0011113092960763128,0.41624054434305796
2026-01-01 00:30:35,3,24.532246179088062,11.158609693884008,0.00036141273202925294,0.541156181266722
2026-01-01 00:30:36,0,181.39647964031502,10.357063540645418,7.068207086577046e-05,0.14134690642647232
2026-01-01 00:30:36,1,31.17251306127523,9.018510918295396,0.0012672730708340799,0.24740454190553937
2026-01-01 00:30:36,2,27.92293841631001,17.2055803854896,0.0031460151265858215,0.5819745546924502
2026-01-01 00:30:36,3,125.2882188497085,14.673857905806809,0.004843930331803463,0.49560834699463724
2026-01-01 00:30:37,0,40.28034068849638,11.351987666347124,0.001418466504783276,0.02
2026-01-01 00:30:37,1,20.34190983888621,8.791085332425299,1.053994853052168e-05,0.25938992468029853
2026-01-01 00:30:37,2,25.23949908635547,8.547552415829788,3.9702872103930935e-05,0.17750891760626775
2026-01-01 00:30:37,3,67.27798884829619,9.860401934340434,0.00045373169100297703,0.4306477610327176
2026-01-01 00:30:38,0,50.070590396622855,11.8935054049321,0.0002772288763113455,0.40408873524025546
2026-01-01 00:30:38,1,42.413222752981405,8.0323136712751,0.00046960416399058726,0.14552185198546938
2026-01-01 00:30:38,2,27.111538464509497,8.877904188342967,0.00023924160644804782,0.313075908265415
2026-01-01 00:30:38,3,205.97131779850375,10.996403391976468,0.0001012157184276098,0.3462434238819283
2026-01-01 00:30:39,0,59.12366631798463,10.874471760790328,2.1557749531959547e-05,0.2955866384555905
2026-01-01 00:30:39,1,53.90392677391872,11.642235578821492,0.0016964898447028238,0.4217766853979441
2026-01-01 00:30:39,2,41.98645335852253,8.67738987168676,2.1551675426952457e-05,0.19342930833913774
2026-01-01 00:30:39,3,110.20610849730734,9.255659608631548,0.0006347627938068104,0.29429454405353206
2026-01-01 00:30:40,0,11.71945945057101,9.19459433639135,0.001007080348060377,0.03685648372362864
2026-01-01 00:30:40,1,13.563856644999614,8.719895701918249,0.0001554597558323819,0.2027422039501327
2026-01-01 00:30:40,2,127.61335271551397,6.056926426387573,0.0008155890596889832,0.35990522604878394
2026-01-01 00:30:40,3,13.042658224712019,11.290197420560364,0.000354723644411123,0.3049072838135969
2026-01-01 00:30:41,0,21.63492331432476,16.077091767814014,0.00039814543435343395,0.22031897230728356
2026-01-01 00:30:41,1,8.14752180863626,15.014888286541499,0.0008074033826998966,0.27755689764144975
2026-01-01 00:30:41,2,22.23324071555345,9.395826115432861,6.92562259320149e-05,0.09999843487427598
2026-01-01 00:30:41,3,65.24259948491323,8.118473153158968,0.0001362723749029315,0.2949636972484239
2026-01-01 00:30:42,0,54.198457553608044,10.161995073052244,0.0009491008462057352,0.46091346377127573
2026-01-01 00:30:42,1,13.665789240142361,7.925812169561901,1.976645421974808e-05,0.3428267469577335
2026-01-01 00:30:42,2,51.73052791511252,10.957291932641159,0.0006340852763030236,0.33547275882613503
2026-01-01 00:30:42,3,14.927412539539228,18.470090734347014,0.0017839200765657308,0.5890542290334781
2026-01-01 00:30:43,0,8.256449404424359,15.06295704029669,0.0001230606947777222,0.2930387737002946
2026-01-01 00:30:43,1,46.632654698936044,13.337905082923324,0.001053033790557792,0.4582823945596903
2026-01-01 00:30:43,2,29.228297146573116,17.971530117075403,0.0017807301667255187,0.47993735555939254
2026-01-01 00:30:43,3,65.64555231100532,13.101094572039797,0.002541128091796832,0.39307877969343963
2026-01-01 00:30:44,0,25.91862070705317,22.332818819030184,0.0006261871854883788,0.3346293844311749
2026-01-01 00:30:44,1,28.69116163263161,8.801118966509486,0.0012898217283813383,0.0986462991257012
2026-01-01 00:30:44,2,95.13043593099493,13.021239098944198,0.0007296173791092464,0.4013760881266907
2026-01-01 00:30:44,3,39.63954614137511,8.584697783034416,0.0010726465573163676,0.2408190728245704
2026-01-01 00:30:45,0,45.46225057965259,10.718770542943624,9.183948123729566e-07,0.34858237426651956
2026-01-01 00:30:45,1,201.30822533281923,7.572744069631182,0.0006539594423577778,0.42871186480247625
2026-01-01 00:30:45,2,25.084152658555826,10.489844702724827,0.00036837286143881693,0.09698806225150955
2026-01-01 00:30:45,3,50.74022867499829,11.038060199111616,0.001924432055417428,0.302383354669569
2026-01-01 00:30:46,0,62.838594613639984,9.490170181595884,0.00022319193669042946,0.16103833113675878
2026-01-01 00:30:46,1,39.42374893473693,11.976789270066556,0.0017698811738601312,0.28326564023541617
2026-01-01 00:30:46,2,24.2181803336162,10.030617935351378,0.00018776612759835204,0.34646318290493117
2026-01-01 00:30:46,3,37.2079275265392,15.685289273738107,0.0022385413149569777,0.37116125380947557
2026-01-01 00:30:47,0,18.451637999678894,13.672416091831161,5.014287726135265e-05,0.439811674662093
2026-01-01 00:30:47,1,34.631942316297696,13.972859554200733,3.375353453194558e-05,0.40306949313583007
2026-01-01 00:30:47,2,48.560040409056825,10.820191081695219,4.109626937241545e-05,0.1520667670109905
2026-01-01 00:30:47,3,94.76778685513632,13.628530094724661,0.001028744435191307,0.46127664417548975
2026-01-01 00:30:48,0,46.1801972355128,8.479547000458563,9.608038000378442e-05,0.14085658968017625
2026-01-01 00:30:48,1,16.717734557279798,9.455153363719393,0.00014143146147305307,0.2571660223916114
2026-01-01 00:30:48,2,61.00599714571638,16.471331725394307,0.00040607491819820906,0.45455358467055507
2026-01-01 00:30:48,3,17.18907920004425,11.639433612110443,0.00023186818430378053,0.22107225401732272
2026-01-01 00:30:49,0,22.11979900889764,16.939469077015488,0.00037836171964906464,0.0883951781665816
2026-01-01 00:30:49,1,33.746817801629746,12.18063530573,0.0017874607734317692,0.25074475942758195
2026-01-01 00:30:49,2,17.84626289854493,14.654870974305929,0.001084402810491906,0.3744218270422941
2026-01-01 00:30:49,3,33.906800956559366,9.406483956224934,0.0008011404519771338,0.21811926606317705
2026-01-01 00:30:50,0,21.483588895471026,7.649272837140379,0.0003827909187160218,0.27736520216893873
2026-01-01 00:30:50,1,64.03507231542744,8.78954081380205,0.00040578307415832564,0.14084221509055214
2026-01-01 00:30:50,2,50.469452563953475,12.121352717606257,0.0013164877577089965,0.3143453682253432
2026-01-01 00:30:50,3,22.028016360545553,15.534101464557226,0.0016919188169482275,0.3915786171657515
2026-01-01 00:30:51,0,53.991434164347766,19.693483207163865,0.00013789233165317907,0.35177043912680706
2026-01-01 00:30:51,1,90.66226822390162,15.014292056385743,0.005321318040408309,0.31650776303236083
2026-01-01 00:30:51,2,19.369932476635373,10.688278076387405,0.0007818121652016884,0.11178750748123938
2026-01-01 00:30:51,3,13.613998147080007,10.337811223436958,0.0028523505511572353,0.24905175619171238
2026-01-01 00:30:52,0,55.91854215034874,11.500353446208761,0.002154205767829193,0.3803670386981845
2026-01-01 00:30:52,1,47.31776563142725,10.117832716280299,0.001659401638101741,0.09031332679055307
2026-01-01 00:30:52,2,39.20192360150635,15.762524295765452,0.0002636323804040451,0.5553906178489141
2026-01-01 00:30:52,3,56.11689559597951,14.757400729626806,8.944082239147221e-05,0.3678006273378287
2026-01-01 00:30:53,0,154.19435405396186,10.032056240311034,0.001167393226052166,0.2735530914689689
2026-01-01 00:30:53,1,110.94454982063961,17.714365017813407,0.0014408682155299256,0.554882262488832
2026-01-01 00:30:53,2,34.84501981564821,9.180927692715098,0.00013999734239402196,0.26530086361549576
2026-01-01 00:30:53,3,30.23559071063548,10.75881813609935,0.00027514554688611975,0.17778943825432167
2026-01-01 00:30:54,0,14.421022067067723,13.377876172524827,0.00020206405503767113,0.08667080614136453
2026-01-01 00:30:54,1,45.149407931925744,11.306916073436197,5.062423482862429e-06,0.4639501827331919
2026-01-01 00:30:54,2,56.363211469815084,9.940274051004497,0.000967846567044903,0.32200307042295967
2026-01-01 00:30:54,3,172.3132605416303,22.317547209243035,0.0008413709384197681,0.5192461771159655
2026-01-01 00:30:55,0,34.95182451163745,6.6894755595757225,0.00028238793040716575,0.2873648013316019
2026-01-01 00:30:55,1,71.3639972321553,15.089597776792228,0.001214314669668722,0.4575929454326577
2026-01-01 00:30:55,2,56.452945205181315,15.546348141509595,0.0002486743200260967,0.34525522951427134
2026-01-01 00:30:55,3,95.7637780074421,8.707828051916913,0.00017694304995352793,0.13759901273344669
2026-01-01 00:30:56,0,25.294955150715072,12.25490510048984,1.712755877012006e-05,0.3431183173997081
2026-01-01 00:30:56,1,147.77677195996725,9.454939563953552,0.00010733012473705511,0.17586214754909812
2026-01-01 00:30:56,2,29.77010902839738,11.25319805107144,0.00018297910064996877,0.06025324414104028
2026-01-01 00:30:56,3,30.553223668589787,15.0327973966929,0.000806026450286176,0.6181443458854838
2026-01-01 00:30:57,0,12.193971185528289,11.45340790661712,0.0005184684090094883,0.26062829521472325
2026-01-01 00:30:57,1,66.52608566011236,8.197189992010879,0.0003591879992772096,0.28081894927893764
2026-01-01 00:30:57,2,33.24293714273223,11.631395687190198,0.00019667824926243333,0.331056175649429
2026-01-01 00:30:57,3,16.111399311490267,11.438470153959763,4.254960387646107e-05,0.15301652216645245
2026-01-01 00:30:58,0,46.82524097358833,9.137939238893024,0.00028696593406734146,0.3527020332806716
2026-01-01 00:30:58,1,16.14501050565173,10.422969015430615,0.00016519988724744626,0.2853917737297284
2026-01-01 00:30:58,2,41.36479394375416,18.372107011096325,0.0009652849288325752,0.3055512927784412
2026-01-01 00:30:58,3,77.24059855780875,18.79506466624324,0.00035777454613427435,0.5835121576391825
2026-01-01 00:30:59,0,24.199933048425994,10.774003201689405,0.0008362261611146386,0.35187888463140315
2026-01-01 00:30:59,1,220.761401793403,14.808862827230987,9.949341279864507e-05,0.5252350582937534
2026-01-01 00:30:59,2,126.90225532215484,13.474803408380874,0.0006262597177654412,0.19786089196286993
2026-01-01 00:30:59,3,15.675916628894976,9.650719802822312,0.0014824903267657734,0.18741453003232167
2026-01-01 00:31:00,0,7.886660796199344,8.635109981509732,0.0008040616079506329,0.21284351461619386
2026-01-01 00:31:00,1,65.76013681539997,12.98928108010895,0.0009008680486039737,0.39746397533520766
2026-01-01 00:31:00,2,30.94869162613902,11.959438051908268,0.002063456553396093,0.4388989418618233
2026-01-01 00:31:00,3,47.35883370150051,11.290985257566353,0.0004022444256812494,0.2944119590408065
2026-01-01 00:31:01,0,43.76246989139722,9.781219385225869,0.0008443984577000458,0.38397484129078996
2026-01-01 00:31:01,1,25.745153100029164,12.930536322830676,0.00019348100127679083,0.12944174219338944
2026-01-01 00:31:01,2,26.01649458834758,7.167058307442547,0.0004860103138024103,0.15051312795332933
2026-01-01 00:31:01,3,45.475624523004015,19.344081111002847,0.0003775609778267151,0.5128835083538331
2026-01-01 00:31:02,0,36.422487690265626,8.875572597948242,0.004012594197736182,0.41935382284649736
2026-01-01 00:31:02,1,21.422565907487666,10.770313112469472,0.00019665975630762738,0.3080549771973603
2026-01-01 00:31:02,2,62.12966743992701,11.59562342936758,0.0024676783821111718,0.33195484934698694
2026-01-01 00:31:02,3,41.34148213110115,13.436084912695424,0.00011784953215144483,0.4063354872487925
2026-01-01 00:31:03,0,78.87526815641701,14.067821554234706,0.00017991455439464715,0.22462613458468325
2026-01-01 00:31:03,1,30.309572709982852,11.964488090102034,0.002706082277144699,0.2719904540357476
2026-01-01 00:31:03,2,128.7580804832194,12.940969102846191,0.0005526784282071634,0.5306702114913971
2026-01-01 00:31:03,3,30.172287233883967,9.522493258352696,0.0002611549030297857,0.34746433878324173
2026-01-01 00:31:04,0,36.98715541836832,10.649502247038798,0.0015939547194578274,0.20743838368831993
2026-01-01 00:31:04,1,25.87967901234629,15.212593611957606,0.00044743233187554543,0.27620222215927653
2026-01-01 00:31:04,2,38.55873430260968,13.073828309781033,0.00017188876715683074,0.3232559421280921
2026-01-01 00:31:04,3,12.006536953778502,11.426022330234488,0.0001903597352683968,0.2473299475641711
2026-01-01 00:31:05,0,78.06324540856409,8.570080875484319,0.000225703334940214,0.37233157400120165
2026-01-01 00:31:05,1,20.181562803645587,9.837904690610888,0.003346030017388125,0.11025441148577991
2026-01-01 00:31:05,2,10.020580659817659,10.339266581896998,0.00021202590229777455,0.16143251254690846
2026-01-01 00:31:05,3,36.68749171800333,6.281030738383768,4.939270864046774e-05,0.10809191683361433
2026-01-01 00:31:06,0,35.93270905023623,15.427825407332051,0.0005629471598706946,0.3809969273119206
2026-01-01 00:31:06,1,57.00853709331885,8.963523903270877,0.0008701358770294631,0.2716861269082781
2026-01-01 00:31:06,2,40.098609702911055,9.284202020180876,6.49416380679705e-05,0.07769162530575942
2026-01-01 00:31:06,3,48.54830263515706,9.359948163885639,0.0007273077101474843,0.11640135796893167
2026-01-01 00:31:07,0,32.561740970004124,15.059509247776102,0.00033341060070150456,0.31898350737991843
2026-01-01 00:31:07,1,29.165194391555293,9.891033414472602,0.00036673338371607194,0.16395915739309164
2026-01-01 00:31:07,2,71.23922669323751,11.509777327674543,0.0016806982650448932,0.3370321928790676
2026-01-01 00:31:07,3,29.206889754623802,8.363791876107515,0.0025365482326120893,0.2523580947347345
2026-01-01 00:31:08,0,26.844424070087562,8.121782197521373,0.00040643291546651073,0.18116125578873885
2026-01-01 00:31:08,1,24.46373033746807,13.235941990495888,0.001202250310413365,0.34828030870025
2026-01-01 00:31:08,2,69.07168774349,11.499561940142543,9.587837662083884e-05,0.3892341037944911
2026-01-01 00:31:08,3,50.36714326898691,16.362932150859994,0.001053942083947022,0.5348168722215874
2026-01-01 00:31:09,0,41.90916837916041,12.142755490214064,0.0011821855267187909,0.17727242304313362
2026-01-01 00:31:09,1,27.435354770991033,9.575618397900712,0.00017662961007027433,0.24728634409716213
2026-01-01 00:31:09,2,22.460628893628922,17.05022580414136,0.0001378794061085084,0.04171838092694888
2026-01-01 00:31:09,3,6.90159539960896,11.963930315171163,0.00064065485685485,0.3395244084685615
2026-01-01 00:31:10,0,29.471155083048075,12.171382577612942,7.043734420537892e-05,0.3141227030584477
2026-01-01 00:31:10,1,17.98617803302767,9.033672137024695,0.0001843251041341985,0.025174407165571594
2026-01-01 00:31:10,2,56.6420540684145,12.801327504354013,0.002296868603161848,0.48696263305443044
2026-01-01 00:31:10,3,7.5771474406141595,13.348889483943664,0.0001741690151135646,0.2719898687585749
2026-01-01 00:31:11,0,34.78531655080652,10.867902325036416,0.0009845999068886396,0.21037182090752704
2026-01-01 00:31:11,1,36.95247602290191,11.011504477308373,9.293510417120759e-05,0.306078787786759
2026-01-01 00:31:11,2,12.602150768238797,11.868781499673155,0.00040856933023170994,0.15519888442969043
2026-01-01 00:31:11,3,77.95872602817435,11.71527422341629,0.00047899337887063055,0.4702686122631028
2026-01-01 00:31:12,0,29.844204077836952,12.967603493786903,0.0012053621427423617,0.2948707506144245
2026-01-01 00:31:12,1,13.379955569560131,13.352633763092417,8.928065332672924e-05,0.4322457722235604
2026-01-01 00:31:12,2,101.99093215327616,12.138439854272935,0.0011052027008724733,0.2810872946744445
2026-01-01 00:31:12,3,32.182814598189815,12.141451202227012,0.0011402477016455666,0.34388741416754964
2026-01-01 00:31:13,0,12.037241600740723,10.921831439613182,0.0004948436349915908,0.16159613177427962
2026-01-01 00:31:13,1,16.026569401302993,10.876527388641076,0.00048141786460604257,0.35120016043075697
2026-01-01 00:31:13,2,243.41577570674,18.215724061883996,0.0014279730039218016,0.5473213267044971
2026-01-01 00:31:13,3,71.45237167818156,19.316699333754265,0.001572303752206114,0.4682852302448517
2026-01-01 00:31:14,0,32.31797102818298,8.570133586345191,3.5357642560627173e-06,0.45098624943478044
2026-01-01 00:31:14,1,32.75715070254659,13.714051440366301,0.0010631709013418427,0.15563494702818548
2026-01-01 00:31:14,2,22.36225750721455,13.141325963311088,0.0004170483585134864,0.1945518444651435
2026-01-01 00:31:14,3,71.97123242030345,15.182131137428868,0.0001915306088970077,0.5512620763374168
2026-01-01 00:31:15,0,54.79074409840132,11.060101098542802,0.0013599373114968776,0.3454383396554829
2026-01-01 00:31:15,1,65.07556871860278,13.033794328226449,0.0017352456100137772,0.46122635445837246
2026-01-01 00:31:15,2,36.379435125815085,15.083197976968503,0.000421774145360939,0.3930384977096902
2026-01-01 00:31:15,3,27.880140609953514,9.733364025785535,0.0005971676320125527,0.14821030695087573
2026-01-01 00:31:16,0,10.525027400079665,12.505302673815796,0.0018657452882681004,0.3464754481572775
2026-01-01 00:31:16,1,9.61222777080882,12.180388444562876,0.00010676380552263245,0.1903568383293972
2026-01-01 00:31:16,2,157.59841870724026,13.859467962047667,0.0017101634762115986,0.5198019243271736
2026-01-01 00:31:16,3,48.87412374917192,17.241690806124428,0.00028955923361803344,0.19256451928478432
2026-01-01 00:31:17,0,18.961213582567453,7.412942644765263,6.55666671060371e-05,0.18571570606839213
2026-01-01 00:31:17,1,97.43859784479295,18.97250681389261,0.000758310904629336,0.494561080618038
2026-01-01 00:31:17,2,58.67449076494367,11.474777573932135,6.932934568223322e-05,0.31416536370770964
2026-01-01 00:31:17,3,54.36621611975954,9.524751549767085,0.001392086786205679,0.29908406924501435
2026-01-01 00:31:18,0,59.39068717425617,12.66035899166383,0.0007831294948014609,0.3540272764473262
2026-01-01 00:31:18,1,25.303883871707345,8.376099717154474,0.0016577407385790718,0.21593925614819814
2026-01-01 00:31:18,2,13.475812745975377,10.400506942034786,0.000316705734250532,0.3647759179398124
2026-01-01 00:31:18,3,18.00984032507258,10.077748728139227,0.003009322905056792,0.22377096084996603
2026-01-01 00:31:19,0,86.95494681969552,9.450405669976805,0.0010864629429498435,0.3946054862418785
2026-01-01 00:31:19,1,43.295645523840726,20.48173808480484,0.0007504828876915982,0.45098849338044483
2026-01-01 00:31:19,2,38.053916301649,8.570361714352181,0.002020765715047042,0.20866586287606534
2026-01-01 00:31:19,3,65.43257144136275,11.924327965403442,2.3528738276406994e-05,0.4687888894301289
2026-01-01 00:31:20,0,22.518328509906024,9.519113477845565,0.00010051613415744294,0.30171196513793236
2026-01-01 00:31:20,1,12.479042502247724,11.353310631702666,0.0002284572026086894,0.24583243598828217
2026-01-01 00:31:20,2,39.24725038979684,13.345492444724588,0.0012628907671645428,0.27175441508607057
2026-01-01 00:31:20,3,53.57827171370445,10.120242527355105,0.00017209494811555497,0.2497718013306459
2026-01-01 00:31:21,0,41.77549194235244,9.654143155392426,0.0008256788359301504,0.2718237902898289
2026-01-01 00:31:21,1,67.46827446948204,13.029928647443981,0.0006924439259557856,0.4661404546536254
2026-01-01 00:31:21,2,26.92105030340007,15.161740448180655,3.059929825102806e-05,0.47941088683107064
2026-01-01 00:31:21,3,76.76487534992712,17.7063554725978,0.0004470332116508095,0.6338178759720533
2026-01-01 00:31:22,0,59.63504323007725,9.819460535188355,0.0014239514708352583,0.223421444208464
2026-01-01 00:31:22,1,108.97109834561695,14.066380868282723,0.0008022424550012989,0.4547688313213285
2026-01-01 00:31:22,2,116.85617540460285,18.240359082926123,0.0005222248835332429,0.5257022111096781
2026-01-01 00:31:22,3,28.87055431704489,9.94949368593506,0.000353116811124361,0.23803157245186524
2026-01-01 00:31:23,0,25.685651880111045,10.044252329973654,0.0008017081852360451,0.1415211860892308
2026-01-01 00:31:23,1,12.205548547871977,8.48057399875774,5.288367819388247e-05,0.2273404828040965
2026-01-01 00:31:23,2,38.340789849513826,8.526313476468845,0.000322096698024165,0.28153876331717337
2026-01-01 00:31:23,3,20.77853857731315,9.974897949503251,0.0004552797436331132,0.10980934246779994
2026-01-01 00:31:24,0,19.31495263623159,10.522586211640284,0.0013479204209055416,0.358003748334812
2026-01-01 00:31:24,1,83.44898431445377,9.144339657075983,0.0003199368936156462,0.4323576025004183
2026-01-01 00:31:24,2,19.436866808575854,10.102206528517474,0.000823399262892096,0.41810309064298296
2026-01-01 00:31:24,3,7.180963123391331,11.303955846617352,0.0008447047259681018,0.28473252191686865
2026-01-01 00:31:25,0,9.382294603253824,10.334752705319659,0.0002552306243204466,0.31223470350032323
2026-01-01 00:31:25,1,49.369501226952785,15.080730354500243,0.0006229327459044249,0.4548873978386938
2026-01-01 00:31:25,2,19.239537922216265,12.876710932783574,0.001091981636005231,0.5198056286068495
2026-01-01 00:31:25,3,9.000443934227459,6.354690275858104,0.000160407520348556,0.2358114778308224
2026-01-01 00:31:26,0,16.22309241611256,7.15099584573207,0.000342327200221819,0.17919331712832076
2026-01-01 00:31:26,1,26.518355301603417,12.836660461444382,0.00031373381185347514,0.5064539069320744
2026-01-01 00:31:26,2,15.980814528848184,10.653898124692516,0.0018546206058933125,0.1633929877098115
2026-01-01 00:31:26,3,24.362801510003724,9.373547244496754,0.0005613660238201482,0.15029279769697243
2026-01-01 00:31:27,0,10.093196428663408,10.337663389325488,0.00325616707135269,0.37563589601166714
2026-01-01 00:31:27,1,14.634370175938104,17.198206223298534,0.001820370700605779,0.05218005467512222
2026-01-01 00:31:27,2,81.01280132213878,13.475527079086403,0.0008671953441861688,0.2817868483505876
2026-01-01 00:31:27,3,48.90676122594874,9.691358329105956,0.001615869248113587,0.3709309943428175
2026-01-01 00:31:28,0,21.30936876152005,10.4096871064602,0.0009575556658988408,0.14623891521570853
2026-01-01 00:31:28,1,32.76516204030976,10.106591702928034,0.0014540577715547083,0.10666100257801547
2026-01-01 00:31:28,2,46.3636131440653,6.761247238786604,0.002211155435741263,0.21776953443979602
2026-01-01 00:31:28,3,32.21323368536125,7.73353873492781,2.71308895513349e-06,0.3003846065859375
2026-01-01 00:31:29,0,30.40852085240341,14.269454913094627,0.00037095713202021176,0.43200348423239876
2026-01-01 00:31:29,1,59.34009418914401,10.193327391821716,0.00044768263890679593,0.3984950690246554
2026-01-01 00:31:29,2,19.79200857223765,8.965991696557817,0.0016563252657047312,0.25602526867553754
2026-01-01 00:31:29,3,27.240117845903296,7.52753590023322,9.914463076691239e-05,0.220123849522661
2026-01-01 00:31:30,0,30.20005454278177,10.026994548396878,0.002717584930429909,0.23141146296220155
2026-01-01 00:31:30,1,19.793609031635775,9.055403616515868,0.0008467367861839816,0.2853043706751202
2026-01-01 00:31:30,2,31.681456022546055,10.288912614582117,0.001997563016644001,0.3367293612552497
2026-01-01 00:31:30,3,31.958863236479413,17.219106449101723,0.0015949044556460245,0.5504152150916892
2026-01-01 00:31:31,0,15.661867189039704,11.072706930941841,8.12820964662998e-06,0.40630468729111424
2026-01-01 00:31:31,1,68.04807957672777,10.40824990084149,0.00021482943965181196,0.1773427655120105
2026-01-01 00:31:31,2,23.502802400115776,13.334492664072362,0.000481265911843181,0.3854070670415066
2026-01-01 00:31:31,3,16.1637332303937,26.851381825038267,0.00029613045957712394,0.7579338502394206
2026-01-01 00:31:32,0,59.66393895457849,15.40764477284236,0.0010180191089656763,0.31287680341969365
2026-01-01 00:31:32,1,25.78806105811393,9.221406165791539,0.0011675826483801997,0.27281138880304734
2026-01-01 00:31:32,2,46.63351891280324,16.563034763101555,0.00023538207828770067,0.6065769429725814
2026-01-01 00:31:32,3,10.021792709977465,11.00817418336641,0.0004823087152363205,0.3762307001270073
2026-01-01 00:31:33,0,29.308485148767197,10.93137362537848,0.00019971351130464128,0.07439486818592146
2026-01-01 00:31:33,1,34.43738192517675,5.895573738034978,0.0007332940232752993,0.260891458262723
2026-01-01 00:31:33,2,18.627578644135294,10.381401544094333,0.0004404651945750173,0.36654374517648747
2026-01-01 00:31:33,3,122.59832918909133,11.19820045401371,0.0011645075656001756,0.43430271756179023
2026-01-01 00:31:34,0,62.831856667007564,14.931590575586542,0.0002550655680234655,0.5281319796839008
2026-01-01 00:31:34,1,17.28122370165483,14.332589558665918,0.0012753198081971611,0.21975195885732943
2026-01-01 00:31:34,2,12.126693924626261,6.575643300150494,4.102537209066632e-05,0.06648328289052055
2026-01-01 00:31:34,3,26.377192767348106,13.753436399058732,3.967926219704447e-05,0.3683798104561544
2026-01-01 00:31:35,0,34.495103703596506,6.183740605879885,0.0001524483586097053,0.26532441705186904
2026-01-01 00:31:35,1,46.25855173133592,7.924075765198489,0.0011997314659655213,0.28394047218845436
2026-01-01 00:31:35,2,207.2693648661075,9.558085079381371,0.0012731902109697614,0.1801426891539747
2026-01-01 00:31:35,3,27.128394982492992,11.147292850299749,0.0012227284080237601,0.3397184214331979
2026-01-01 00:31:36,0,56.129886652621074,9.269735534946081,0.001119449350851286,0.4584122206422737
2026-01-01 00:31:36,1,23.57884912838198,13.235167821092807,0.00028131353782015326,0.3695665205831242
2026-01-01 00:31:36,2,82.78215594490396,15.912568394425765,0.0005257649969051433,0.47520848246527436
2026-01-01 00:31:36,3,27.920067104206296,10.098256261235505,0.00014977857654150162,0.35908940050844146
2026-01-01 00:31:37,0,9.863825211262455,15.750677015981719,0.0001616635881447663,0.2061932002907298
2026-01-01 00:31:37,1,28.792615723019388,12.867554885377864,7.020102150246211e-05,0.3112737398803366
2026-01-01 00:31:37,2,51.94722864855102,12.500405443535984,0.0005769234267555549,0.44673673151741217
2026-01-01 00:31:37,3,21.26158928609167,20.509377984626703,0.00086513873404763,0.58492786623669
2026-01-01 00:31:38,0,32.830291755397056,12.231551715824523,0.001571981705893259,0.33985825768123734
2026-01-01 00:31:38,1,17.078295065490124,11.025417438920181,7.198223685486297e-05,0.18061807202714103
2026-01-01 00:31:38,2,82.51460877699985,10.168554140343934,0.00018355362363855362,0.1794298371184783
2026-01-01 00:31:38,3,19.96447858033795,9.802398248738927,0.00013575790323166974,0.21957744011326621
2026-01-01 00:31:39,0,35.798689947198966,12.561369410562653,0.0002950786223558474,0.3040093710059112
2026-01-01 00:31:39,1,11.244195870294199,19.113101534700704,0.00038081205089050347,0.27422934121794834
2026-01-01 00:31:39,2,25.76515101572722,11.939421797341291,0.001262874628081181,0.3715363685741937
2026-01-01 00:31:39,3,41.01751482770407,5.266925189831852,0.0016496814334881304,0.16061719960507467
2026-01-01 00:31:40,0,45.30690624849476,11.377069705887681,9.506064658240482e-05,0.2282352586675757
2026-01-01 00:31:40,1,20.500302031546855,7.877458028598366,0.0007294374465868546,0.2741321619748107
2026-01-01 00:31:40,2,23.082881666135705,13.834491140251147,0.0007739747443324179,0.2763898544895916
2026-01-01 00:31:40,3,138.84873501190947,14.899217797566102,0.0008101491092044806,0.569567941884542
2026-01-01 00:31:41,0,6.544678771936603,10.73372983978318,0.0007046227471017613,0.19045594788512543
2026-01-01 00:31:41,1,13.998358562842705,11.956136925178653,0.0010816721791096762,0.39786231812852013
2026-01-01 00:31:41,2,17.313741657494734,8.616861667324716,0.0002848589311038984,0.19201173406704217
2026-01-01 00:31:41,3,17.91107033221236,19.124560879224344,0.001805868796332477,0.3699363027632945
2026-01-01 00:31:42,0,76.61916235740019,12.294306448132962,0.0008117496511045683,0.3716715337274476
2026-01-01 00:31:42,1,17.776214659879628,20.246667198216034,0.00027175041005450534,0.1332302795489282
2026-01-01 00:31:42,2,53.07971326695847,8.578749179047453,0.0017873615234297116,0.09286999334496016
2026-01-01 00:31:42,3,10.037740791564872,9.087958616267713,0.00017636286119645232,0.1733097567247378
2026-01-01 00:31:43,0,25.15927123898062,13.406247347977303,0.003885900119627641,0.3692238003937799
2026-01-01 00:31:43,1,24.89704886926004,11.320892828888372,8.678436443550006e-06,0.33082209995343764
2026-01-01 00:31:43,2,39.00305311530827,13.145964077470618,0.00061416983444276,0.39743011824915647
2026-01-01 00:31:43,3,20.899385136489588,10.797829392445,0.0022529249157339764,0.367017101902828
2026-01-01 00:31:44,0,8.064327972245108,11.82830561660041,0.0015395187251961346,0.09104685304106913
2026-01-01 00:31:44,1,10.00800378624923,11.003587665283797,5.4537286631092996e-05,0.21006233413402334
2026-01-01 00:31:44,2,43.05948029390847,16.954737328553847,0.00022820278805837232,0.545735605088002
2026-01-01 00:31:44,3,13.842977123370488,10.287706692932796,0.000285376192325612,0.2644470450058664
2026-01-01 00:31:45,0,12.105616089342409,11.359096956669985,0.0011577276175559694,0.11994818959308845
2026-01-01 00:31:45,1,31.380821913117085,10.110248301378055,0.00013160904781720826,0.22605017854802048
2026-01-01 00:31:45,2,16.382808474201774,9.757977649253727,0.0004761013851426479,0.2302501789842383
2026-01-01 00:31:45,3,26.1967644814797,14.728922273441936,0.0014039996520064332,0.5030128549258641
2026-01-01 00:31:46,0,58.8114714284454,8.512604416942922,0.0003570491502528383,0.19650589967590681
2026-01-01 00:31:46,1,35.46346604349795,8.775546070662411,0.0005619575553135782,0.1964203055033961
2026-01-01 00:31:46,2,23.701414400574482,9.928833817646243,0.00043506454252624727,0.26328771643962706
2026-01-01 00:31:46,3,60.92578490470608,16.041507060828835,3.1035789540551147e-06,0.45466928424381076
2026-01-01 00:31:47,0,31.729750487296865,9.049946457393105,0.00014629434832076944,0.3387380278735058
2026-01-01 00:31:47,1,102.77392564680122,14.562404060012508,0.0010346091651145996,0.4915820129519592
2026-01-01 00:31:47,2,9.436252700541667,12.253301066971327,0.0008391301671039518,0.2821102977956045
2026-01-01 00:31:47,3,45.77017079773572,14.106715714970786,0.0028512768242753457,0.5614880946691388
2026-01-01 00:31:48,0,6.167099905892001,9.386564764462412,0.0008190614561984748,0.08293033640813148
2026-01-01 00:31:48,1,41.61442710885905,11.824780390577413,0.0012837252530317872,0.3272851609810745
2026-01-01 00:31:48,2,14.708642857958806,8.991167684889849,0.0001391230423275613,0.07167118611221387
2026-01-01 00:31:48,3,29.58894467044058,9.408665784971868,0.00022172790384227374,0.3729145475328577
2026-01-01 00:31:49,0,28.28319990864497,11.069284766382957,0.0006160411971885939,0.407587420166116
2026-01-01 00:31:49,1,49.321312319089024,11.78608779251133,0.0012528164959838956,0.36147683415986614
2026-01-01 00:31:49,2,21.819293650320382,9.34281169722616,0.0007613118706186504,0.2783290733522009
2026-01-01 00:31:49,3,19.451775367881734,9.183416575768184,0.0005433927217540214,0.4126915520584094
2026-01-01 00:31:50,0,21.545590431250925,9.750092055527558,0.002832779969318113,0.21892986985843751
2026-01-01 00:31:50,1,20.877639731909277,9.172695523106745,0.00030150679949459466,0.22434173347489397
2026-01-01 00:31:50,2,41.884097960176135,11.707318774538575,0.00019433513911942826,0.2928713449408613
2026-01-01 00:31:50,3,28.289842211829182,13.704096083915612,0.00043837733083314614,0.24368692747011303
2026-01-01 00:31:51,0,80.72961698125359,11.373501370415386,0.0001482007967333367,0.34300970159456945
2026-01-01 00:31:51,1,8.338026929535241,8.153172131335033,6.187243019829906e-05,0.17817979582667823
2026-01-01 00:31:51,2,27.443510685303924,18.341794447146167,0.00019912617784743458,0.38472882797449465
2026-01-01 00:31:51,3,30.754793837547957,7.582259309590372,0.0008390273372428032,0.2339691920045343
2026-01-01 00:31:52,0,13.945003375352924,13.552243998442723,0.0004754910636867906,0.02
2026-01-01 00:31:52,1,52.859029683035054,12.732202880209732,0.000728279165789297,0.02
2026-01-01 00:31:52,2,49.83502404036794,13.175387462967363,0.0013018571361889724,0.42437218845169783
2026-01-01 00:31:52,3,22.299264683276075,12.998443676130343,0.00022610796014388415,0.3541874794784109
2026-01-01 00:31:53,0,71.33207157648744,17.039025480911995,0.0008700256026728084,0.3467942121232356
2026-01-01 00:31:53,1,37.1261156810814,14.401240375632362,0.0023603543595525182,0.304202151388056
2026-01-01 00:31:53,2,28.382073572612015,12.635652875824563,0.0001336232830066085,0.02
2026-01-01 00:31:53,3,33.625757294478,18.53624048382376,0.0008315413595250039,0.5007874661508136
2026-01-01 00:31:54,0,37.25383885357654,10.267661642211662,0.0016683675277697322,0.1272049931643937
2026-01-01 00:31:54,1,25.202864747457596,7.163884809912891,0.0014958513687685126,0.2177615858875062
2026-01-01 00:31:54,2,116.61295515303742,10.021549927050069,0.0003866113216656128,0.1358715939067552
2026-01-01 00:31:54,3,18.20480221393913,9.023388247421254,0.0016968912066806095,0.2759581927885521
2026-01-01 00:31:55,0,62.789902885196284,15.864146976698262,0.00132851858289127,0.31455247234443007
2026-01-01 00:31:55,1,25.022432686530845,11.703251124725897,5.3131901222502844e-05,0.5003224128910609
2026-01-01 00:31:55,2,49.503751403392855,8.105708709435177,0.000278551751910649,0.1455012754855682
2026-01-01 00:31:55,3,27.678421972015467,19.509086257693045,0.0008824776049721182,0.20489302642560264
2026-01-01 00:31:56,0,35.10170301083186,8.886005207068864,0.002489319517155924,0.15094365006089497
2026-01-01 00:31:56,1,12.401668771257668,9.449677791909346,0.0007284946988491416,0.2737529564914313
2026-01-01 00:31:56,2,25.740702742062055,6.743935782171546,0.0007874793515605745,0.23672782228389402
2026-01-01 00:31:56,3,15.403577241109428,10.281937771282731,0.0007871173404434658,0.11215245905121284
2026-01-01 00:31:57,0,39.60938947916147,9.208200865047646,0.001088538369615888,0.12237053568868186
2026-01-01 00:31:57,1,23.15636417183793,10.449726483974459,0.0022663174027309683,0.20571824969657093
2026-01-01 00:31:57,2,95.59808229080592,15.822393996362484,7.547526122891456e-05,0.5453204590357523
2026-01-01 00:31:57,3,29.95095752920253,11.350619780547751,0.00014424802814464068,0.23404472792763714
2026-01-01 00:31:58,0,40.86620039264987,16.140321708064565,0.0004794164847671153,0.30035376628709815
2026-01-01 00:31:58,1,22.68486168255919,7.7912337007295545,0.0022038475984469084,0.25880157323829256
2026-01-01 00:31:58,2,31.128461976041915,19.330859284459198,7.387461967203565e-05,0.4842987617900513
2026-01-01 00:31:58,3,31.323974575638992,11.73052500719194,0.00029043332206083556,0.4257215423977729
2026-01-01 00:31:59,0,60.95437753987072,10.790323897112566,0.0025765022354087446,0.30523506003456946
2026-01-01 00:31:59,1,79.16051604281887,8.61592444959472,0.0016461705445184886,0.09216764505635167
2026-01-01 00:31:59,2,41.228319020251035,8.741062023649695,6.385151194554175e-05,0.2549791952049927
2026-01-01 00:31:59,3,53.59710297376511,12.01753747215624,0.0028433015724762148,0.4610868057608261
2026-01-01 00:32:00,0,88.36245603122471,10.141872871804559,0.0005210450747532726,0.3422141308960837
2026-01-01 00:32:00,1,46.139365136424544,6.362338119776362,0.0009348812060973486,0.24982048565620577
2026-01-01 00:32:00,2,29.162167145269905,11.125769937556854,0.0001237363376044464,0.4797266628380035
2026-01-01 00:32:00,3,35.706226783486734,12.19886685764148,0.0020063243624563634,0.46190456727302964
2026-01-01 00:32:01,0,22.79284701130923,13.591294596890958,0.0005104217076325093,0.12727827274668416
2026-01-01 00:32:01,1,17.26385054368116,8.402682191849566,0.0010476568786091424,0.08498794581654545
2026-01-01 00:32:01,2,39.2825769493583,12.862526809506981,0.0006951181481878435,0.14580632669188998
2026-01-01 00:32:01,3,73.39582444311142,15.09711914104914,0.0005428281192689465,0.517187908630289
2026-01-01 00:32:02,0,55.120413749905154,10.177914177622808,0.0017230745753087683,0.3153040760336616
2026-01-01 00:32:02,1,45.28685821922596,12.850408678429776,0.0004932224823852299,0.5012516062081633
2026-01-01 00:32:02,2,5.127082329881282,8.169529488382835,0.0014360865360916097,0.2216274887791514
2026-01-01 00:32:02,3,40.72653687765903,14.743718522552744,0.0007020907826327533,0.5322632301416638
2026-01-01 00:32:03,0,46.94373453400456,10.751988633442505,0.001150487996730322,0.17196020012722174
2026-01-01 00:32:03,1,146.75498938663299,12.852907846341692,0.00013710003645899918,0.4917199336128104
2026-01-01 00:32:03,2,98.43232670837362,13.332110281439894,0.0005831491480795693,0.13211285695545244
2026-01-01 00:32:03,3,14.104288315112285,8.988248111081013,0.0013356791492456005,0.1317193950107789
2026-01-01 00:32:04,0,9.667843768588,11.78119156227233,0.0015400533250544855,0.30846068812382665
2026-01-01 00:32:04,1,28.85188988544302,9.697507867167886,0.0009254067780659947,0.1615911677150954
2026-01-01 00:32:04,2,20.635173443616743,14.329583157388107,0.0021651309556560533,0.4075480514314307
2026-01-01 00:32:04,3,13.832751832576193,9.634812425878009,0.0009703302751431329,0.37573092723622464
2026-01-01 00:32:05,0,145.80989862241108,11.111942498842009,0.0006533859035190365,0.22278422219412944
2026-01-01 00:32:05,1,8.986156001854836,7.439673921076524,0.0021703679851524577,0.3602772481868972
2026-01-01 00:32:05,2,23.009650747254295,15.153585774819064,0.0001754234919878968,0.40825457794211717
2026-01-01 00:32:05,3,35.3302969578496,11.55816574903922,6.719580347137278e-05,0.16555936462384838
2026-01-01 00:32:06,0,36.516581691727424,6.971817457221385,0.0022191597808574226,0.2620755490054544
2026-01-01 00:32:06,1,17.50133934786271,13.60497119504431,0.0009286535826485446,0.2232003006589746
2026-01-01 00:32:06,2,5.515826336128665,17.08581522746204,0.0010536560580005196,0.2753480051608455
2026-01-01 00:32:06,3,45.60917563438306,14.942547882828933,0.00010374380362766898,0.15754692856546146
2026-01-01 00:32:07,0,10.141156442749876,10.28347005754034,0.0007804761742308653,0.19774553879339055
2026-01-01 00:32:07,1,23.472939555311743,16.790616032860576,0.0012680536799325958,0.09206287713484806
2026-01-01 00:32:07,2,13.820566578060841,15.467448191040855,0.0003309323657819276,0.5494413606899643
2026-01-01 00:32:07,3,17.95030306248042,10.458354352998434,0.0021831343028621553,0.28696105879696593
2026-01-01 00:32:08,0,27.408848670969356,11.439337377723936,0.0007054555812651376,0.44112933115061786
2026-01-01 00:32:08,1,77.46349163442179,21.231207456651195,0.00047789776166898767,0.5522663014133316
2026-01-01 00:32:08,2,74.6625298921369,18.216830172323167,0.00012801984678493993,0.5966712986381779
2026-01-01 00:32:08,3,59.49129105192573,11.846570397097704,7.539345243523355e-05,0.33914449801692936
2026-01-01 00:32:09,0,41.211169723401596,10.988268931813796,0.00029956889439188087,0.18084943801234787
2026-01-01 00:32:09,1,55.16945774861019,7.584459563560622,0.003325536901975707,0.24896051590565973
2026-01-01 00:32:09,2,31.598452065348784,11.723436803946349,0.00032559772946027295,0.17481556441383883
2026-01-01 00:32:09,3,13.763831972322372,9.850843019301736,0.0013016676998989596,0.22291746375286234
2026-01-01 00:32:10,0,58.10354259762655,14.259521093727011,0.001915690869189917,0.27048128105012326
2026-01-01 00:32:10,1,31.96706146712348,14.681630729686406,0.000913728557702883,0.46426909726257876
2026-01-01 00:32:10,2,28.264912492167483,9.006211006489579,0.0004896743332948291,0.26256389324140744
2026-01-01 00:32:10,3,30.948368214324397,9.303277777463492,0.0008414945363905036,0.26815121687915655
2026-01-01 00:32:11,0,110.09206323515497,9.415796832643377,0.00010621412153778214,0.2922748622724634
2026-01-01 00:32:11,1,24.119092421139992,16.72674711474371,0.0002606353288528887,0.347806044698593
2026-01-01 00:32:11,2,18.75075236750399,10.670096889049898,0.0005462176010647006,0.28489751982058076
2026-01-01 00:32:11,3,30.08477728763815,12.145836952225524,0.00045814637278315514,0.36213207124605185
2026-01-01 00:32:12,0,44.46947301890425,13.069703996775193,6.954110184124613e-05,0.4814486336868324
2026-01-01 00:32:12,1,22.13016333288254,11.897104702514286,0.0002917775269837947,0.37974516987363494
2026-01-01 00:32:12,2,11.324122968947934,9.342204971829974,0.0004478362419917436,0.22502629749356365
2026-01-01 00:32:12,3,22.287000936654195,10.303227188513734,0.0014061655180893904,0.27267499054194166
2026-01-01 00:32:13,0,53.70335929236636,7.112518256198769,0.0008908906004761108,0.18672729132701799
2026-01-01 00:32:13,1,38.803539038610836,7.958542378798702,0.0023047391461284194,0.20486800979768238
2026-01-01 00:32:13,2,43.252842042919774,14.213026573691943,0.0007999971066210128,0.22105365248686332
2026-01-01 00:32:13,3,5.0,11.5092340835755,0.0007041245899072104,0.048939374949643955
2026-01-01 00:32:14,0,19.79033447218911,10.904894910160998,0.002351079313791425,0.2970610362183402
2026-01-01 00:32:14,1,28.82431763132197,7.568520583042687,6.858143216390298e-05,0.2819511448898039
2026-01-01 00:32:14,2,28.39689354127887,12.430778345134746,0.0018569127901751866,0.5466653023694732
2026-01-01 00:32:14,3,22.618182025625277,10.600377290200726,0.0008087426202624034,0.2546328618057384
2026-01-01 00:32:15,0,39.98792875120323,10.445016911812797,0.0007817631299298933,0.4150431839937473
2026-01-01 00:32:15,1,26.387002390216434,10.364301567894657,0.0012583594099452964,0.2651409457946166
2026-01-01 00:32:15,2,16.371620471730896,16.08061477646009,0.00035588318320741607,0.5287403088631114
2026-01-01 00:32:15,3,26.43702324200029,7.742803845470429,0.0012030453289809484,0.21006677555048772
2026-01-01 00:32:16,0,72.93690833669223,16.403395944501526,8.621615012197704e-05,0.5003528251701309
2026-01-01 00:32:16,1,27.05523054229081,9.390670215532744,0.001245307185664882,0.3414757577956264
2026-01-01 00:32:16,2,9.628999826162495,10.743732339112473,5.884443775683564e-05,0.31525313489263557
2026-01-01 00:32:16,3,56.64929118011091,16.389050816497786,0.0005168691305415189,0.5868452033261455
2026-01-01 00:32:17,0,37.49450287000735,12.286289940216566,0.0006665590315659137,0.3672142270503032
2026-01-01 00:32:17,1,10.807898144294557,10.856249593583154,0.0006244322803037772,0.3224840657643331
2026-01-01 00:32:17,2,21.921830682754447,10.919528537315745,0.0009056600724748824,0.1905432400029498
2026-01-01 00:32:17,3,13.41656924214287,9.240878347186234,0.00023620800829604713,0.06404767614958128
2026-01-01 00:32:18,0,27.890412270710016,12.08525549266233,0.00017728545356819972,0.2469320072372453
2026-01-01 00:32:18,1,14.18542262125091,17.120713473681842,0.0002945423775406682,0.4768740709205548
2026-01-01 00:32:18,2,82.18430069221968,12.254946837768273,0.00034074537525710083,0.3439959527108424
2026-01-01 00:32:18,3,34.25914772741137,9.119938629959048,0.0017153539614713552,0.11437328621087307
2026-01-01 00:32:19,0,94.38094170052314,7.914218791203942,0.0010744489497612757,0.10907336001865592
2026-01-01 00:32:19,1,49.16675559784398,9.799497861254942,0.0015703249499243758,0.24262215096310277
2026-01-01 00:32:19,2,71.55077699455425,7.390501304994999,0.00039957159959963826,0.1604887212105836
2026-01-01 00:32:19,3,89.24288457098737,14.686117831229781,0.0006008542329930355,0.49436505538562014
2026-01-01 00:32:20,0,49.352556023457595,10.31354851409695,0.0006826039727707154,0.33564456015268723
2026-01-01 00:32:20,1,55.66341738115647,13.634280765174012,0.0004914735414050007,0.34620605939595567
2026-01-01 00:32:20,2,48.32012039726709,13.219340383492076,0.00015978947615836992,0.48839398600767847
2026-01-01 00:32:20,3,81.5142234564201,8.29392264093579,0.00031289299528222236,0.2642709420534979
2026-01-01 00:32:21,0,19.18467518482791,8.595388822715114,0.00028203167129947556,0.16702543999850616
2026-01-01 00:32:21,1,28.19284841664473,9.340877321051158,2.686734715125298e-05,0.261115248490854
2026-01-01 00:32:21,2,37.84147101821443,13.34097687234067,0.0004921755859171599,0.3615315159101429
2026-01-01 00:32:21,3,102.56151688103027,10.096223294429885,0.0004725840655674347,0.363728596047303
2026-01-01 00:32:22,0,24.913851107115487,9.620498215622296,0.0003927214376179949,0.11731535432162117
2026-01-01 00:32:22,1,22.070928799344756,8.5881863847218,0.00038099256979090513,0.3307738487019868
2026-01-01 00:32:22,2,8.09844663481633,11.795688293398381,0.0003593477443407556,0.20515548020797697
2026-01-01 00:32:22,3,18.414417125152436,14.11575460257262,0.000186973645366034,0.41898591860772777
2026-01-01 00:32:23,0,19.667332409101782,9.725622050960903,0.001143722437216765,0.06854474080395688
2026-01-01 00:32:23,1,25.30453951202674,10.931764638254911,0.00039147120536885236,0.22345543749901045
2026-01-01 00:32:23,2,28.24003645599514,8.283270932180793,7.799782695547398e-05,0.157086149087604
2026-01-01 00:32:23,3,16.59470200062688,12.836619535900343,0.00013426850864052634,0.32627470732133873
2026-01-01 00:32:24,0,27.821367133902733,13.814318942816016,0.00038900863674537836,0.3187722505063832
2026-01-01 00:32:24,1,7.148654854453012,8.244875367347873,0.0009502160588331275,0.16344770530719666
2026-01-01 00:32:24,2,47.43325347749287,12.304922121015913,0.0011831111134368221,0.40897817022796557
2026-01-01 00:32:24,3,26.92217998665029,7.108719585714569,0.002109080669834425,0.20160586825440197
2026-01-01 00:32:25,0,69.14243851324659,14.349698342440895,0.00018522503386465215,0.4343842777118638
2026-01-01 00:32:25,1,25.572732380810574,10.313947160266,0.00320659558101782,0.37697057755812724
2026-01-01 00:32:25,2,77.21403351236718,17.127270616872217,0.0014518992240665119,0.5858021838188479
2026-01-01 00:32:25,3,16.215159938659863,9.721888887422754,0.0007295090594626077,0.24124098214900785
2026-01-01 00:32:26,0,30.941286497796227,7.32457123538586,0.0010603475905163304,0.16179225687149898
2026-01-01 00:32:26,1,22.0508338031029,8.851893917604734,0.0008677765469295752,0.1834745332304028
2026-01-01 00:32:26,2,53.621369648950484,19.091178818749093,2.5911744629516115e-05,0.564705826030098
2026-01-01 00:32:26,3,27.291705893067505,8.396161753405858,0.0010593298663961303,0.281728377125825
2026-01-01 00:32:27,0,12.508625053025103,10.890183370314668,0.00014631984223474628,0.4676304330749074
2026-01-01 00:32:27,1,9.084674253271341,13.429575277215344,0.0013407788501657405,0.3724315392863403
2026-01-01 00:32:27,2,24.579500602488714,14.35461431339645,0.001532451115852461,0.12016654282262268
2026-01-01 00:32:27,3,74.23944215107765,13.598373121154687,0.000265838400805257,0.5460659590673189
2026-01-01 00:32:28,0,91.50855923635268,8.85194677165967,0.00025107369431721184,0.33887526582488176
2026-01-01 00:32:28,1,49.09898554835319,11.436573733985863,0.0008497895910031452,0.40607389208078265
2026-01-01 00:32:28,2,22.310019349190235,13.829623451907633,0.0006394172311178374,0.34473982932758107
2026-01-01 00:32:28,3,43.23476733875585,7.569987975194554,0.0004482889374521002,0.2367218227807368
2026-01-01 00:32:29,0,40.53557770421717,10.875706353416705,0.0001388481956738242,0.17267873930282396
2026-01-01 00:32:29,1,91.95489988368324,15.168747522459178,5.597551796384563e-05,0.07848270746842236
2026-01-01 00:32:29,2,92.96443423933634,19.238165758872846,0.002216751551271737,0.6632922770531798
2026-01-01 00:32:29,3,68.00109521386361,16.95627024356191,0.001237204778593907,0.6410714222793831
2026-01-01 00:32:30,0,84.83881704550507,11.278378767689633,0.00020748959737660174,0.19938714188274032
2026-01-01 00:32:30,1,19.65231068481577,8.170876563299148,0.004359308707287783,0.07961310666075831
2026-01-01 00:32:30,2,23.928960009696745,8.751830025508715,0.0009669445987484233,0.223540123771847
2026-01-01 00:32:30,3,20.390210527844303,8.97836614778437,0.00017490679839502661,0.17284920920326052
2026-01-01 00:32:31,0,45.07803811393797,9.668106944014786,0.0006713049425529149,0.3669401930802991
2026-01-01 00:32:31,1,29.183476692688394,8.801469731991652,6.184984266906607e-05,0.21719941905947904
2026-01-01 00:32:31,2,66.7999170600644,6.493822642011533,0.0002744762510644493,0.23611747702348074
2026-01-01 00:32:31,3,30.34973557936352,11.01480456853554,0.000819136100358427,0.4260167748087104
2026-01-01 00:32:32,0,21.01386896374644,11.620001745432138,2.0972548756751057e-05,0.05713665810547798
2026-01-01 00:32:32,1,28.422968766205805,11.401319204329047,0.00035201058956359113,0.2755638402996395
2026-01-01 00:32:32,2,9.133130422595608,9.706326736884503,0.0007316511021066445,0.12672051638086038
2026-01-01 00:32:32,3,21.73543806926094,11.723338250753848,0.0013474447589030335,0.47054763454124543
2026-01-01 00:32:33,0,34.7125965030132,12.308279644371616,0.0010139204079360922,0.35571079577118864
2026-01-01 00:32:33,1,52.460608786489374,12.89201363050853,0.00021363904314834623,0.40495170466251523
2026-01-01 00:32:33,2,54.12659482141377,15.652235379837988,0.0004885337040280367,0.5700820734351897
2026-01-01 00:32:33,3,40.28178000282628,7.127174384541467,0.00012102902511187162,0.23914950479938046
2026-01-01 00:32:34,0,21.3383514058215,14.797190754174753,0.00018955019599216642,0.3848899994774434
2026-01-01 00:32:34,1,49.80109534282232,13.765242065283056,0.0022842341699955077,0.28465063658360995
2026-01-01 00:32:34,2,68.1433318543933,9.094022161296422,0.0006252922258036108,0.35411019952318024
2026-01-01 00:32:34,3,55.97933357917608,8.070840199871824,0.0007529065689953734,0.16585914413815556
2026-01-01 00:32:35,0,17.755519874579694,15.07869642683109,0.0012194180553725326,0.10973006801766262
2026-01-01 00:32:35,1,111.18243235294362,10.105534752980153,0.001069276898918025,0.28117352875324975
2026-01-01 00:32:35,2,12.045170172498752,9.637851643550587,0.0007318079811232772,0.3208018332096505
2026-01-01 00:32:35,3,23.955683730838416,15.912594949578283,0.0005765844617253048,0.45857058096638625
2026-01-01 00:32:36,0,34.71138925358225,13.67168669368048,0.00011431562478058169,0.4250036741797781
2026-01-01 00:32:36,1,52.026246317813175,7.277128849640574,0.0016534658773411477,0.33037048190256413
2026-01-01 00:32:36,2,69.36350700009959,9.750582177224024,0.00036373797008543076,0.44989087975512015
2026-01-01 00:32:36,3,20.095066437458716,11.64824940822891,0.000257453288443043,0.1916344648203793
2026-01-01 00:32:37,0,67.59739241251609,9.17320939850116,0.0003908951024867888,0.15867252003947707
2026-01-01 00:32:37,1,8.088925639461806,14.92686267568369,0.0015426091198136216,0.12999266694544565
2026-01-01 00:32:37,2,27.567587148707368,13.304711889117588,0.0002334487554558476,0.43792656367689226
2026-01-01 00:32:37,3,39.17868124140778,11.30690430465406,0.0005139731346256306,0.2670309027808293
2026-01-01 00:32:38,0,43.39033528308086,9.521412665879376,0.00017120780941904393,0.304825985700713
2026-01-01 00:32:38,1,33.29891862039539,10.643863456289433,0.0014065256580373367,0.1981953297365258
2026-01-01 00:32:38,2,15.5262855133724,11.439270413105568,0.0025816474197866437,0.30951676677956863
2026-01-01 00:32:38,3,28.133083139463444,7.488472763957001,0.0016670746476721504,0.04002388255339654
2026-01-01 00:32:39,0,27.074450839436125,9.93511152325441,5.58528258352806e-05,0.39725408389374856
2026-01-01 00:32:39,1,40.788768135787855,10.153722175362127,0.0011909937052846783,0.21715833472874993
2026-01-01 00:32:39,2,6.467566988722223,18.569370389454573,0.0011102527551241843,0.36236190352074094
2026-01-01 00:32:39,3,87.30508939848902,10.050135424525221,0.001255502219557166,0.2453568741550995
2026-01-01 00:32:40,0,90.12507103701562,21.061001898509282,0.00022796952925063416,0.43073678134814936
2026-01-01 00:32:40,1,20.5866714598434,13.152064175016893,1.7698885264249512e-05,0.30481518131428115
2026-01-01 00:32:40,2,17.674713685088353,8.466484746677114,0.002381891400595845,0.21897082419792802
2026-01-01 00:32:40,3,33.04662513117756,11.732393139024975,0.00216703783417314,0.14568127997244185
2026-01-01 00:32:41,0,66.31949536668237,10.441103140976907,0.00031429520191268305,0.05065779352968894
2026-01-01 00:32:41,1,71.07213702814651,8.185888643333863,0.0010929818868572621,0.17712572518905442
2026-01-01 00:32:41,2,66.89123627692182,10.919758133577515,0.0005446272644348813,0.37893959455298687
2026-01-01 00:32:41,3,20.201919410908165,14.669986778546514,0.0004623665035769694,0.062242795903263745
2026-01-01 00:32:42,0,67.95222375174119,9.733663725060548,0.0002990980747658352,0.18768802803192092
2026-01-01 00:32:42,1,61.08087971632332,14.136691768266534,0.000122552040850898,0.48271336782769264
2026-01-01 00:32:42,2,81.69614761335862,18.680089762670598,0.0010082198965158124,0.510133132827982
2026-01-01 00:32:42,3,25.781206276639633,17.61912804090838,0.00015500509057271062,0.5294657839958959
2026-01-01 00:32:43,0,63.03995769191106,10.79062240437697,0.0024882377161906093,0.40112448500338227
2026-01-01 00:32:43,1,55.410366114868026,8.96801916474314,5.835573832481692e-05,0.10620286480443324
2026-01-01 00:32:43,2,52.334581982049,8.621226512368391,0.0007181086208293436,0.2093556175048082
2026-01-01 00:32:43,3,66.7711497692911,16.646392672180504,0.004961601078814607,0.2786452047871323
2026-01-01 00:32:44,0,17.15248995235315,9.006397468425133,0.00025006329118389977,0.08812930757676048
2026-01-01 00:32:44,1,63.17614799802269,9.526390509858395,0.0025459904571739187,0.28587300197572635
2026-01-01 00:32:44,2,31.35050056239318,15.560151251872146,0.003188626726057825,0.18843670977769608
2026-01-01 00:32:44,3,13.709307427291,12.32270614933216,0.00019014610545231719,0.38515207911895283
2026-01-01 00:32:45,0,13.760183837730144,7.144234189827712,7.031741579707393e-05,0.1860717652233867
2026-01-01 00:32:45,1,38.73597110112443,6.616097455548896,0.0016820094143456036,0.25980305443567786
2026-01-01 00:32:45,2,16.198529157273,19.0171061280013,0.0004974762272215439,0.5209997718261102
2026-01-01 00:32:45,3,28.12555657911932,14.847608420589367,0.00017206229006647256,0.5168010501708243
2026-01-01 00:32:46,0,80.15624661217306,9.178796338846196,0.0009268142123915036,0.25165346562220653
2026-01-01 00:32:46,1,64.35092573248671,19.9118938595296,0.0005788108546933852,0.3472874445590738
2026-01-01 00:32:46,2,25.100752144331675,13.38860497752459,0.00023759820706784388,0.43059444074502845
2026-01-01 00:32:46,3,24.02549183080899,8.859843457495753,0.0002956777253225145,0.09436642738472634
2026-01-01 00:32:47,0,171.12889807877377,9.411688335735672,0.0003951398702556677,0.39677935675952614
2026-01-01 00:32:47,1,73.3898466275536,8.271369005718476,0.002805293821120497,0.16629140020097166
2026-01-01 00:32:47,2,18.731829756270283,8.76573580604299,0.000932943007035898,0.3378246727106323
2026-01-01 00:32:47,3,30.19279989889133,11.621963143853783,0.001123050691763769,0.30098063953691095
2026-01-01 00:32:48,0,25.33813592584545,14.742239798158888,0.001648978025833874,0.36533278523253904
2026-01-01 00:32:48,1,34.228511325537035,12.542244001984326,0.00138164745550962,0.39712651141878896
2026-01-01 00:32:48,2,30.07851950890691,11.068895169840847,9.667559102665826e-05,0.28162262178151576
2026-01-01 00:32:48,3,65.2226107675456,14.91896797169595,3.229629217386945e-05,0.5422802731063149
2026-01-01 00:32:49,0,106.52144088791597,7.187846590690679,0.000650885437066837,0.15874228671575613
2026-01-01 00:32:49,1,29.662922283501548,13.470359318735282,0.0005538430283030158,0.46028894801600506
2026-01-01 00:32:49,2,58.08154052036314,12.234514116439906,0.0001554167640479235,0.3253743903756427
2026-01-01 00:32:49,3,37.33223162521683,11.523019270269462,0.00033147479025822746,0.37152887523264394
2026-01-01 00:32:50,0,9.73352654634532,11.09069998502632,8.889329211235449e-05,0.17595587057134426
2026-01-01 00:32:50,1,15.729375934747907,11.089183323328553,0.0011157171901799072,0.322990342357165
2026-01-01 00:32:50,2,28.813264312977427,13.891941859704215,0.00015622878312713569,0.447946902241101
2026-01-01 00:32:50,3,125.67359727586444,7.952461940471784,0.00014548090777024927,0.19121878814042928
2026-01-01 00:32:51,0,17.8986032912871,15.498659767677243,0.0007609481965900227,0.11439968699441912
2026-01-01 00:32:51,1,52.37331596845056,8.431930175611766,0.001427087243805822,0.2479031241915549
2026-01-01 00:32:51,2,33.76728108162628,22.563641497492927,0.0001611323511237825,0.6613060347656752
2026-01-01 00:32:51,3,13.763025408667696,9.1769148467954,0.0005945440201993534,0.257740011165146
2026-01-01 00:32:52,0,63.57940655229987,12.82111856524586,6.632467423195179e-05,0.35245307658949526
2026-01-01 00:32:52,1,30.420510696266614,8.70345936473944,0.00011659126792427467,0.2800480155153982
2026-01-01 00:32:52,2,57.03319930303016,11.652241494176568,0.00032777774163593557,0.23162099649967405
2026-01-01 00:32:52,3,9.817302748006453,17.66386232155006,1.703405238692313e-05,0.5004732342555408
2026-01-01 00:32:53,0,21.2499984400553,11.733357645261107,2.647311294488657e-05,0.43690830148173254
2026-01-01 00:32:53,1,16.530282570623406,14.084491162128275,0.00042886094058088616,0.25140580447761296
2026-01-01 00:32:53,2,14.396122291221848,11.356290327770683,0.00040307705409877164,0.17659504848252489
2026-01-01 00:32:53,3,66.03172788797518,10.969470778521712,0.00016326995118944637,0.39324594418117065
2026-01-01 00:32:54,0,38.73926115640302,14.74530266662818,0.0002082345134536622,0.0771361617301359
2026-01-01 00:32:54,1,29.386417311928916,9.851803819161574,0.0025539483985036783,0.41047442223584973
2026-01-01 00:32:54,2,7.0494390105697,10.372116921765024,0.003021488264906339,0.07372649099049954
2026-01-01 00:32:54,3,41.14548949995992,15.420478610776954,0.0010183872071549015,0.5607696764960852
2026-01-01 00:32:55,0,48.1183251683086,14.681627027372109,7.80876769555784e-05,0.3821206232380412
2026-01-01 00:32:55,1,49.23364170206782,9.9821665743067,0.0006821530472584888,0.34004332465541737
2026-01-01 00:32:55,2,17.633985806833305,18.081548770422835,9.275169235369032e-07,0.4401634450631016
2026-01-01 00:32:55,3,25.331194207209183,9.974173929004365,0.0004968712983199104,0.19384708810307938
2026-01-01 00:32:56,0,18.858971801320255,9.268102418255328,0.0003179114947515308,0.21981291903246286
2026-01-01 00:32:56,1,34.501474173153284,13.549984301074566,0.0017374182596560993,0.4428617212304571
2026-01-01 00:32:56,2,27.435689117708375,17.65226591027541,0.0003246704789644219,0.5085551918257166
2026-01-01 00:32:56,3,29.779408367255616,13.18934292103252,0.0001978216270696461,0.5333479819265563
2026-01-01 00:32:57,0,15.373947530893325,8.335568771450369,0.0003860526075442354,0.1056588151831958
2026-01-01 00:32:57,1,23.926754255070005,9.711773262147435,0.0001599289113886793,0.3943521205731959
2026-01-01 00:32:57,2,22.668434872138118,7.5680326340840764,0.001942885670244374,0.07323909413037306
2026-01-01 00:32:57,3,50.3609311456135,13.245445880181178,0.00026066901375226207,0.2830627973601601
2026-01-01 00:32:58,0,41.58370063112599,8.601381118510355,0.0001699575327174732,0.15101830968234042
2026-01-01 00:32:58,1,38.45790859291181,14.647062808411597,7.100158884976048e-05,0.5001153257098088
2026-01-01 00:32:58,2,24.337443717263454,20.389222731030646,0.0010275091452877996,0.5650480515771181
2026-01-01 00:32:58,3,86.636576172068,13.970853593888926,3.0314919907268024e-05,0.49655264730615495
2026-01-01 00:32:59,0,10.639506385850398,6.8608351517607655,0.00012629793086011822,0.2939695668587523
2026-01-01 00:32:59,1,23.9772890100594,12.090000375526229,0.0009774615000105575,0.02131423374401334
2026-01-01 00:32:59,2,62.53734887984293,14.684291027900514,0.0001533883019671042,0.3080974532440589
2026-01-01 00:32:59,3,145.9333560905995,10.747199072200575,0.0002835765192269084,0.0458032571286893
2026-01-01 00:33:00,0,23.96747719290241,10.622882051659499,0.000749175244904848,0.06863965724433785
2026-01-01 00:33:00,1,34.27556388355973,13.108236508276114,0.002879545116391023,0.3406993317546987
2026-01-01 00:33:00,2,47.82426390547418,15.399193893252827,0.0002563693677405868,0.41219142372944484
2026-01-01 00:33:00,3,46.006869923573014,10.99608337202316,0.00010898747901156028,0.13756628633253193
2026-01-01 00:33:01,0,82.01619135872438,17.51579215618051,0.001570218501874234,0.31384069825939687
2026-01-01 00:33:01,1,14.05864531075096,12.760955688343081,6.86203686987132e-05,0.15769864994393473
2026-01-01 00:33:01,2,16.03385478453585,11.859817185244328,0.003017755364274968,0.28252420017297364
2026-01-01 00:33:01,3,19.021866648991278,14.584736642602344,0.0008304446713977776,0.41363702167835165
2026-01-01 00:33:02,0,33.42546517630336,15.674208693947795,0.0009489967016581935,0.4085672835108477
2026-01-01 00:33:02,1,94.68531875991248,16.16019604153888,0.001182523466390887,0.5570095004978577
2026-01-01 00:33:02,2,13.662066152665966,10.964373954252858,0.0010827928912421662,0.33648424803586685
2026-01-01 00:33:02,3,17.30095192756272,10.44848763128541,0.00025498770351736576,0.4035443862562026
2026-01-01 00:33:03,0,30.77935014611082,6.819499732632336,0.005047279337070028,0.14249436272624044
2026-01-01 00:33:03,1,16.727410068423914,7.541960447392107,9.63617015780047e-05,0.12947538052461546
2026-01-01 00:33:03,2,14.152817579384696,16.165526365606873,0.00017395724769956082,0.4974580153676437
2026-01-01 00:33:03,3,83.45384117916117,17.317476937831543,0.0004937104759059841,0.3186650113092403
2026-01-01 00:33:04,0,15.663937960717119,9.666836229603172,0.002293147882313221,0.307765530103437
2026-01-01 00:33:04,1,31.041601434971735,10.05513960968276,1.0978516670964978e-05,0.21268827460885315
2026-01-01 00:33:04,2,35.51994813179205,11.035620051760063,0.000113913593218765,0.41144303782512537
2026-01-01 00:33:04,3,23.828722641704925,10.138658786621926,0.0003242208513316521,0.04365249784817145
2026-01-01 00:33:05,0,17.19643721600637,11.946209101132185,0.0006597362340584677,0.29850356166462244
2026-01-01 00:33:05,1,45.45506976522499,12.432831220486685,0.0002558923990930701,0.45644389778203365
2026-01-01 00:33:05,2,21.42256758214827,10.80496560714218,0.0008729427434498105,0.2621494358787475
2026-01-01 00:33:05,3,27.17861696139757,11.229999367075694,0.00022168400423652719,0.24415323601937786
2026-01-01 00:33:06,0,12.625248340878544,10.40568808589657,0.0017348327576624937,0.21819269319023246
2026-01-01 00:33:06,1,44.958822622581856,10.266588996282934,0.001178518006397731,0.24517754015618698
2026-01-01 00:33:06,2,117.03077893097544,18.108009549890244,0.00046449942842678374,0.5569161611029705
2026-01-01 00:33:06,3,48.57696229348001,16.153017847599823,0.0006334943363969773,0.42219948557608766
2026-01-01 00:33:07,0,169.57649442808707,10.124859545017172,0.00031817618154968656,0.4033081007927994
2026-01-01 00:33:07,1,22.69740869312376,15.099428850463982,6.458085296760176e-05,0.15859770961849956
2026-01-01 00:33:07,2,64.49469301790606,8.230974764701955,0.0002021776475524825,0.16620953629609278
2026-01-01 00:33:07,3,39.60233381440161,13.703908387798215,0.002711231521042858,0.4199032062504793
2026-01-01 00:33:08,0,29.904491719888796,13.340237519454586,0.0007135886753111652,0.4852221838752456
2026-01-01 00:33:08,1,39.297153822201054,7.2771740391428255,0.00043741586172775347,0.16554146336470293
2026-01-01 00:33:08,2,32.12476000231277,12.252727965040423,0.0012555158952903054,0.27635370284693117
2026-01-01 00:33:08,3,51.949465307760214,16.859516907570878,0.00043827338831856717,0.2615809198374232
2026-01-01 00:33:09,0,55.92128630052235,12.148883441241718,0.0002769927388349323,0.3668470428771205
2026-01-01 00:33:09,1,47.138896132065696,18.600531809519474,0.002436204062614009,0.5098706651766375
2026-01-01 00:33:09,2,128.44046557268368,9.366745977180784,0.0008955367580508612,0.2084881125262019
2026-01-01 00:33:09,3,44.65264964461055,16.72744146794667,0.0008957185000255159,0.3926664609960271
2026-01-01 00:33:10,0,25.951036682045697,9.968827212364788,0.0002550402337718367,0.31089167453224
2026-01-01 00:33:10,1,21.27391364256807,10.740337381445336,0.0009569499165442885,0.32987707688284096
2026-01-01 00:33:10,2,43.36633636400449,10.055427190660211,0.000399161414381097,0.10244882808651276
2026-01-01 00:33:10,3,75.57829056375962,8.476105817320494,0.00020044761950992158,0.21266326149715542
2026-01-01 00:33:11,0,43.85434346745999,14.163239912590868,0.0002922657640117457,0.16609479357085
2026-01-01 00:33:11,1,13.723903647722093,10.201439543580712,0.0009783409916365358,0.2392018617259299
2026-01-01 00:33:11,2,29.68445954827312,7.374803002742314,0.0005915833046310366,0.06324097522586856
2026-01-01 00:33:11,3,107.13196564838702,13.185067679845563,0.0005142037183611377,0.15455512855091777
2026-01-01 00:33:12,0,24.349851251053728,8.80044664926392,0.00017626025148742179,0.06914620905851121
2026-01-01 00:33:12,1,13.25610150532831,12.12922653860373,8.162897368772204e-05,0.41281079234654255
2026-01-01 00:33:12,2,39.274789007934324,8.58901563106075,0.0005159779411457238,0.07191306764807655
2026-01-01 00:33:12,3,63.95135058527999,15.58689573024432,0.0008740495767327118,0.5531533096494107
2026-01-01 00:33:13,0,60.03291995655166,13.159697584635346,0.0023835228140981555,0.38882402955599416
2026-01-01 00:33:13,1,27.999039178959052,14.923060364600747,0.00019479265721350912,0.11170638631459986
2026-01-01 00:33:13,2,54.34122065127233,9.653217147431667,0.0015335768697721539,0.26988148023506325
2026-01-01 00:33:13,3,41.40061790608637,7.924236942369328,0.0013316026517322976,0.3089060390694901
2026-01-01 00:33:14,0,18.974655095406483,12.518764514706785,0.0022980807376867646,0.02
2026-01-01 00:33:14,1,12.078301769258532,10.452036810255155,0.0013970698185721481,0.16469215419270342
2026-01-01 00:33:14,2,24.315650886665075,4.517106445193527,0.0016382411916987536,0.11496681817381928
2026-01-01 00:33:14,3,62.420835663049466,11.42828355981015,1.3549734870286832e-05,0.47271514482929317
2026-01-01 00:33:15,0,35.81036163889271,6.509808167480117,3.469278905755076e-05,0.2732160554314354
2026-01-01 00:33:15,1,34.72096536668952,13.40860531910906,0.0002079124528368416,0.48458334547941573
2026-01-01 00:33:15,2,41.043337949906146,9.55652574284979,0.0033052977279595746,0.34002109078544684
2026-01-01 00:33:15,3,77.66125003057338,8.276298695313445,0.0013352524002475238,0.2088927782749856
2026-01-01 00:33:16,0,33.54716870920094,10.375255416563533,7.725074021571211e-05,0.4223511096804415
2026-01-01 00:33:16,1,50.04526210523495,14.247996059054667,7.927273339802645e-05,0.39680799390115745
2026-01-01 00:33:16,2,49.25598559478159,12.426710862354787,0.00015796840908950484,0.23864909809761783
2026-01-01 00:33:16,3,16.82370022319715,10.860542641382718,0.0010461654431792415,0.24231062598477457
2026-01-01 00:33:17,0,36.800213102007504,14.239926923990515,0.0009659601623162963,0.36918635175722847
2026-01-01 00:33:17,1,42.73153121654931,9.00481442491644,0.0006792413934996679,0.37350455855453285
2026-01-01 00:33:17,2,49.29383594886764,12.78012988708085,4.044518910886065e-05,0.11242727471485686
2026-01-01 00:33:17,3,50.42955636583113,16.223544109484774,0.0006396261642641698,0.5757668590791588
2026-01-01 00:33:18,0,15.232793321072911,9.19476032385467,0.0001799325639682729,0.23102427038677317
2026-01-01 00:33:18,1,44.554196889069935,7.896526710082622,0.001799294916509269,0.19259830178656126
2026-01-01 00:33:18,2,10.229703357599647,8.759647556164552,0.002964050691021462,0.303557535299386
2026-01-01 00:33:18,3,27.19932402987985,10.252515682716378,0.0034119994725316924,0.2356593028613645
2026-01-01 00:33:19,0,43.64771198744867,11.512630863787892,0.0012931685564807685,0.2944903130312992
2026-01-01 00:33:19,1,82.2032200401614,11.212507313664423,0.0008592834279004213,0.4401574690091106
2026-01-01 00:33:19,2,89.07187478373707,8.850242411750186,0.0011225412780685852,0.12927736040750895
2026-01-01 00:33:19,3,31.727264944979606,11.63504847133165,0.001050657170168342,0.4904016292198185
